-- --------------------------------------------------------
-- Host:                         mysql.santarosadev.xyz
-- Server version:               10.7.8-MariaDB-1:10.7.8+maria~ubu2004 - mariadb.org binary distribution
-- Server OS:                    debian-linux-gnu
-- HeidiSQL Version:             12.6.0.6765
-- --------------------------------------------------------

/*!40101 SET @OLD_CHARACTER_SET_CLIENT=@@CHARACTER_SET_CLIENT */;
/*!40101 SET NAMES utf8 */;
/*!50503 SET NAMES utf8mb4 */;
/*!40103 SET @OLD_TIME_ZONE=@@TIME_ZONE */;
/*!40103 SET TIME_ZONE='+00:00' */;
/*!40014 SET @OLD_FOREIGN_KEY_CHECKS=@@FOREIGN_KEY_CHECKS, FOREIGN_KEY_CHECKS=0 */;
/*!40101 SET @OLD_SQL_MODE=@@SQL_MODE, SQL_MODE='NO_AUTO_VALUE_ON_ZERO' */;
/*!40111 SET @OLD_SQL_NOTES=@@SQL_NOTES, SQL_NOTES=0 */;


-- Dumping database structure for api_ventas
CREATE DATABASE IF NOT EXISTS `api_ventas` /*!40100 DEFAULT CHARACTER SET utf8mb4 COLLATE utf8mb4_general_ci */;
USE `api_ventas`;

-- Dumping structure for table api_ventas.cache
CREATE TABLE IF NOT EXISTS `cache` (
  `key` varchar(255) NOT NULL,
  `value` mediumtext NOT NULL,
  `expiration` int(11) NOT NULL,
  PRIMARY KEY (`key`)
) ENGINE=InnoDB DEFAULT CHARSET=utf8mb4 COLLATE=utf8mb4_unicode_ci;

-- Dumping data for table api_ventas.cache: ~0 rows (approximately)
DELETE FROM `cache`;

-- Dumping structure for table api_ventas.cache_locks
CREATE TABLE IF NOT EXISTS `cache_locks` (
  `key` varchar(255) NOT NULL,
  `owner` varchar(255) NOT NULL,
  `expiration` int(11) NOT NULL,
  PRIMARY KEY (`key`)
) ENGINE=InnoDB DEFAULT CHARSET=utf8mb4 COLLATE=utf8mb4_unicode_ci;

-- Dumping data for table api_ventas.cache_locks: ~0 rows (approximately)
DELETE FROM `cache_locks`;

-- Dumping structure for table api_ventas.clientes
CREATE TABLE IF NOT EXISTS `clientes` (
  `id` bigint(20) unsigned NOT NULL AUTO_INCREMENT,
  `nombres` varchar(255) NOT NULL,
  `apellidos` varchar(255) NOT NULL,
  `cedula` varchar(255) DEFAULT NULL,
  `direccion` varchar(255) DEFAULT NULL,
  `celular` varchar(255) DEFAULT NULL,
  PRIMARY KEY (`id`)
) ENGINE=InnoDB AUTO_INCREMENT=101 DEFAULT CHARSET=utf8mb4 COLLATE=utf8mb4_unicode_ci;

-- Dumping data for table api_ventas.clientes: ~100 rows (approximately)
DELETE FROM `clientes`;
INSERT INTO `clientes` (`id`, `nombres`, `apellidos`, `cedula`, `direccion`, `celular`) VALUES
	(1, 'Guillem', 'Alcántar', '586-110115-6753Y', 'Ruela María Pilar, 274, 7º F, 50737, L\' Velásquez', '+34 937-32-7350'),
	(2, 'Víctor', 'Murillo', '591-011035-3494B', 'Rúa Pedraza, 8, Bajo 6º, 22299, As Polanco', '901 89 5175'),
	(3, 'Alberto', 'Chávez', '121-031141-5630O', 'Camino Giménez, 31, 52º C, 83869, L\' Fajardo', '+34 969496712'),
	(4, 'Berta', 'Coronado', '234-070332-7679L', 'Avenida Natalia, 573, 48º F, 12457, Campos de las Torres', '+34 963 53 3750'),
	(5, 'Pol', 'Vázquez', '027-012554-6010V', 'Passeig Rojas, 33, 7º, 96760, Amaya de Ulla', '910-84-8685'),
	(6, 'Oriol', 'Badillo', '931-100555-1368E', 'Camino Abeyta, 168, 7º, 00575, Mora de la Sierra', '+34 978-80-5724'),
	(7, 'Aaron', 'Ayala', '738-120600-9788U', 'Travesía Alcántar, 36, 26º E, 78204, As Saavedra del Barco', '+34 990 80 6453'),
	(8, 'Salma', 'Meza', '780-092810-1107H', 'Camino Mateo, 276, 1º B, 01776, A Ortega', '+34 927-20-7469'),
	(9, 'Adriana', 'Longoria', '991-122250-8091O', 'Camino Bustos, 385, Bajos, 73537, Os Pichardo de las Torres', '+34 930 692969'),
	(10, 'Nil', 'Valdés', '732-031728-9013A', 'Avenida Adam, 172, 76º E, 57224, Cortés de Lemos', '989 51 8531'),
	(11, 'Gael', 'Burgos', '022-080870-5390T', 'Avinguda Acuña, 729, 4º B, 74930, Las Nevárez', '+34 978-518599'),
	(12, 'Luisa', 'Robles', '762-071374-9120Z', 'Camino Olivera, 422, 78º D, 78902, Los Saldaña', '+34 936 998452'),
	(13, 'Marcos', 'Posada', '025-051974-7653A', 'Plaza Raya, 84, 1º 2º, 42589, El Saldivar', '930-53-2429'),
	(14, 'Leire', 'Rosa', '718-062480-9353X', 'Avenida Mateo, 155, Bajos, 99500, San Valle', '+34 907-734416'),
	(15, 'Malak', 'Ramírez', '307-102797-1535H', 'Avenida Julia, 3, Entre suelo 4º, 39444, Gaitán del Bages', '905-969773'),
	(16, 'Pilar', 'Ramos', '767-120356-3539I', 'Camiño Omar, 6, 11º A, 76001, El Matías', '927 89 0156'),
	(17, 'Francisco', 'Zamudio', '478-061521-3975B', 'Carrer Pedro, 1, 4º C, 50900, Betancourt de Arriba', '+34 960251068'),
	(18, 'Miguel Ángel', 'Burgos', '118-011369-9552I', 'Camiño Llorente, 378, Ático 6º, 09878, Rosales de la Sierra', '981-240729'),
	(19, 'Teresa', 'Posada', '123-060280-3407I', 'Avinguda Mario, 88, Bajo 8º, 74302, Barrera de las Torres', '+34 985-036875'),
	(20, 'Lucas', 'Véliz', '630-062765-2746X', 'Camiño Montoya, 37, Ático 1º, 32091, Los Solorio', '+34 964 943911'),
	(21, 'Olivia', 'Arredondo', '165-090138-7104J', 'Camiño Alonso, 9, 3º C, 40893, Los Hernádez', '900-24-6082'),
	(22, 'Cristian', 'Luis', '212-091607-5647D', 'Passeig Baeza, 4, 18º D, 29192, Las Solorzano', '947-04-2877'),
	(23, 'José Antonio', 'Farías', '724-122560-9060W', 'Avinguda Merino, 2, 02º D, 26563, La Correa de la Sierra', '980 509804'),
	(24, 'Aaron', 'Esparza', '614-061807-3407H', 'Camino Juan José, 393, Ático 8º, 37984, L\' Cervántez del Vallès', '906803751'),
	(25, 'Enrique', 'Pizarro', '587-020561-8700I', 'Ruela Rosario, 19, 25º 1º, 86196, L\' Mota del Pozo', '+34 957-786589'),
	(26, 'Bruno', 'Acosta', '982-100773-8472Q', 'Travessera Villalobos, 19, 8º C, 55633, Heredia del Bages', '+34 978-945001'),
	(27, 'Pilar', 'Esteve', '956-082290-8102R', 'Avinguda Apodaca, 4, 9º A, 75720, As Solorio del Vallès', '900-768760'),
	(28, 'Samuel', 'Trujillo', '093-032736-7465U', 'Camiño Zavala, 768, 10º D, 65324, Barela del Penedès', '+34 911 03 7992'),
	(29, 'Eva', 'Costa', '801-030732-5996F', 'Passeig Alba, 419, 1º D, 23959, Vall Valdés Baja', '916 487050'),
	(30, 'Vera', 'González', '678-041633-2985J', 'Carrer Barajas, 448, Bajos, 80639, L\' Corona', '+34 952 492554'),
	(31, 'José Manuel', 'Soler', '758-070824-7810U', 'Ruela María Pilar, 443, 9º E, 37139, Villa Abeyta de Ulla', '+34 980-79-2076'),
	(32, 'Ariadna', 'Pozo', '355-041515-2651C', 'Calle Margarita, 3, 22º F, 33073, Godínez del Mirador', '968184497'),
	(33, 'Nil', 'Alcaráz', '597-032742-6906X', 'Paseo Castaño, 725, Ático 9º, 10090, San Olivera', '+34 967437974'),
	(34, 'Aina', 'Morán', '970-102056-1696G', 'Avenida Aguayo, 2, Entre suelo 0º, 09137, Vall Godoy', '942-10-5455'),
	(35, 'Berta', 'Olivares', '543-021009-4175R', 'Camiño Rodarte, 64, 95º A, 07898, As Garica', '989-26-0233'),
	(36, 'Beatriz', 'Avilés', '603-091493-1587B', 'Rúa Carlota, 757, 7º, 07447, Las Mercado', '+34 900-99-6530'),
	(37, 'Miguel', 'Jaramillo', '885-110641-7442E', 'Travesía Rubén, 615, 8º F, 95272, A Saucedo', '912917954'),
	(38, 'Carla', 'Herrero', '800-011013-1740J', 'Camino Malave, 761, 35º D, 91235, Más del Pozo', '929-579939'),
	(39, 'Carlos', 'Montaño', '135-081622-9715Z', 'Avenida Acevedo, 58, 49º B, 42117, El Leal', '985 556592'),
	(40, 'Natalia', 'Rivera', '784-041059-2251C', 'Avenida Ainhoa, 4, 60º A, 85825, Pineda de Lemos', '+34 982 026900'),
	(41, 'Jaime', 'Velázquez', '079-050201-7825D', 'Travessera Blasco, 51, Entre suelo 4º, 06415, As Gutiérrez Medio', '+34 946-787313'),
	(42, 'Daniel', 'Blanco', '222-032703-4318N', 'Ronda Ocampo, 1, 00º 8º, 16108, Las Marín de Arriba', '989-696897'),
	(43, 'Margarita', 'Esquivel', '129-041135-9901G', 'Passeig Alejandra, 414, Ático 1º, 77444, Díez del Bages', '+34 949 39 6115'),
	(44, 'Yaiza', 'Robles', '595-080657-4949X', 'Travessera Luisa, 46, 20º A, 35035, As Calderón', '+34 981-469110'),
	(45, 'Iker', 'Naranjo', '280-082671-4929F', 'Avenida Marina, 96, Ático 2º, 72399, Cuellar de San Pedro', '971 62 9397'),
	(46, 'Rocío', 'Apodaca', '604-060506-8240T', 'Travesía Izan, 26, Bajos, 73092, L\' Campos del Mirador', '+34 994300022'),
	(47, 'Pol', 'Tamez', '029-080320-6044R', 'Avinguda Raquel, 84, 1º, 31033, Los Ponce', '932-026830'),
	(48, 'Jaime', 'Ruelas', '969-062849-1768N', 'Rúa Valdez, 5, Ático 2º, 22618, Ruíz de la Sierra', '+34 935013371'),
	(49, 'Iker', 'Acosta', '927-100849-3875O', 'Avenida Ainara, 63, 1º 4º, 34108, Badillo de Ulla', '937713437'),
	(50, 'Ignacio', 'Badillo', '907-123109-8442S', 'Carrer María Ángeles, 92, 6º F, 30969, Guevara del Penedès', '+34 959-265335'),
	(51, 'Raúl', 'Díez', '843-102439-4623Y', 'Plaça Ismael, 667, 8º 0º, 13744, As Aguilar de Lemos', '+34 941683340'),
	(52, 'Juan', 'Melgar', '828-022819-2494H', 'Camiño Naiara, 30, 97º D, 53986, Alva de Lemos', '931 21 7141'),
	(53, 'Jordi', 'Batista', '287-040770-3250D', 'Paseo Oriol, 19, 5º A, 60325, El Navas de San Pedro', '930-49-9922'),
	(54, 'Marta', 'Olivares', '547-051573-5093J', 'Paseo Andrea, 6, 4º C, 54281, Carrasco Alta', '975571597'),
	(55, 'Andrés', 'Olivares', '679-011091-4428F', 'Ruela Biel, 29, 99º A, 18581, Cadena de Lemos', '937499339'),
	(56, 'Gabriel', 'Malave', '229-110240-6311K', 'Avenida Montenegro, 39, 9º E, 13055, O Orosco del Penedès', '+34 995 97 3722'),
	(57, 'Ignacio', 'Armas', '632-121474-8828P', 'Avenida Robles, 852, 4º E, 41596, Cabello del Pozo', '+34 909843509'),
	(58, 'Mateo', 'Huerta', '037-092462-5948H', 'Plaça Aponte, 418, 4º D, 71145, La Riojas', '+34 914-783213'),
	(59, 'Alex', 'Palacios', '135-051053-7216L', 'Plaza Gloria, 34, 27º 4º, 97172, Tejada del Mirador', '+34 974-203971'),
	(60, 'Miguel Ángel', 'Tello', '459-122623-6747W', 'Ronda Llamas, 57, Bajos, 46404, Villa López del Bages', '958 537039'),
	(61, 'Ainhoa', 'Herrero', '409-070710-2659E', 'Rúa Elena, 566, 43º E, 27201, Gaitán Baja', '928 782723'),
	(62, 'María Carmen', 'Barela', '459-022253-9193I', 'Plaza Ceja, 7, 6º E, 61419, Los Magaña del Mirador', '918033922'),
	(63, 'Juana', 'Partida', '088-112853-7302A', 'Avenida Ybarra, 1, 5º D, 46829, Ontiveros de las Torres', '915394796'),
	(64, 'Olivia', 'Zelaya', '319-050832-2763G', 'Passeig Olivo, 3, 1º 2º, 88489, Luna del Barco', '+34 963 06 6446'),
	(65, 'Fernando', 'Benítez', '373-123128-3797I', 'Travesía Ainara, 5, 47º 7º, 46343, A Alarcón de las Torres', '984 18 2741'),
	(66, 'Salma', 'Palomino', '503-111622-2056K', 'Carrer Joel, 3, Bajo 7º, 44629, Villa Murillo del Mirador', '+34 917-092412'),
	(67, 'Margarita', 'Acuña', '924-051780-3069R', 'Camiño Solano, 5, 4º, 68977, Carrero de Arriba', '+34 983431843'),
	(68, 'Luna', 'Arteaga', '004-123156-1830T', 'Plaça Lorenzo, 5, 9º, 14908, A Bustamante', '961 88 1688'),
	(69, 'Jan', 'Tejeda', '407-041247-9789A', 'Ronda Román, 1, 44º F, 13730, O Ureña', '911-525957'),
	(70, 'Vera', 'Jaime', '092-080573-2760I', 'Camiño Emilia, 69, 6º B, 88799, As Lovato', '+34 937-09-9716'),
	(71, 'Julia', 'Carretero', '791-010998-5307E', 'Ruela Salazar, 21, 53º A, 54952, L\' Castro', '930 69 5749'),
	(72, 'Olivia', 'Cotto', '768-102990-3809Q', 'Plaça Nora, 144, 72º A, 11258, Las Calderón del Mirador', '957203026'),
	(73, 'Alma', 'Cadena', '958-032780-5737C', 'Ruela Serra, 3, 4º C, 82684, Caraballo del Penedès', '+34 929 307486'),
	(74, 'Ana Isabel', 'Trejo', '013-040590-4916S', 'Avenida Andrés, 739, 76º 1º, 68050, El Garica del Barco', '+34 911 519778'),
	(75, 'Leire', 'Mejía', '029-112042-9366G', 'Ronda Rueda, 2, 67º 5º, 21680, Acevedo Alta', '917 158398'),
	(76, 'Francisco', 'Santiago', '958-120861-1125V', 'Avinguda Nevárez, 4, 55º A, 58457, Vall Beltrán del Mirador', '933 80 4030'),
	(77, 'Enrique', 'Pascual', '827-081137-8423J', 'Paseo Ainhoa, 276, 49º F, 72759, San Garrido', '987 239487'),
	(78, 'José', 'Medrano', '420-091510-8067W', 'Avenida Carmen, 6, 4º F, 96611, Quintanilla de Lemos', '939194429'),
	(79, 'Óscar', 'Toro', '643-112875-3492P', 'Calle Parra, 51, 12º E, 51210, Gálvez de Ulla', '+34 946216345'),
	(80, 'Esther', 'Jurado', '503-070483-1198W', 'Plaça Juan José, 484, 21º D, 83432, A Arguello', '982 46 9730'),
	(81, 'Juan José', 'Mateos', '536-062318-1894V', 'Plaza Gonzalo, 874, 1º 3º, 10767, El Aguirre', '+34 907 968544'),
	(82, 'Adam', 'Corona', '061-081434-4960R', 'Plaza María Dolores, 9, 3º D, 17723, Nevárez de la Sierra', '+34 950 90 0727'),
	(83, 'Aitor', 'Tejada', '563-050915-8185K', 'Plaza Pereira, 8, 0º C, 55835, La Alvarado del Pozo', '966 178243'),
	(84, 'Rocío', 'Izquierdo', '667-011616-3848Q', 'Ruela Miguel, 5, 2º 5º, 74325, El Velázquez', '+34 966 118231'),
	(85, 'Verónica', 'Conde', '556-101538-5839M', 'Camino Carballo, 41, 1º A, 32971, As Mayorga del Vallès', '922 96 9095'),
	(86, 'María Pilar', 'Delvalle', '423-092678-3232U', 'Carrer Montalvo, 28, 82º C, 80824, Os Orosco del Bages', '+34 963292968'),
	(87, 'Jon', 'Alejandro', '248-092557-1517M', 'Plaza Manuel, 525, Entre suelo 0º, 77141, A Zayas del Penedès', '997 532812'),
	(88, 'Victoria', 'Rosario', '498-050544-6257R', 'Carrer Ortíz, 4, 0º E, 20220, A Calderón del Puerto', '+34 953 241684'),
	(89, 'Manuela', 'Arias', '364-041467-6495L', 'Ruela Zapata, 53, Bajos, 72566, Las Vélez del Puerto', '+34 905964526'),
	(90, 'Valentina', 'Macías', '721-030722-4111C', 'Praza Gálvez, 1, 55º E, 18715, Os Villanueva', '921 62 4963'),
	(91, 'Amparo', 'Tello', '972-090636-2906R', 'Praza Pablo, 9, Entre suelo 0º, 03225, O Feliciano', '971 309249'),
	(92, 'Arnau', 'Elizondo', '571-022460-3637S', 'Rúa Salvador, 292, 23º A, 80419, Duarte de Ulla', '+34 956-440300'),
	(93, 'Yolanda', 'Brito', '405-020322-7270Y', 'Passeig Guillem, 1, 19º A, 77276, Alcántar del Puerto', '935 296602'),
	(94, 'Aitor', 'Girón', '150-032593-1602K', 'Paseo Alva, 22, 8º D, 86122, A Chacón', '905-851612'),
	(95, 'Luisa', 'Lázaro', '516-123068-2393R', 'Camiño Clara, 680, Entre suelo 5º, 94833, L\' Calvillo', '+34 965 261256'),
	(96, 'Laia', 'Deleón', '229-021813-2228W', 'Plaza Lara, 75, 6º E, 88425, Puente del Penedès', '990 14 3863'),
	(97, 'Hugo', 'Tello', '039-040708-3412T', 'Calle Lucas, 251, Entre suelo 4º, 82424, Villa Dueñas', '927-757447'),
	(98, 'Francisca', 'Rodarte', '014-060891-3609C', 'Praza Fernando, 2, 65º F, 80719, L\' Marroquín', '+34 994-695841'),
	(99, 'Julia', 'Sotelo', '387-092489-9942G', 'Rúa Castillo, 894, 7º 2º, 70613, As Mota de las Torres', '965-12-2396'),
	(100, 'Rosa María', 'Atencio', '293-081110-5482Z', 'Plaza Martí, 2, 6º 5º, 63625, As Carrasco del Puerto', '989 859645');

-- Dumping structure for table api_ventas.compras
CREATE TABLE IF NOT EXISTS `compras` (
  `id` bigint(20) unsigned NOT NULL AUTO_INCREMENT,
  `proveedor_id` bigint(20) unsigned DEFAULT NULL,
  `fecha` varchar(255) NOT NULL,
  `monto` double DEFAULT NULL,
  PRIMARY KEY (`id`),
  KEY `compras_proveedor_id_foreign` (`proveedor_id`),
  CONSTRAINT `compras_proveedor_id_foreign` FOREIGN KEY (`proveedor_id`) REFERENCES `proveedores` (`id`)
) ENGINE=InnoDB AUTO_INCREMENT=401 DEFAULT CHARSET=utf8mb4 COLLATE=utf8mb4_unicode_ci;

-- Dumping data for table api_ventas.compras: ~400 rows (approximately)
DELETE FROM `compras`;
INSERT INTO `compras` (`id`, `proveedor_id`, `fecha`, `monto`) VALUES
	(1, 100, '2015-10-11', 2),
	(2, 53, '1979-11-13', 16),
	(3, 19, '2020-10-20', 73),
	(4, 49, '2000-06-06', 64),
	(5, 91, '1995-06-30', 22),
	(6, 17, '2005-03-02', 50),
	(7, 57, '1985-03-22', 60),
	(8, 22, '1984-12-07', 26),
	(9, 50, '1973-09-12', 17),
	(10, 33, '2016-01-31', 37),
	(11, 23, '2021-07-07', 67),
	(12, 26, '2011-05-21', 10),
	(13, 33, '1982-01-03', 51),
	(14, 91, '1978-01-17', 46),
	(15, 45, '2023-03-06', 35),
	(16, 93, '2014-07-17', 58),
	(17, 96, '1995-10-21', 87),
	(18, 55, '2012-08-31', 2),
	(19, 4, '1988-12-28', 72),
	(20, 20, '2009-05-27', 88),
	(21, 6, '2024-06-14', 45),
	(22, 25, '1973-10-14', 99),
	(23, 95, '2017-03-12', 32),
	(24, 37, '1994-12-23', 31),
	(25, 73, '2013-06-28', 25),
	(26, 57, '2001-12-20', 81),
	(27, 71, '1976-09-24', 89),
	(28, 47, '1987-01-04', 21),
	(29, 81, '1991-01-30', 46),
	(30, 43, '1981-04-06', 43),
	(31, 16, '1994-07-09', 2),
	(32, 69, '1982-12-24', 97),
	(33, 5, '2000-04-27', 41),
	(34, 45, '1971-09-06', 17),
	(35, 60, '2023-07-18', 58),
	(36, 78, '2003-01-17', 9),
	(37, 57, '1997-01-13', 24),
	(38, 91, '1979-05-19', 95),
	(39, 89, '1999-02-02', 81),
	(40, 65, '2009-07-14', 17),
	(41, 41, '1970-01-31', 60),
	(42, 27, '1991-06-20', 95),
	(43, 78, '2019-11-27', 58),
	(44, 29, '2004-02-05', 31),
	(45, 34, '2016-08-09', 72),
	(46, 88, '2019-04-21', 57),
	(47, 31, '1975-05-21', 24),
	(48, 58, '1993-10-27', 48),
	(49, 82, '2010-08-17', 2),
	(50, 25, '1972-05-06', 39),
	(51, 26, '1979-05-06', 58),
	(52, 35, '1986-03-18', 84),
	(53, 41, '1992-04-10', 61),
	(54, 4, '2011-02-24', 76),
	(55, 25, '2015-09-16', 31),
	(56, 15, '1970-10-10', 63),
	(57, 4, '2012-11-11', 14),
	(58, 61, '2021-07-12', 26),
	(59, 91, '2000-09-16', 63),
	(60, 43, '2008-12-28', 44),
	(61, 88, '2019-04-02', 48),
	(62, 4, '1972-11-01', 32),
	(63, 70, '1997-12-23', 2),
	(64, 62, '1999-04-01', 62),
	(65, 8, '1994-12-31', 37),
	(66, 1, '2008-09-03', 57),
	(67, 15, '1983-06-09', 89),
	(68, 51, '2017-05-27', 52),
	(69, 27, '2019-01-23', 29),
	(70, 84, '1989-06-11', 33),
	(71, 89, '2020-05-12', 14),
	(72, 31, '2022-02-17', 14),
	(73, 63, '2016-07-20', 93),
	(74, 21, '1976-09-11', 39),
	(75, 77, '2019-07-06', 40),
	(76, 13, '1984-11-15', 95),
	(77, 60, '1982-06-11', 73),
	(78, 37, '1995-06-07', 97),
	(79, 58, '2022-06-30', 18),
	(80, 28, '1975-07-16', 29),
	(81, 38, '2017-06-10', 59),
	(82, 39, '1997-10-02', 88),
	(83, 14, '2006-03-30', 55),
	(84, 14, '1986-08-31', 38),
	(85, 14, '1970-02-01', 70),
	(86, 5, '1998-12-22', 78),
	(87, 21, '2007-03-22', 31),
	(88, 28, '2013-02-25', 65),
	(89, 88, '2022-12-10', 23),
	(90, 62, '1991-03-01', 84),
	(91, 96, '1983-04-19', 28),
	(92, 13, '2017-03-08', 49),
	(93, 96, '1980-11-17', 11),
	(94, 52, '1986-05-15', 16),
	(95, 1, '2020-04-20', 74),
	(96, 52, '1979-09-13', 30),
	(97, 37, '1985-12-21', 56),
	(98, 54, '2004-07-26', 92),
	(99, 87, '1982-06-04', 58),
	(100, 19, '1999-09-10', 87),
	(101, 25, '1975-03-24', 16),
	(102, 83, '1979-06-16', 64),
	(103, 24, '2013-12-31', 93),
	(104, 39, '1998-12-29', 68),
	(105, 96, '2022-02-23', 81),
	(106, 80, '2008-10-29', 56),
	(107, 74, '2002-01-15', 88),
	(108, 15, '2019-02-17', 93),
	(109, 7, '1978-05-09', 5),
	(110, 84, '2003-11-20', 85),
	(111, 98, '1994-10-08', 99),
	(112, 83, '2011-02-02', 83),
	(113, 45, '2009-07-09', 37),
	(114, 28, '2020-02-24', 65),
	(115, 68, '2004-12-25', 83),
	(116, 7, '2005-03-21', 69),
	(117, 1, '2020-10-25', 11),
	(118, 48, '1973-01-25', 22),
	(119, 37, '2008-12-05', 80),
	(120, 78, '2004-07-04', 82),
	(121, 29, '2013-10-25', 56),
	(122, 97, '2003-07-23', 32),
	(123, 43, '2013-08-15', 68),
	(124, 97, '1971-03-02', 96),
	(125, 90, '1990-04-28', 25),
	(126, 27, '2019-06-02', 24),
	(127, 51, '1995-07-26', 95),
	(128, 38, '1990-07-30', 88),
	(129, 81, '2012-06-04', 40),
	(130, 70, '2004-02-26', 11),
	(131, 52, '1971-10-26', 5),
	(132, 36, '2016-01-24', 35),
	(133, 33, '2013-12-05', 37),
	(134, 43, '1988-01-02', 32),
	(135, 98, '1976-03-29', 17),
	(136, 28, '2023-12-29', 91),
	(137, 68, '1994-02-01', 82),
	(138, 9, '2004-03-04', 69),
	(139, 15, '2017-12-31', 70),
	(140, 86, '2009-08-13', 66),
	(141, 67, '2010-12-29', 94),
	(142, 100, '2008-05-03', 9),
	(143, 38, '2011-02-27', 9),
	(144, 98, '2014-11-25', 27),
	(145, 78, '2002-09-17', 60),
	(146, 77, '2001-06-24', 58),
	(147, 67, '1974-06-18', 10),
	(148, 34, '2007-06-18', 62),
	(149, 88, '1997-08-29', 77),
	(150, 26, '1981-03-22', 8),
	(151, 64, '1990-11-28', 88),
	(152, 17, '2017-07-05', 95),
	(153, 27, '1986-02-10', 82),
	(154, 10, '1972-07-26', 1),
	(155, 100, '2019-08-28', 83),
	(156, 76, '1984-04-09', 65),
	(157, 51, '1989-07-10', 84),
	(158, 37, '2002-02-28', 86),
	(159, 72, '2006-12-04', 12),
	(160, 36, '1990-09-22', 37),
	(161, 67, '2015-12-08', 56),
	(162, 70, '1973-07-11', 41),
	(163, 35, '1983-11-11', 88),
	(164, 90, '2002-09-29', 87),
	(165, 31, '2019-01-17', 83),
	(166, 98, '2003-06-06', 56),
	(167, 81, '1975-05-25', 50),
	(168, 6, '2020-02-15', 34),
	(169, 37, '1973-09-19', 95),
	(170, 99, '1999-02-10', 46),
	(171, 22, '1984-04-01', 15),
	(172, 29, '2006-10-21', 99),
	(173, 6, '1999-03-17', 56),
	(174, 10, '2021-06-21', 33),
	(175, 90, '2002-11-15', 12),
	(176, 90, '2009-01-03', 75),
	(177, 80, '2009-10-27', 69),
	(178, 54, '1997-01-11', 36),
	(179, 40, '1982-08-11', 31),
	(180, 2, '1999-08-03', 63),
	(181, 96, '1996-01-21', 51),
	(182, 27, '1997-09-17', 56),
	(183, 72, '2005-04-30', 50),
	(184, 29, '1973-02-03', 51),
	(185, 4, '1971-03-15', 79),
	(186, 66, '2008-12-19', 88),
	(187, 50, '2003-01-09', 13),
	(188, 10, '1994-10-11', 77),
	(189, 52, '1976-04-23', 41),
	(190, 42, '2022-03-11', 62),
	(191, 61, '1995-08-17', 58),
	(192, 33, '1999-06-01', 33),
	(193, 37, '1975-07-08', 56),
	(194, 81, '2001-11-29', 90),
	(195, 34, '2008-08-18', 80),
	(196, 53, '2015-08-07', 57),
	(197, 47, '1994-12-20', 84),
	(198, 89, '2023-11-09', 87),
	(199, 71, '2003-12-05', 68),
	(200, 18, '2014-02-02', 61),
	(201, 76, '1988-07-28', 43),
	(202, 65, '2021-06-19', 7),
	(203, 15, '2002-05-21', 87),
	(204, 67, '2021-05-27', 29),
	(205, 60, '1974-09-29', 37),
	(206, 21, '2001-12-16', 43),
	(207, 8, '1998-07-13', 12),
	(208, 19, '1975-07-22', 4),
	(209, 28, '2005-11-01', 24),
	(210, 93, '2017-10-30', 97),
	(211, 30, '2023-03-14', 27),
	(212, 44, '1973-12-26', 30),
	(213, 36, '1970-04-14', 12),
	(214, 51, '2014-02-24', 89),
	(215, 12, '1996-06-28', 27),
	(216, 86, '1987-06-22', 93),
	(217, 34, '1999-07-06', 22),
	(218, 55, '1980-12-18', 69),
	(219, 31, '1971-06-20', 57),
	(220, 58, '2005-11-24', 80),
	(221, 21, '2014-08-25', 99),
	(222, 90, '1978-12-12', 42),
	(223, 63, '1971-07-22', 49),
	(224, 57, '2007-07-08', 87),
	(225, 92, '2019-01-31', 69),
	(226, 89, '2016-04-21', 72),
	(227, 5, '2005-05-27', 34),
	(228, 92, '2007-07-26', 2),
	(229, 51, '2008-05-29', 27),
	(230, 61, '1972-02-10', 25),
	(231, 67, '2005-11-25', 16),
	(232, 17, '2001-09-17', 96),
	(233, 22, '1973-04-28', 4),
	(234, 35, '2010-06-20', 86),
	(235, 21, '1971-06-28', 87),
	(236, 58, '1987-05-28', 85),
	(237, 83, '2015-03-16', 32),
	(238, 16, '1998-12-24', 25),
	(239, 10, '2004-07-21', 26),
	(240, 17, '2015-02-04', 23),
	(241, 16, '1982-10-06', 79),
	(242, 74, '2022-12-09', 44),
	(243, 46, '2018-04-13', 87),
	(244, 18, '1997-07-31', 62),
	(245, 72, '1973-04-21', 78),
	(246, 71, '1977-01-13', 97),
	(247, 7, '1974-03-22', 2),
	(248, 23, '1986-01-16', 19),
	(249, 56, '1975-03-24', 45),
	(250, 86, '1991-01-28', 21),
	(251, 3, '2009-09-18', 28),
	(252, 48, '2015-04-01', 79),
	(253, 91, '1997-08-14', 50),
	(254, 99, '1991-01-04', 51),
	(255, 64, '2019-06-04', 65),
	(256, 58, '2010-01-21', 21),
	(257, 25, '1990-03-26', 13),
	(258, 74, '2017-05-19', 29),
	(259, 6, '1982-09-25', 37),
	(260, 74, '1971-06-11', 93),
	(261, 62, '1973-03-02', 89),
	(262, 82, '1988-06-24', 9),
	(263, 47, '1980-10-10', 81),
	(264, 54, '1989-10-01', 60),
	(265, 99, '2022-06-29', 38),
	(266, 51, '1978-01-24', 20),
	(267, 24, '2007-08-28', 1),
	(268, 36, '1980-03-17', 88),
	(269, 51, '2021-02-15', 82),
	(270, 100, '2014-11-09', 96),
	(271, 37, '2013-10-24', 49),
	(272, 72, '1983-03-05', 17),
	(273, 52, '1986-11-08', 42),
	(274, 72, '2005-06-24', 95),
	(275, 16, '1971-06-06', 34),
	(276, 69, '1979-05-28', 72),
	(277, 86, '2015-12-14', 75),
	(278, 6, '2013-09-06', 68),
	(279, 36, '2000-02-12', 30),
	(280, 38, '1998-03-03', 62),
	(281, 3, '2021-02-03', 60),
	(282, 49, '2019-05-08', 21),
	(283, 90, '2007-04-10', 70),
	(284, 92, '2009-08-01', 24),
	(285, 81, '2009-11-03', 89),
	(286, 26, '1993-02-15', 88),
	(287, 57, '2002-12-30', 8),
	(288, 92, '2003-07-02', 80),
	(289, 93, '1982-01-23', 9),
	(290, 64, '2007-02-02', 88),
	(291, 64, '1995-01-22', 2),
	(292, 77, '2019-01-16', 17),
	(293, 97, '1992-11-28', 96),
	(294, 18, '2010-01-02', 43),
	(295, 79, '2002-07-06', 42),
	(296, 16, '2017-05-27', 76),
	(297, 19, '1994-12-28', 16),
	(298, 14, '1994-04-02', 18),
	(299, 97, '2002-07-18', 90),
	(300, 16, '2012-07-22', 51),
	(301, 63, '1998-12-21', 24),
	(302, 99, '2020-01-23', 77),
	(303, 65, '1979-08-29', 24),
	(304, 35, '2011-01-03', 35),
	(305, 9, '2009-01-22', 4),
	(306, 51, '2006-08-18', 19),
	(307, 63, '1977-03-10', 19),
	(308, 35, '1977-08-20', 40),
	(309, 56, '2013-11-13', 80),
	(310, 27, '1979-12-25', 84),
	(311, 28, '1996-02-25', 36),
	(312, 6, '1986-07-23', 14),
	(313, 83, '1998-01-23', 30),
	(314, 92, '2024-01-21', 49),
	(315, 3, '2001-05-14', 36),
	(316, 6, '1971-05-21', 61),
	(317, 2, '2017-04-09', 42),
	(318, 44, '2012-12-15', 82),
	(319, 54, '2018-02-04', 42),
	(320, 63, '1974-03-05', 77),
	(321, 11, '2024-07-20', 82),
	(322, 43, '1992-02-06', 74),
	(323, 87, '1981-07-16', 23),
	(324, 39, '1981-06-18', 80),
	(325, 2, '2006-04-18', 22),
	(326, 12, '1999-08-10', 13),
	(327, 39, '1990-10-15', 71),
	(328, 47, '1993-07-06', 27),
	(329, 14, '2001-10-20', 18),
	(330, 58, '2016-09-03', 35),
	(331, 52, '2003-04-08', 93),
	(332, 100, '1979-05-13', 48),
	(333, 3, '2013-06-27', 30),
	(334, 85, '2011-04-11', 86),
	(335, 26, '2011-08-06', 31),
	(336, 77, '1985-03-26', 55),
	(337, 95, '2016-10-16', 52),
	(338, 16, '2017-12-27', 31),
	(339, 95, '2023-05-11', 89),
	(340, 28, '1998-09-05', 14),
	(341, 7, '1971-02-19', 93),
	(342, 64, '1971-09-25', 21),
	(343, 65, '1973-08-03', 52),
	(344, 42, '1995-06-10', 77),
	(345, 3, '1974-07-22', 71),
	(346, 58, '2015-07-14', 18),
	(347, 29, '1971-08-28', 14),
	(348, 94, '1982-06-02', 95),
	(349, 18, '2006-02-28', 50),
	(350, 11, '2012-02-03', 71),
	(351, 65, '2008-03-01', 65),
	(352, 10, '1987-05-11', 89),
	(353, 26, '1998-06-26', 74),
	(354, 96, '2018-05-01', 63),
	(355, 39, '2007-03-18', 29),
	(356, 33, '1984-07-27', 47),
	(357, 58, '1987-12-16', 88),
	(358, 56, '1971-09-27', 11),
	(359, 39, '1970-08-30', 97),
	(360, 50, '1997-04-18', 41),
	(361, 49, '1970-04-13', 68),
	(362, 43, '1972-04-23', 84),
	(363, 94, '2012-12-21', 1),
	(364, 58, '2020-06-18', 31),
	(365, 100, '1976-06-07', 4),
	(366, 52, '1988-08-05', 85),
	(367, 99, '1978-06-15', 13),
	(368, 5, '2009-05-03', 94),
	(369, 66, '2015-11-02', 36),
	(370, 82, '2008-11-11', 58),
	(371, 93, '2013-01-13', 28),
	(372, 27, '1984-01-25', 70),
	(373, 60, '2022-03-19', 74),
	(374, 7, '2018-09-12', 80),
	(375, 83, '1982-04-02', 71),
	(376, 22, '2003-05-12', 58),
	(377, 60, '1974-01-26', 30),
	(378, 65, '2009-03-08', 39),
	(379, 64, '2012-09-09', 58),
	(380, 66, '1987-11-03', 12),
	(381, 50, '2009-06-25', 49),
	(382, 66, '1983-12-24', 66),
	(383, 63, '2022-03-31', 38),
	(384, 3, '1997-10-20', 56),
	(385, 80, '2011-07-18', 17),
	(386, 46, '1990-02-03', 69),
	(387, 95, '2008-07-23', 45),
	(388, 23, '2023-05-12', 67),
	(389, 25, '1982-10-24', 61),
	(390, 59, '2019-07-01', 78),
	(391, 20, '1994-09-26', 73),
	(392, 28, '2007-01-04', 22),
	(393, 44, '1975-07-04', 71),
	(394, 48, '2019-06-30', 65),
	(395, 44, '2021-03-12', 89),
	(396, 79, '1988-05-04', 37),
	(397, 49, '1986-06-20', 60),
	(398, 98, '2003-07-07', 2),
	(399, 17, '1981-12-29', 81),
	(400, 65, '1983-08-17', 49);

-- Dumping structure for table api_ventas.compra_detalle
CREATE TABLE IF NOT EXISTS `compra_detalle` (
  `id` bigint(20) unsigned NOT NULL AUTO_INCREMENT,
  `producto_id` bigint(20) unsigned DEFAULT NULL,
  `compra_id` bigint(20) unsigned DEFAULT NULL,
  `cantidad` double DEFAULT NULL,
  `precio` double DEFAULT NULL,
  `subtotal` double DEFAULT NULL,
  PRIMARY KEY (`id`),
  KEY `compra_detalle_producto_id_foreign` (`producto_id`),
  KEY `compra_detalle_compra_id_foreign` (`compra_id`),
  CONSTRAINT `compra_detalle_compra_id_foreign` FOREIGN KEY (`compra_id`) REFERENCES `compras` (`id`),
  CONSTRAINT `compra_detalle_producto_id_foreign` FOREIGN KEY (`producto_id`) REFERENCES `productos` (`id`)
) ENGINE=InnoDB AUTO_INCREMENT=2188 DEFAULT CHARSET=utf8mb4 COLLATE=utf8mb4_unicode_ci;

-- Dumping data for table api_ventas.compra_detalle: ~2,187 rows (approximately)
DELETE FROM `compra_detalle`;
INSERT INTO `compra_detalle` (`id`, `producto_id`, `compra_id`, `cantidad`, `precio`, `subtotal`) VALUES
	(1, 50, 1, 88, 72, 6336),
	(2, 85, 1, 88, 72, 6336),
	(3, 129, 1, 88, 72, 6336),
	(4, 261, 1, 88, 72, 6336),
	(5, 287, 1, 88, 72, 6336),
	(6, 335, 1, 88, 72, 6336),
	(7, 339, 1, 88, 72, 6336),
	(8, 367, 1, 88, 72, 6336),
	(9, 383, 1, 88, 72, 6336),
	(10, 116, 2, 16, 30, 480),
	(11, 145, 2, 16, 30, 480),
	(12, 245, 2, 16, 30, 480),
	(13, 247, 2, 16, 30, 480),
	(14, 331, 2, 16, 30, 480),
	(15, 51, 3, 24, 22, 528),
	(16, 106, 3, 24, 22, 528),
	(17, 144, 3, 24, 22, 528),
	(18, 167, 3, 24, 22, 528),
	(19, 188, 3, 24, 22, 528),
	(20, 304, 3, 24, 22, 528),
	(21, 391, 3, 24, 22, 528),
	(22, 47, 4, 15, 31, 465),
	(23, 48, 4, 15, 31, 465),
	(24, 113, 4, 15, 31, 465),
	(25, 121, 4, 15, 31, 465),
	(26, 198, 4, 15, 31, 465),
	(27, 203, 4, 15, 31, 465),
	(28, 302, 4, 15, 31, 465),
	(29, 386, 4, 15, 31, 465),
	(30, 20, 5, 39, 10, 390),
	(31, 287, 5, 39, 10, 390),
	(32, 337, 5, 39, 10, 390),
	(33, 381, 5, 39, 10, 390),
	(34, 10, 6, 8, 85, 680),
	(35, 48, 7, 20, 29, 580),
	(36, 58, 7, 20, 29, 580),
	(37, 65, 7, 20, 29, 580),
	(38, 95, 7, 20, 29, 580),
	(39, 134, 7, 20, 29, 580),
	(40, 141, 7, 20, 29, 580),
	(41, 269, 7, 20, 29, 580),
	(42, 302, 7, 20, 29, 580),
	(43, 322, 7, 20, 29, 580),
	(44, 355, 7, 20, 29, 580),
	(45, 71, 8, 24, 41, 984),
	(46, 89, 8, 24, 41, 984),
	(47, 100, 8, 24, 41, 984),
	(48, 188, 8, 24, 41, 984),
	(49, 88, 9, 25, 79, 1975),
	(50, 128, 9, 25, 79, 1975),
	(51, 153, 9, 25, 79, 1975),
	(52, 180, 9, 25, 79, 1975),
	(53, 225, 9, 25, 79, 1975),
	(54, 300, 9, 25, 79, 1975),
	(55, 313, 9, 25, 79, 1975),
	(56, 358, 9, 25, 79, 1975),
	(57, 400, 9, 25, 79, 1975),
	(58, 10, 10, 53, 80, 4240),
	(59, 16, 10, 53, 80, 4240),
	(60, 32, 10, 53, 80, 4240),
	(61, 74, 10, 53, 80, 4240),
	(62, 89, 10, 53, 80, 4240),
	(63, 143, 10, 53, 80, 4240),
	(64, 199, 10, 53, 80, 4240),
	(65, 216, 10, 53, 80, 4240),
	(66, 335, 10, 53, 80, 4240),
	(67, 126, 11, 56, 18, 1008),
	(68, 100, 12, 72, 81, 5832),
	(69, 176, 12, 72, 81, 5832),
	(70, 181, 12, 72, 81, 5832),
	(71, 187, 12, 72, 81, 5832),
	(72, 255, 12, 72, 81, 5832),
	(73, 261, 12, 72, 81, 5832),
	(74, 275, 12, 72, 81, 5832),
	(75, 293, 12, 72, 81, 5832),
	(76, 314, 12, 72, 81, 5832),
	(77, 52, 13, 31, 18, 558),
	(78, 113, 13, 31, 18, 558),
	(79, 147, 13, 31, 18, 558),
	(80, 154, 13, 31, 18, 558),
	(81, 23, 14, 81, 47, 3807),
	(82, 181, 14, 81, 47, 3807),
	(83, 225, 14, 81, 47, 3807),
	(84, 246, 14, 81, 47, 3807),
	(85, 339, 14, 81, 47, 3807),
	(86, 363, 14, 81, 47, 3807),
	(87, 380, 14, 81, 47, 3807),
	(88, 390, 14, 81, 47, 3807),
	(89, 14, 15, 7, 44, 308),
	(90, 20, 15, 7, 44, 308),
	(91, 144, 15, 7, 44, 308),
	(92, 242, 15, 7, 44, 308),
	(93, 317, 15, 7, 44, 308),
	(94, 1, 16, 55, 68, 3740),
	(95, 33, 16, 55, 68, 3740),
	(96, 160, 16, 55, 68, 3740),
	(97, 253, 16, 55, 68, 3740),
	(98, 281, 16, 55, 68, 3740),
	(99, 294, 16, 55, 68, 3740),
	(100, 4, 17, 35, 48, 1680),
	(101, 121, 17, 35, 48, 1680),
	(102, 200, 17, 35, 48, 1680),
	(103, 304, 17, 35, 48, 1680),
	(104, 391, 17, 35, 48, 1680),
	(105, 29, 18, 82, 57, 4674),
	(106, 46, 18, 82, 57, 4674),
	(107, 140, 18, 82, 57, 4674),
	(108, 161, 18, 82, 57, 4674),
	(109, 180, 18, 82, 57, 4674),
	(110, 205, 18, 82, 57, 4674),
	(111, 215, 18, 82, 57, 4674),
	(112, 278, 18, 82, 57, 4674),
	(113, 333, 18, 82, 57, 4674),
	(114, 388, 18, 82, 57, 4674),
	(115, 137, 19, 80, 93, 7440),
	(116, 193, 19, 80, 93, 7440),
	(117, 229, 19, 80, 93, 7440),
	(118, 33, 20, 64, 47, 3008),
	(119, 56, 20, 64, 47, 3008),
	(120, 84, 20, 64, 47, 3008),
	(121, 115, 20, 64, 47, 3008),
	(122, 127, 20, 64, 47, 3008),
	(123, 130, 20, 64, 47, 3008),
	(124, 193, 20, 64, 47, 3008),
	(125, 225, 20, 64, 47, 3008),
	(126, 274, 20, 64, 47, 3008),
	(127, 280, 20, 64, 47, 3008),
	(128, 72, 21, 80, 55, 4400),
	(129, 79, 21, 80, 55, 4400),
	(130, 96, 21, 80, 55, 4400),
	(131, 173, 21, 80, 55, 4400),
	(132, 182, 21, 80, 55, 4400),
	(133, 215, 21, 80, 55, 4400),
	(134, 265, 21, 80, 55, 4400),
	(135, 396, 21, 80, 55, 4400),
	(136, 30, 22, 39, 32, 1248),
	(137, 56, 22, 39, 32, 1248),
	(138, 145, 22, 39, 32, 1248),
	(139, 155, 22, 39, 32, 1248),
	(140, 168, 22, 39, 32, 1248),
	(141, 186, 22, 39, 32, 1248),
	(142, 187, 22, 39, 32, 1248),
	(143, 293, 22, 39, 32, 1248),
	(144, 398, 22, 39, 32, 1248),
	(145, 288, 23, 44, 77, 3388),
	(146, 386, 23, 44, 77, 3388),
	(147, 201, 24, 83, 78, 6474),
	(148, 48, 25, 22, 91, 2002),
	(149, 197, 25, 22, 91, 2002),
	(150, 204, 25, 22, 91, 2002),
	(151, 205, 25, 22, 91, 2002),
	(152, 216, 25, 22, 91, 2002),
	(153, 369, 25, 22, 91, 2002),
	(154, 21, 26, 73, 12, 876),
	(155, 32, 26, 73, 12, 876),
	(156, 112, 26, 73, 12, 876),
	(157, 207, 26, 73, 12, 876),
	(158, 234, 26, 73, 12, 876),
	(159, 249, 26, 73, 12, 876),
	(160, 343, 26, 73, 12, 876),
	(161, 359, 26, 73, 12, 876),
	(162, 394, 26, 73, 12, 876),
	(163, 137, 27, 35, 62, 2170),
	(164, 138, 27, 35, 62, 2170),
	(165, 180, 27, 35, 62, 2170),
	(166, 189, 27, 35, 62, 2170),
	(167, 334, 27, 35, 62, 2170),
	(168, 342, 27, 35, 62, 2170),
	(169, 356, 27, 35, 62, 2170),
	(170, 120, 28, 16, 62, 992),
	(171, 140, 28, 16, 62, 992),
	(172, 235, 28, 16, 62, 992),
	(173, 354, 28, 16, 62, 992),
	(174, 54, 29, 12, 74, 888),
	(175, 180, 29, 12, 74, 888),
	(176, 188, 29, 12, 74, 888),
	(177, 220, 29, 12, 74, 888),
	(178, 225, 29, 12, 74, 888),
	(179, 256, 29, 12, 74, 888),
	(180, 313, 29, 12, 74, 888),
	(181, 349, 29, 12, 74, 888),
	(182, 387, 29, 12, 74, 888),
	(183, 66, 30, 72, 34, 2448),
	(184, 82, 30, 72, 34, 2448),
	(185, 89, 30, 72, 34, 2448),
	(186, 104, 30, 72, 34, 2448),
	(187, 167, 30, 72, 34, 2448),
	(188, 213, 30, 72, 34, 2448),
	(189, 255, 30, 72, 34, 2448),
	(190, 307, 30, 72, 34, 2448),
	(191, 314, 30, 72, 34, 2448),
	(192, 371, 30, 72, 34, 2448),
	(193, 9, 31, 15, 66, 990),
	(194, 173, 31, 15, 66, 990),
	(195, 314, 31, 15, 66, 990),
	(196, 317, 31, 15, 66, 990),
	(197, 322, 31, 15, 66, 990),
	(198, 391, 31, 15, 66, 990),
	(199, 148, 32, 42, 66, 2772),
	(200, 201, 32, 42, 66, 2772),
	(201, 224, 32, 42, 66, 2772),
	(202, 351, 32, 42, 66, 2772),
	(203, 364, 32, 42, 66, 2772),
	(204, 18, 33, 34, 80, 2720),
	(205, 180, 33, 34, 80, 2720),
	(206, 238, 33, 34, 80, 2720),
	(207, 372, 33, 34, 80, 2720),
	(208, 380, 33, 34, 80, 2720),
	(209, 42, 34, 18, 18, 324),
	(210, 185, 34, 18, 18, 324),
	(211, 199, 34, 18, 18, 324),
	(212, 358, 35, 97, 77, 7469),
	(213, 133, 36, 80, 45, 3600),
	(214, 147, 36, 80, 45, 3600),
	(215, 154, 36, 80, 45, 3600),
	(216, 234, 36, 80, 45, 3600),
	(217, 308, 36, 80, 45, 3600),
	(218, 328, 36, 80, 45, 3600),
	(219, 17, 37, 55, 39, 2145),
	(220, 49, 37, 55, 39, 2145),
	(221, 144, 37, 55, 39, 2145),
	(222, 180, 37, 55, 39, 2145),
	(223, 262, 37, 55, 39, 2145),
	(224, 273, 37, 55, 39, 2145),
	(225, 289, 37, 55, 39, 2145),
	(226, 356, 37, 55, 39, 2145),
	(227, 373, 37, 55, 39, 2145),
	(228, 161, 38, 89, 77, 6853),
	(229, 166, 38, 89, 77, 6853),
	(230, 10, 39, 48, 34, 1632),
	(231, 14, 39, 48, 34, 1632),
	(232, 88, 39, 48, 34, 1632),
	(233, 146, 39, 48, 34, 1632),
	(234, 148, 39, 48, 34, 1632),
	(235, 255, 39, 48, 34, 1632),
	(236, 387, 39, 48, 34, 1632),
	(237, 241, 40, 86, 6, 516),
	(238, 362, 41, 21, 51, 1071),
	(239, 117, 42, 67, 50, 3350),
	(240, 171, 42, 67, 50, 3350),
	(241, 19, 43, 14, 36, 504),
	(242, 25, 43, 14, 36, 504),
	(243, 44, 43, 14, 36, 504),
	(244, 148, 43, 14, 36, 504),
	(245, 181, 43, 14, 36, 504),
	(246, 199, 43, 14, 36, 504),
	(247, 218, 43, 14, 36, 504),
	(248, 235, 43, 14, 36, 504),
	(249, 243, 43, 14, 36, 504),
	(250, 121, 44, 83, 50, 4150),
	(251, 149, 44, 83, 50, 4150),
	(252, 315, 44, 83, 50, 4150),
	(253, 73, 45, 14, 64, 896),
	(254, 136, 45, 14, 64, 896),
	(255, 166, 45, 14, 64, 896),
	(256, 192, 45, 14, 64, 896),
	(257, 213, 45, 14, 64, 896),
	(258, 245, 45, 14, 64, 896),
	(259, 319, 45, 14, 64, 896),
	(260, 77, 46, 86, 54, 4644),
	(261, 122, 46, 86, 54, 4644),
	(262, 168, 46, 86, 54, 4644),
	(263, 182, 46, 86, 54, 4644),
	(264, 188, 46, 86, 54, 4644),
	(265, 227, 46, 86, 54, 4644),
	(266, 250, 46, 86, 54, 4644),
	(267, 257, 46, 86, 54, 4644),
	(268, 71, 47, 47, 34, 1598),
	(269, 25, 48, 76, 39, 2964),
	(270, 104, 48, 76, 39, 2964),
	(271, 143, 48, 76, 39, 2964),
	(272, 191, 48, 76, 39, 2964),
	(273, 224, 48, 76, 39, 2964),
	(274, 243, 48, 76, 39, 2964),
	(275, 275, 48, 76, 39, 2964),
	(276, 323, 48, 76, 39, 2964),
	(277, 377, 48, 76, 39, 2964),
	(278, 42, 49, 76, 35, 2660),
	(279, 76, 49, 76, 35, 2660),
	(280, 137, 49, 76, 35, 2660),
	(281, 140, 49, 76, 35, 2660),
	(282, 198, 49, 76, 35, 2660),
	(283, 246, 49, 76, 35, 2660),
	(284, 284, 49, 76, 35, 2660),
	(285, 302, 49, 76, 35, 2660),
	(286, 378, 49, 76, 35, 2660),
	(287, 216, 50, 17, 39, 663),
	(288, 76, 51, 53, 83, 4399),
	(289, 202, 51, 53, 83, 4399),
	(290, 367, 51, 53, 83, 4399),
	(291, 177, 52, 1, 84, 84),
	(292, 386, 52, 1, 84, 84),
	(293, 1, 53, 51, 70, 3570),
	(294, 39, 53, 51, 70, 3570),
	(295, 84, 53, 51, 70, 3570),
	(296, 89, 53, 51, 70, 3570),
	(297, 96, 53, 51, 70, 3570),
	(298, 141, 53, 51, 70, 3570),
	(299, 260, 53, 51, 70, 3570),
	(300, 333, 53, 51, 70, 3570),
	(301, 371, 54, 18, 40, 720),
	(302, 374, 54, 18, 40, 720),
	(303, 4, 55, 24, 24, 576),
	(304, 10, 55, 24, 24, 576),
	(305, 110, 55, 24, 24, 576),
	(306, 152, 55, 24, 24, 576),
	(307, 156, 55, 24, 24, 576),
	(308, 204, 55, 24, 24, 576),
	(309, 250, 55, 24, 24, 576),
	(310, 255, 55, 24, 24, 576),
	(311, 301, 55, 24, 24, 576),
	(312, 329, 55, 24, 24, 576),
	(313, 80, 56, 74, 94, 6956),
	(314, 155, 56, 74, 94, 6956),
	(315, 236, 56, 74, 94, 6956),
	(316, 257, 56, 74, 94, 6956),
	(317, 17, 57, 81, 29, 2349),
	(318, 186, 57, 81, 29, 2349),
	(319, 266, 57, 81, 29, 2349),
	(320, 284, 57, 81, 29, 2349),
	(321, 353, 57, 81, 29, 2349),
	(322, 23, 58, 56, 42, 2352),
	(323, 36, 58, 56, 42, 2352),
	(324, 143, 58, 56, 42, 2352),
	(325, 188, 58, 56, 42, 2352),
	(326, 225, 58, 56, 42, 2352),
	(327, 266, 58, 56, 42, 2352),
	(328, 317, 58, 56, 42, 2352),
	(329, 93, 59, 89, 98, 8722),
	(330, 122, 59, 89, 98, 8722),
	(331, 139, 59, 89, 98, 8722),
	(332, 190, 59, 89, 98, 8722),
	(333, 95, 60, 100, 83, 8300),
	(334, 135, 60, 100, 83, 8300),
	(335, 235, 60, 100, 83, 8300),
	(336, 237, 60, 100, 83, 8300),
	(337, 251, 60, 100, 83, 8300),
	(338, 48, 61, 100, 41, 4100),
	(339, 128, 61, 100, 41, 4100),
	(340, 133, 61, 100, 41, 4100),
	(341, 134, 61, 100, 41, 4100),
	(342, 250, 61, 100, 41, 4100),
	(343, 338, 61, 100, 41, 4100),
	(344, 349, 61, 100, 41, 4100),
	(345, 364, 61, 100, 41, 4100),
	(346, 371, 61, 100, 41, 4100),
	(347, 393, 61, 100, 41, 4100),
	(348, 104, 62, 74, 49, 3626),
	(349, 119, 62, 74, 49, 3626),
	(350, 163, 62, 74, 49, 3626),
	(351, 169, 62, 74, 49, 3626),
	(352, 172, 62, 74, 49, 3626),
	(353, 192, 62, 74, 49, 3626),
	(354, 263, 62, 74, 49, 3626),
	(355, 370, 62, 74, 49, 3626),
	(356, 15, 63, 78, 35, 2730),
	(357, 47, 63, 78, 35, 2730),
	(358, 84, 63, 78, 35, 2730),
	(359, 90, 63, 78, 35, 2730),
	(360, 109, 63, 78, 35, 2730),
	(361, 156, 63, 78, 35, 2730),
	(362, 205, 63, 78, 35, 2730),
	(363, 207, 63, 78, 35, 2730),
	(364, 259, 63, 78, 35, 2730),
	(365, 313, 63, 78, 35, 2730),
	(366, 226, 64, 77, 3, 231),
	(367, 26, 65, 61, 24, 1464),
	(368, 66, 65, 61, 24, 1464),
	(369, 145, 65, 61, 24, 1464),
	(370, 187, 65, 61, 24, 1464),
	(371, 292, 65, 61, 24, 1464),
	(372, 313, 65, 61, 24, 1464),
	(373, 385, 65, 61, 24, 1464),
	(374, 392, 65, 61, 24, 1464),
	(375, 395, 65, 61, 24, 1464),
	(376, 399, 65, 61, 24, 1464),
	(377, 76, 66, 38, 40, 1520),
	(378, 99, 66, 38, 40, 1520),
	(379, 182, 66, 38, 40, 1520),
	(380, 224, 66, 38, 40, 1520),
	(381, 298, 66, 38, 40, 1520),
	(382, 310, 66, 38, 40, 1520),
	(383, 59, 67, 75, 70, 5250),
	(384, 73, 67, 75, 70, 5250),
	(385, 138, 67, 75, 70, 5250),
	(386, 141, 67, 75, 70, 5250),
	(387, 144, 67, 75, 70, 5250),
	(388, 167, 67, 75, 70, 5250),
	(389, 191, 67, 75, 70, 5250),
	(390, 394, 67, 75, 70, 5250),
	(391, 59, 68, 86, 37, 3182),
	(392, 71, 68, 86, 37, 3182),
	(393, 87, 68, 86, 37, 3182),
	(394, 95, 68, 86, 37, 3182),
	(395, 136, 68, 86, 37, 3182),
	(396, 275, 68, 86, 37, 3182),
	(397, 325, 68, 86, 37, 3182),
	(398, 188, 69, 62, 27, 1674),
	(399, 201, 69, 62, 27, 1674),
	(400, 307, 69, 62, 27, 1674),
	(401, 7, 70, 26, 77, 2002),
	(402, 12, 70, 26, 77, 2002),
	(403, 22, 70, 26, 77, 2002),
	(404, 92, 70, 26, 77, 2002),
	(405, 117, 70, 26, 77, 2002),
	(406, 236, 70, 26, 77, 2002),
	(407, 244, 70, 26, 77, 2002),
	(408, 316, 70, 26, 77, 2002),
	(409, 326, 70, 26, 77, 2002),
	(410, 355, 70, 26, 77, 2002),
	(411, 1, 71, 70, 34, 2380),
	(412, 11, 71, 70, 34, 2380),
	(413, 14, 71, 70, 34, 2380),
	(414, 75, 71, 70, 34, 2380),
	(415, 86, 71, 70, 34, 2380),
	(416, 128, 71, 70, 34, 2380),
	(417, 164, 71, 70, 34, 2380),
	(418, 274, 71, 70, 34, 2380),
	(419, 353, 71, 70, 34, 2380),
	(420, 381, 71, 70, 34, 2380),
	(421, 12, 72, 79, 97, 7663),
	(422, 71, 72, 79, 97, 7663),
	(423, 91, 72, 79, 97, 7663),
	(424, 174, 72, 79, 97, 7663),
	(425, 247, 72, 79, 97, 7663),
	(426, 399, 72, 79, 97, 7663),
	(427, 6, 73, 6, 74, 444),
	(428, 13, 73, 6, 74, 444),
	(429, 18, 73, 6, 74, 444),
	(430, 30, 73, 6, 74, 444),
	(431, 46, 73, 6, 74, 444),
	(432, 151, 73, 6, 74, 444),
	(433, 166, 73, 6, 74, 444),
	(434, 189, 73, 6, 74, 444),
	(435, 211, 73, 6, 74, 444),
	(436, 51, 74, 43, 27, 1161),
	(437, 75, 74, 43, 27, 1161),
	(438, 80, 74, 43, 27, 1161),
	(439, 120, 74, 43, 27, 1161),
	(440, 160, 74, 43, 27, 1161),
	(441, 316, 74, 43, 27, 1161),
	(442, 90, 75, 74, 96, 7104),
	(443, 101, 75, 74, 96, 7104),
	(444, 30, 76, 41, 24, 984),
	(445, 106, 76, 41, 24, 984),
	(446, 145, 76, 41, 24, 984),
	(447, 173, 76, 41, 24, 984),
	(448, 261, 76, 41, 24, 984),
	(449, 275, 76, 41, 24, 984),
	(450, 282, 76, 41, 24, 984),
	(451, 310, 76, 41, 24, 984),
	(452, 25, 77, 27, 30, 810),
	(453, 207, 77, 27, 30, 810),
	(454, 304, 77, 27, 30, 810),
	(455, 308, 77, 27, 30, 810),
	(456, 366, 77, 27, 30, 810),
	(457, 372, 77, 27, 30, 810),
	(458, 392, 77, 27, 30, 810),
	(459, 399, 77, 27, 30, 810),
	(460, 17, 78, 13, 4, 52),
	(461, 140, 78, 13, 4, 52),
	(462, 144, 78, 13, 4, 52),
	(463, 303, 78, 13, 4, 52),
	(464, 331, 78, 13, 4, 52),
	(465, 178, 79, 91, 60, 5460),
	(466, 85, 80, 89, 65, 5785),
	(467, 174, 80, 89, 65, 5785),
	(468, 249, 80, 89, 65, 5785),
	(469, 280, 80, 89, 65, 5785),
	(470, 93, 81, 89, 53, 4717),
	(471, 250, 81, 89, 53, 4717),
	(472, 349, 81, 89, 53, 4717),
	(473, 13, 82, 21, 79, 1659),
	(474, 41, 82, 21, 79, 1659),
	(475, 164, 82, 21, 79, 1659),
	(476, 207, 82, 21, 79, 1659),
	(477, 224, 82, 21, 79, 1659),
	(478, 280, 82, 21, 79, 1659),
	(479, 292, 82, 21, 79, 1659),
	(480, 295, 82, 21, 79, 1659),
	(481, 320, 82, 21, 79, 1659),
	(482, 382, 82, 21, 79, 1659),
	(483, 234, 83, 35, 17, 595),
	(484, 338, 83, 35, 17, 595),
	(485, 220, 84, 76, 32, 2432),
	(486, 60, 85, 40, 66, 2640),
	(487, 121, 85, 40, 66, 2640),
	(488, 166, 85, 40, 66, 2640),
	(489, 241, 85, 40, 66, 2640),
	(490, 283, 85, 40, 66, 2640),
	(491, 356, 85, 40, 66, 2640),
	(492, 378, 85, 40, 66, 2640),
	(493, 5, 86, 1, 52, 52),
	(494, 25, 86, 1, 52, 52),
	(495, 134, 86, 1, 52, 52),
	(496, 306, 86, 1, 52, 52),
	(497, 382, 86, 1, 52, 52),
	(498, 254, 87, 77, 63, 4851),
	(499, 42, 88, 83, 84, 6972),
	(500, 83, 88, 83, 84, 6972),
	(501, 101, 88, 83, 84, 6972),
	(502, 163, 88, 83, 84, 6972),
	(503, 190, 88, 83, 84, 6972),
	(504, 229, 88, 83, 84, 6972),
	(505, 348, 88, 83, 84, 6972),
	(506, 53, 89, 95, 81, 7695),
	(507, 87, 89, 95, 81, 7695),
	(508, 110, 89, 95, 81, 7695),
	(509, 147, 89, 95, 81, 7695),
	(510, 168, 89, 95, 81, 7695),
	(511, 195, 89, 95, 81, 7695),
	(512, 202, 89, 95, 81, 7695),
	(513, 232, 89, 95, 81, 7695),
	(514, 259, 89, 95, 81, 7695),
	(515, 270, 89, 95, 81, 7695),
	(516, 119, 90, 60, 35, 2100),
	(517, 365, 90, 60, 35, 2100),
	(518, 25, 91, 62, 10, 620),
	(519, 46, 91, 62, 10, 620),
	(520, 126, 91, 62, 10, 620),
	(521, 140, 91, 62, 10, 620),
	(522, 154, 91, 62, 10, 620),
	(523, 116, 92, 43, 36, 1548),
	(524, 51, 93, 77, 54, 4158),
	(525, 53, 93, 77, 54, 4158),
	(526, 127, 93, 77, 54, 4158),
	(527, 144, 93, 77, 54, 4158),
	(528, 218, 93, 77, 54, 4158),
	(529, 344, 93, 77, 54, 4158),
	(530, 107, 94, 29, 68, 1972),
	(531, 382, 94, 29, 68, 1972),
	(532, 58, 95, 45, 96, 4320),
	(533, 66, 95, 45, 96, 4320),
	(534, 346, 95, 45, 96, 4320),
	(535, 119, 96, 34, 88, 2992),
	(536, 140, 96, 34, 88, 2992),
	(537, 145, 96, 34, 88, 2992),
	(538, 308, 96, 34, 88, 2992),
	(539, 360, 96, 34, 88, 2992),
	(540, 31, 97, 24, 57, 1368),
	(541, 106, 97, 24, 57, 1368),
	(542, 109, 97, 24, 57, 1368),
	(543, 118, 97, 24, 57, 1368),
	(544, 210, 97, 24, 57, 1368),
	(545, 225, 97, 24, 57, 1368),
	(546, 277, 98, 13, 1, 13),
	(547, 292, 98, 13, 1, 13),
	(548, 327, 98, 13, 1, 13),
	(549, 336, 98, 13, 1, 13),
	(550, 392, 98, 13, 1, 13),
	(551, 41, 99, 36, 67, 2412),
	(552, 117, 99, 36, 67, 2412),
	(553, 127, 99, 36, 67, 2412),
	(554, 152, 99, 36, 67, 2412),
	(555, 159, 99, 36, 67, 2412),
	(556, 200, 99, 36, 67, 2412),
	(557, 235, 99, 36, 67, 2412),
	(558, 82, 100, 37, 14, 518),
	(559, 96, 100, 37, 14, 518),
	(560, 150, 100, 37, 14, 518),
	(561, 240, 100, 37, 14, 518),
	(562, 348, 100, 37, 14, 518),
	(563, 350, 100, 37, 14, 518),
	(564, 247, 101, 11, 30, 330),
	(565, 248, 102, 72, 75, 5400),
	(566, 119, 103, 22, 94, 2068),
	(567, 267, 103, 22, 94, 2068),
	(568, 6, 104, 63, 69, 4347),
	(569, 10, 104, 63, 69, 4347),
	(570, 72, 104, 63, 69, 4347),
	(571, 73, 104, 63, 69, 4347),
	(572, 100, 104, 63, 69, 4347),
	(573, 118, 104, 63, 69, 4347),
	(574, 214, 104, 63, 69, 4347),
	(575, 289, 104, 63, 69, 4347),
	(576, 304, 104, 63, 69, 4347),
	(577, 377, 104, 63, 69, 4347),
	(578, 255, 105, 11, 17, 187),
	(579, 314, 105, 11, 17, 187),
	(580, 30, 106, 38, 24, 912),
	(581, 277, 106, 38, 24, 912),
	(582, 322, 106, 38, 24, 912),
	(583, 35, 107, 11, 5, 55),
	(584, 49, 107, 11, 5, 55),
	(585, 158, 107, 11, 5, 55),
	(586, 170, 107, 11, 5, 55),
	(587, 232, 107, 11, 5, 55),
	(588, 293, 107, 11, 5, 55),
	(589, 301, 107, 11, 5, 55),
	(590, 305, 107, 11, 5, 55),
	(591, 382, 107, 11, 5, 55),
	(592, 389, 107, 11, 5, 55),
	(593, 69, 108, 99, 93, 9207),
	(594, 67, 109, 94, 50, 4700),
	(595, 328, 110, 49, 5, 245),
	(596, 33, 111, 60, 56, 3360),
	(597, 223, 111, 60, 56, 3360),
	(598, 238, 111, 60, 56, 3360),
	(599, 129, 112, 74, 33, 2442),
	(600, 138, 112, 74, 33, 2442),
	(601, 140, 112, 74, 33, 2442),
	(602, 312, 112, 74, 33, 2442),
	(603, 314, 112, 74, 33, 2442),
	(604, 359, 112, 74, 33, 2442),
	(605, 376, 112, 74, 33, 2442),
	(606, 396, 112, 74, 33, 2442),
	(607, 304, 113, 57, 21, 1197),
	(608, 365, 113, 57, 21, 1197),
	(609, 342, 114, 25, 82, 2050),
	(610, 49, 115, 74, 94, 6956),
	(611, 129, 116, 86, 100, 8600),
	(612, 9, 117, 98, 62, 6076),
	(613, 39, 117, 98, 62, 6076),
	(614, 188, 118, 74, 39, 2886),
	(615, 236, 118, 74, 39, 2886),
	(616, 250, 118, 74, 39, 2886),
	(617, 327, 118, 74, 39, 2886),
	(618, 27, 119, 21, 82, 1722),
	(619, 28, 119, 21, 82, 1722),
	(620, 56, 119, 21, 82, 1722),
	(621, 338, 119, 21, 82, 1722),
	(622, 394, 119, 21, 82, 1722),
	(623, 92, 120, 49, 53, 2597),
	(624, 111, 120, 49, 53, 2597),
	(625, 181, 120, 49, 53, 2597),
	(626, 286, 120, 49, 53, 2597),
	(627, 51, 121, 32, 76, 2432),
	(628, 54, 121, 32, 76, 2432),
	(629, 89, 121, 32, 76, 2432),
	(630, 153, 121, 32, 76, 2432),
	(631, 175, 121, 32, 76, 2432),
	(632, 191, 121, 32, 76, 2432),
	(633, 234, 121, 32, 76, 2432),
	(634, 325, 121, 32, 76, 2432),
	(635, 105, 122, 43, 30, 1290),
	(636, 196, 122, 43, 30, 1290),
	(637, 296, 122, 43, 30, 1290),
	(638, 328, 122, 43, 30, 1290),
	(639, 334, 122, 43, 30, 1290),
	(640, 343, 122, 43, 30, 1290),
	(641, 14, 123, 69, 2, 138),
	(642, 110, 123, 69, 2, 138),
	(643, 166, 123, 69, 2, 138),
	(644, 180, 123, 69, 2, 138),
	(645, 190, 123, 69, 2, 138),
	(646, 308, 123, 69, 2, 138),
	(647, 5, 124, 45, 31, 1395),
	(648, 355, 124, 45, 31, 1395),
	(649, 376, 124, 45, 31, 1395),
	(650, 393, 124, 45, 31, 1395),
	(651, 8, 125, 73, 8, 584),
	(652, 45, 125, 73, 8, 584),
	(653, 92, 125, 73, 8, 584),
	(654, 171, 125, 73, 8, 584),
	(655, 201, 125, 73, 8, 584),
	(656, 225, 125, 73, 8, 584),
	(657, 253, 125, 73, 8, 584),
	(658, 260, 125, 73, 8, 584),
	(659, 268, 125, 73, 8, 584),
	(660, 198, 126, 64, 99, 6336),
	(661, 215, 126, 64, 99, 6336),
	(662, 263, 126, 64, 99, 6336),
	(663, 38, 127, 96, 32, 3072),
	(664, 56, 127, 96, 32, 3072),
	(665, 141, 127, 96, 32, 3072),
	(666, 204, 127, 96, 32, 3072),
	(667, 299, 127, 96, 32, 3072),
	(668, 321, 127, 96, 32, 3072),
	(669, 339, 127, 96, 32, 3072),
	(670, 398, 127, 96, 32, 3072),
	(671, 89, 128, 65, 13, 845),
	(672, 225, 128, 65, 13, 845),
	(673, 94, 129, 59, 94, 5546),
	(674, 122, 129, 59, 94, 5546),
	(675, 128, 129, 59, 94, 5546),
	(676, 164, 129, 59, 94, 5546),
	(677, 255, 129, 59, 94, 5546),
	(678, 272, 129, 59, 94, 5546),
	(679, 360, 129, 59, 94, 5546),
	(680, 364, 129, 59, 94, 5546),
	(681, 396, 129, 59, 94, 5546),
	(682, 146, 130, 47, 24, 1128),
	(683, 222, 130, 47, 24, 1128),
	(684, 83, 131, 11, 53, 583),
	(685, 106, 131, 11, 53, 583),
	(686, 108, 131, 11, 53, 583),
	(687, 115, 131, 11, 53, 583),
	(688, 150, 131, 11, 53, 583),
	(689, 166, 131, 11, 53, 583),
	(690, 195, 131, 11, 53, 583),
	(691, 351, 131, 11, 53, 583),
	(692, 380, 131, 11, 53, 583),
	(693, 392, 131, 11, 53, 583),
	(694, 120, 132, 21, 100, 2100),
	(695, 198, 132, 21, 100, 2100),
	(696, 208, 132, 21, 100, 2100),
	(697, 226, 132, 21, 100, 2100),
	(698, 283, 132, 21, 100, 2100),
	(699, 344, 132, 21, 100, 2100),
	(700, 42, 133, 19, 71, 1349),
	(701, 37, 134, 38, 53, 2014),
	(702, 150, 134, 38, 53, 2014),
	(703, 314, 134, 38, 53, 2014),
	(704, 156, 135, 74, 29, 2146),
	(705, 246, 135, 74, 29, 2146),
	(706, 267, 135, 74, 29, 2146),
	(707, 298, 135, 74, 29, 2146),
	(708, 346, 135, 74, 29, 2146),
	(709, 388, 135, 74, 29, 2146),
	(710, 110, 136, 50, 15, 750),
	(711, 158, 136, 50, 15, 750),
	(712, 237, 136, 50, 15, 750),
	(713, 381, 136, 50, 15, 750),
	(714, 66, 137, 55, 71, 3905),
	(715, 77, 137, 55, 71, 3905),
	(716, 277, 137, 55, 71, 3905),
	(717, 291, 137, 55, 71, 3905),
	(718, 311, 137, 55, 71, 3905),
	(719, 349, 137, 55, 71, 3905),
	(720, 43, 138, 11, 55, 605),
	(721, 67, 138, 11, 55, 605),
	(722, 115, 138, 11, 55, 605),
	(723, 207, 138, 11, 55, 605),
	(724, 211, 138, 11, 55, 605),
	(725, 213, 138, 11, 55, 605),
	(726, 222, 138, 11, 55, 605),
	(727, 237, 138, 11, 55, 605),
	(728, 280, 138, 11, 55, 605),
	(729, 350, 138, 11, 55, 605),
	(730, 65, 139, 65, 66, 4290),
	(731, 376, 140, 39, 70, 2730),
	(732, 9, 141, 69, 29, 2001),
	(733, 95, 141, 69, 29, 2001),
	(734, 391, 141, 69, 29, 2001),
	(735, 53, 142, 48, 42, 2016),
	(736, 130, 142, 48, 42, 2016),
	(737, 164, 142, 48, 42, 2016),
	(738, 169, 142, 48, 42, 2016),
	(739, 234, 142, 48, 42, 2016),
	(740, 270, 142, 48, 42, 2016),
	(741, 337, 142, 48, 42, 2016),
	(742, 15, 143, 3, 20, 60),
	(743, 64, 143, 3, 20, 60),
	(744, 77, 143, 3, 20, 60),
	(745, 192, 143, 3, 20, 60),
	(746, 332, 143, 3, 20, 60),
	(747, 355, 143, 3, 20, 60),
	(748, 74, 144, 71, 53, 3763),
	(749, 152, 144, 71, 53, 3763),
	(750, 184, 144, 71, 53, 3763),
	(751, 303, 144, 71, 53, 3763),
	(752, 130, 145, 6, 97, 582),
	(753, 158, 145, 6, 97, 582),
	(754, 168, 145, 6, 97, 582),
	(755, 192, 145, 6, 97, 582),
	(756, 230, 145, 6, 97, 582),
	(757, 248, 145, 6, 97, 582),
	(758, 280, 145, 6, 97, 582),
	(759, 58, 146, 65, 68, 4420),
	(760, 163, 146, 65, 68, 4420),
	(761, 235, 146, 65, 68, 4420),
	(762, 265, 146, 65, 68, 4420),
	(763, 368, 146, 65, 68, 4420),
	(764, 105, 147, 13, 58, 754),
	(765, 121, 147, 13, 58, 754),
	(766, 142, 147, 13, 58, 754),
	(767, 177, 147, 13, 58, 754),
	(768, 226, 147, 13, 58, 754),
	(769, 252, 147, 13, 58, 754),
	(770, 253, 147, 13, 58, 754),
	(771, 295, 147, 13, 58, 754),
	(772, 361, 147, 13, 58, 754),
	(773, 369, 147, 13, 58, 754),
	(774, 25, 148, 28, 64, 1792),
	(775, 136, 148, 28, 64, 1792),
	(776, 168, 148, 28, 64, 1792),
	(777, 22, 149, 57, 50, 2850),
	(778, 33, 149, 57, 50, 2850),
	(779, 96, 149, 57, 50, 2850),
	(780, 173, 149, 57, 50, 2850),
	(781, 216, 149, 57, 50, 2850),
	(782, 263, 149, 57, 50, 2850),
	(783, 285, 149, 57, 50, 2850),
	(784, 385, 149, 57, 50, 2850),
	(785, 399, 149, 57, 50, 2850),
	(786, 31, 150, 21, 59, 1239),
	(787, 98, 150, 21, 59, 1239),
	(788, 282, 150, 21, 59, 1239),
	(789, 105, 151, 93, 100, 9300),
	(790, 175, 151, 93, 100, 9300),
	(791, 303, 151, 93, 100, 9300),
	(792, 43, 152, 74, 88, 6512),
	(793, 56, 152, 74, 88, 6512),
	(794, 97, 152, 74, 88, 6512),
	(795, 131, 152, 74, 88, 6512),
	(796, 135, 152, 74, 88, 6512),
	(797, 179, 152, 74, 88, 6512),
	(798, 185, 152, 74, 88, 6512),
	(799, 215, 152, 74, 88, 6512),
	(800, 286, 152, 74, 88, 6512),
	(801, 385, 152, 74, 88, 6512),
	(802, 66, 153, 15, 25, 375),
	(803, 112, 153, 15, 25, 375),
	(804, 230, 153, 15, 25, 375),
	(805, 247, 153, 15, 25, 375),
	(806, 248, 153, 15, 25, 375),
	(807, 308, 153, 15, 25, 375),
	(808, 332, 153, 15, 25, 375),
	(809, 357, 153, 15, 25, 375),
	(810, 18, 154, 38, 10, 380),
	(811, 101, 154, 38, 10, 380),
	(812, 105, 154, 38, 10, 380),
	(813, 115, 154, 38, 10, 380),
	(814, 198, 154, 38, 10, 380),
	(815, 236, 154, 38, 10, 380),
	(816, 282, 154, 38, 10, 380),
	(817, 323, 154, 38, 10, 380),
	(818, 378, 154, 38, 10, 380),
	(819, 385, 154, 38, 10, 380),
	(820, 49, 155, 10, 73, 730),
	(821, 56, 155, 10, 73, 730),
	(822, 124, 155, 10, 73, 730),
	(823, 264, 155, 10, 73, 730),
	(824, 290, 155, 10, 73, 730),
	(825, 380, 155, 10, 73, 730),
	(826, 125, 156, 43, 83, 3569),
	(827, 51, 157, 53, 34, 1802),
	(828, 134, 157, 53, 34, 1802),
	(829, 165, 157, 53, 34, 1802),
	(830, 206, 157, 53, 34, 1802),
	(831, 311, 157, 53, 34, 1802),
	(832, 318, 157, 53, 34, 1802),
	(833, 242, 158, 75, 96, 7200),
	(834, 36, 159, 41, 74, 3034),
	(835, 178, 159, 41, 74, 3034),
	(836, 71, 160, 92, 95, 8740),
	(837, 157, 160, 92, 95, 8740),
	(838, 200, 160, 92, 95, 8740),
	(839, 258, 160, 92, 95, 8740),
	(840, 305, 160, 92, 95, 8740),
	(841, 391, 160, 92, 95, 8740),
	(842, 51, 161, 20, 99, 1980),
	(843, 66, 161, 20, 99, 1980),
	(844, 86, 161, 20, 99, 1980),
	(845, 239, 161, 20, 99, 1980),
	(846, 336, 161, 20, 99, 1980),
	(847, 380, 161, 20, 99, 1980),
	(848, 388, 162, 49, 27, 1323),
	(849, 9, 163, 79, 10, 790),
	(850, 24, 163, 79, 10, 790),
	(851, 51, 163, 79, 10, 790),
	(852, 79, 163, 79, 10, 790),
	(853, 152, 163, 79, 10, 790),
	(854, 212, 163, 79, 10, 790),
	(855, 267, 163, 79, 10, 790),
	(856, 271, 163, 79, 10, 790),
	(857, 312, 163, 79, 10, 790),
	(858, 363, 163, 79, 10, 790),
	(859, 20, 164, 69, 95, 6555),
	(860, 114, 164, 69, 95, 6555),
	(861, 140, 164, 69, 95, 6555),
	(862, 165, 164, 69, 95, 6555),
	(863, 300, 164, 69, 95, 6555),
	(864, 360, 164, 69, 95, 6555),
	(865, 180, 165, 52, 36, 1872),
	(866, 206, 165, 52, 36, 1872),
	(867, 225, 165, 52, 36, 1872),
	(868, 305, 165, 52, 36, 1872),
	(869, 338, 165, 52, 36, 1872),
	(870, 33, 166, 8, 39, 312),
	(871, 34, 166, 8, 39, 312),
	(872, 100, 166, 8, 39, 312),
	(873, 213, 166, 8, 39, 312),
	(874, 250, 166, 8, 39, 312),
	(875, 280, 166, 8, 39, 312),
	(876, 284, 166, 8, 39, 312),
	(877, 314, 166, 8, 39, 312),
	(878, 387, 166, 8, 39, 312),
	(879, 11, 167, 63, 92, 5796),
	(880, 74, 167, 63, 92, 5796),
	(881, 93, 167, 63, 92, 5796),
	(882, 144, 167, 63, 92, 5796),
	(883, 195, 167, 63, 92, 5796),
	(884, 198, 167, 63, 92, 5796),
	(885, 202, 167, 63, 92, 5796),
	(886, 256, 167, 63, 92, 5796),
	(887, 299, 167, 63, 92, 5796),
	(888, 15, 168, 13, 45, 585),
	(889, 20, 168, 13, 45, 585),
	(890, 64, 168, 13, 45, 585),
	(891, 297, 168, 13, 45, 585),
	(892, 306, 168, 13, 45, 585),
	(893, 310, 168, 13, 45, 585),
	(894, 324, 168, 13, 45, 585),
	(895, 351, 168, 13, 45, 585),
	(896, 381, 168, 13, 45, 585),
	(897, 131, 169, 30, 43, 1290),
	(898, 166, 169, 30, 43, 1290),
	(899, 112, 170, 85, 76, 6460),
	(900, 32, 171, 70, 73, 5110),
	(901, 34, 171, 70, 73, 5110),
	(902, 61, 171, 70, 73, 5110),
	(903, 131, 171, 70, 73, 5110),
	(904, 271, 171, 70, 73, 5110),
	(905, 310, 171, 70, 73, 5110),
	(906, 314, 171, 70, 73, 5110),
	(907, 332, 172, 98, 34, 3332),
	(908, 53, 173, 16, 74, 1184),
	(909, 374, 173, 16, 74, 1184),
	(910, 69, 174, 41, 38, 1558),
	(911, 122, 174, 41, 38, 1558),
	(912, 174, 174, 41, 38, 1558),
	(913, 280, 174, 41, 38, 1558),
	(914, 325, 174, 41, 38, 1558),
	(915, 340, 174, 41, 38, 1558),
	(916, 349, 174, 41, 38, 1558),
	(917, 14, 175, 50, 72, 3600),
	(918, 58, 175, 50, 72, 3600),
	(919, 77, 175, 50, 72, 3600),
	(920, 149, 175, 50, 72, 3600),
	(921, 160, 175, 50, 72, 3600),
	(922, 247, 175, 50, 72, 3600),
	(923, 273, 175, 50, 72, 3600),
	(924, 317, 175, 50, 72, 3600),
	(925, 337, 175, 50, 72, 3600),
	(926, 343, 175, 50, 72, 3600),
	(927, 179, 176, 65, 34, 2210),
	(928, 255, 176, 65, 34, 2210),
	(929, 94, 177, 42, 31, 1302),
	(930, 272, 177, 42, 31, 1302),
	(931, 363, 177, 42, 31, 1302),
	(932, 9, 178, 33, 15, 495),
	(933, 22, 178, 33, 15, 495),
	(934, 24, 178, 33, 15, 495),
	(935, 99, 178, 33, 15, 495),
	(936, 228, 178, 33, 15, 495),
	(937, 257, 178, 33, 15, 495),
	(938, 314, 178, 33, 15, 495),
	(939, 351, 178, 33, 15, 495),
	(940, 154, 179, 12, 58, 696),
	(941, 155, 179, 12, 58, 696),
	(942, 168, 179, 12, 58, 696),
	(943, 233, 179, 12, 58, 696),
	(944, 289, 179, 12, 58, 696),
	(945, 301, 179, 12, 58, 696),
	(946, 328, 179, 12, 58, 696),
	(947, 130, 180, 49, 39, 1911),
	(948, 43, 181, 34, 52, 1768),
	(949, 94, 181, 34, 52, 1768),
	(950, 140, 181, 34, 52, 1768),
	(951, 339, 181, 34, 52, 1768),
	(952, 343, 181, 34, 52, 1768),
	(953, 396, 181, 34, 52, 1768),
	(954, 53, 182, 100, 30, 3000),
	(955, 116, 182, 100, 30, 3000),
	(956, 151, 182, 100, 30, 3000),
	(957, 224, 182, 100, 30, 3000),
	(958, 244, 182, 100, 30, 3000),
	(959, 269, 182, 100, 30, 3000),
	(960, 323, 182, 100, 30, 3000),
	(961, 128, 183, 32, 82, 2624),
	(962, 215, 183, 32, 82, 2624),
	(963, 221, 183, 32, 82, 2624),
	(964, 240, 183, 32, 82, 2624),
	(965, 21, 184, 52, 95, 4940),
	(966, 29, 184, 52, 95, 4940),
	(967, 45, 184, 52, 95, 4940),
	(968, 73, 184, 52, 95, 4940),
	(969, 230, 184, 52, 95, 4940),
	(970, 254, 184, 52, 95, 4940),
	(971, 295, 184, 52, 95, 4940),
	(972, 306, 184, 52, 95, 4940),
	(973, 344, 184, 52, 95, 4940),
	(974, 375, 184, 52, 95, 4940),
	(975, 164, 185, 73, 55, 4015),
	(976, 243, 185, 73, 55, 4015),
	(977, 251, 185, 73, 55, 4015),
	(978, 337, 185, 73, 55, 4015),
	(979, 39, 186, 53, 87, 4611),
	(980, 65, 186, 53, 87, 4611),
	(981, 96, 186, 53, 87, 4611),
	(982, 130, 186, 53, 87, 4611),
	(983, 135, 186, 53, 87, 4611),
	(984, 158, 186, 53, 87, 4611),
	(985, 160, 186, 53, 87, 4611),
	(986, 296, 186, 53, 87, 4611),
	(987, 356, 186, 53, 87, 4611),
	(988, 63, 187, 37, 7, 259),
	(989, 101, 187, 37, 7, 259),
	(990, 232, 187, 37, 7, 259),
	(991, 306, 187, 37, 7, 259),
	(992, 341, 187, 37, 7, 259),
	(993, 368, 187, 37, 7, 259),
	(994, 26, 188, 97, 65, 6305),
	(995, 34, 188, 97, 65, 6305),
	(996, 198, 188, 97, 65, 6305),
	(997, 280, 188, 97, 65, 6305),
	(998, 309, 188, 97, 65, 6305),
	(999, 343, 188, 97, 65, 6305),
	(1000, 55, 189, 75, 62, 4650),
	(1001, 210, 189, 75, 62, 4650),
	(1002, 327, 189, 75, 62, 4650),
	(1003, 257, 190, 53, 77, 4081),
	(1004, 8, 191, 17, 81, 1377),
	(1005, 43, 191, 17, 81, 1377),
	(1006, 68, 191, 17, 81, 1377),
	(1007, 69, 191, 17, 81, 1377),
	(1008, 189, 191, 17, 81, 1377),
	(1009, 306, 191, 17, 81, 1377),
	(1010, 328, 191, 17, 81, 1377),
	(1011, 154, 192, 9, 36, 324),
	(1012, 378, 192, 9, 36, 324),
	(1013, 400, 192, 9, 36, 324),
	(1014, 136, 193, 98, 65, 6370),
	(1015, 248, 193, 98, 65, 6370),
	(1016, 286, 193, 98, 65, 6370),
	(1017, 301, 193, 98, 65, 6370),
	(1018, 347, 193, 98, 65, 6370),
	(1019, 84, 194, 45, 99, 4455),
	(1020, 178, 194, 45, 99, 4455),
	(1021, 198, 194, 45, 99, 4455),
	(1022, 254, 194, 45, 99, 4455),
	(1023, 336, 194, 45, 99, 4455),
	(1024, 341, 194, 45, 99, 4455),
	(1025, 361, 194, 45, 99, 4455),
	(1026, 1, 195, 80, 57, 4560),
	(1027, 292, 195, 80, 57, 4560),
	(1028, 364, 195, 80, 57, 4560),
	(1029, 44, 196, 94, 60, 5640),
	(1030, 170, 196, 94, 60, 5640),
	(1031, 191, 196, 94, 60, 5640),
	(1032, 61, 197, 53, 18, 954),
	(1033, 261, 197, 53, 18, 954),
	(1034, 100, 198, 75, 34, 2550),
	(1035, 108, 198, 75, 34, 2550),
	(1036, 163, 198, 75, 34, 2550),
	(1037, 196, 198, 75, 34, 2550),
	(1038, 253, 198, 75, 34, 2550),
	(1039, 295, 198, 75, 34, 2550),
	(1040, 311, 198, 75, 34, 2550),
	(1041, 339, 198, 75, 34, 2550),
	(1042, 346, 198, 75, 34, 2550),
	(1043, 359, 198, 75, 34, 2550),
	(1044, 21, 199, 8, 76, 608),
	(1045, 76, 199, 8, 76, 608),
	(1046, 204, 199, 8, 76, 608),
	(1047, 225, 199, 8, 76, 608),
	(1048, 265, 199, 8, 76, 608),
	(1049, 289, 199, 8, 76, 608),
	(1050, 304, 199, 8, 76, 608),
	(1051, 373, 199, 8, 76, 608),
	(1052, 183, 200, 33, 50, 1650),
	(1053, 333, 200, 33, 50, 1650),
	(1054, 35, 201, 85, 67, 5695),
	(1055, 155, 201, 85, 67, 5695),
	(1056, 230, 201, 85, 67, 5695),
	(1057, 272, 201, 85, 67, 5695),
	(1058, 40, 202, 59, 56, 3304),
	(1059, 111, 202, 59, 56, 3304),
	(1060, 366, 202, 59, 56, 3304),
	(1061, 28, 203, 82, 87, 7134),
	(1062, 73, 203, 82, 87, 7134),
	(1063, 106, 203, 82, 87, 7134),
	(1064, 279, 203, 82, 87, 7134),
	(1065, 371, 203, 82, 87, 7134),
	(1066, 393, 203, 82, 87, 7134),
	(1067, 22, 204, 100, 61, 6100),
	(1068, 140, 204, 100, 61, 6100),
	(1069, 328, 204, 100, 61, 6100),
	(1070, 396, 204, 100, 61, 6100),
	(1071, 191, 205, 98, 59, 5782),
	(1072, 220, 205, 98, 59, 5782),
	(1073, 223, 205, 98, 59, 5782),
	(1074, 253, 205, 98, 59, 5782),
	(1075, 283, 205, 98, 59, 5782),
	(1076, 328, 205, 98, 59, 5782),
	(1077, 388, 205, 98, 59, 5782),
	(1078, 21, 206, 46, 51, 2346),
	(1079, 24, 207, 49, 57, 2793),
	(1080, 174, 207, 49, 57, 2793),
	(1081, 216, 207, 49, 57, 2793),
	(1082, 313, 207, 49, 57, 2793),
	(1083, 338, 207, 49, 57, 2793),
	(1084, 148, 208, 43, 18, 774),
	(1085, 158, 208, 43, 18, 774),
	(1086, 194, 208, 43, 18, 774),
	(1087, 206, 208, 43, 18, 774),
	(1088, 238, 208, 43, 18, 774),
	(1089, 246, 208, 43, 18, 774),
	(1090, 263, 208, 43, 18, 774),
	(1091, 267, 208, 43, 18, 774),
	(1092, 312, 208, 43, 18, 774),
	(1093, 4, 209, 62, 96, 5952),
	(1094, 64, 209, 62, 96, 5952),
	(1095, 71, 209, 62, 96, 5952),
	(1096, 176, 209, 62, 96, 5952),
	(1097, 273, 209, 62, 96, 5952),
	(1098, 274, 209, 62, 96, 5952),
	(1099, 334, 209, 62, 96, 5952),
	(1100, 386, 209, 62, 96, 5952),
	(1101, 36, 210, 16, 80, 1280),
	(1102, 148, 210, 16, 80, 1280),
	(1103, 198, 210, 16, 80, 1280),
	(1104, 243, 210, 16, 80, 1280),
	(1105, 51, 211, 53, 22, 1166),
	(1106, 75, 211, 53, 22, 1166),
	(1107, 153, 211, 53, 22, 1166),
	(1108, 244, 211, 53, 22, 1166),
	(1109, 290, 211, 53, 22, 1166),
	(1110, 307, 211, 53, 22, 1166),
	(1111, 316, 211, 53, 22, 1166),
	(1112, 11, 212, 12, 30, 360),
	(1113, 98, 212, 12, 30, 360),
	(1114, 114, 212, 12, 30, 360),
	(1115, 164, 212, 12, 30, 360),
	(1116, 219, 212, 12, 30, 360),
	(1117, 227, 212, 12, 30, 360),
	(1118, 307, 212, 12, 30, 360),
	(1119, 323, 212, 12, 30, 360),
	(1120, 400, 212, 12, 30, 360),
	(1121, 112, 213, 26, 1, 26),
	(1122, 114, 213, 26, 1, 26),
	(1123, 181, 213, 26, 1, 26),
	(1124, 253, 213, 26, 1, 26),
	(1125, 340, 213, 26, 1, 26),
	(1126, 348, 213, 26, 1, 26),
	(1127, 158, 214, 44, 49, 2156),
	(1128, 48, 215, 11, 81, 891),
	(1129, 212, 215, 11, 81, 891),
	(1130, 324, 215, 11, 81, 891),
	(1131, 394, 215, 11, 81, 891),
	(1132, 12, 216, 79, 29, 2291),
	(1133, 50, 216, 79, 29, 2291),
	(1134, 53, 216, 79, 29, 2291),
	(1135, 141, 216, 79, 29, 2291),
	(1136, 176, 216, 79, 29, 2291),
	(1137, 244, 216, 79, 29, 2291),
	(1138, 247, 216, 79, 29, 2291),
	(1139, 272, 216, 79, 29, 2291),
	(1140, 370, 216, 79, 29, 2291),
	(1141, 398, 216, 79, 29, 2291),
	(1142, 17, 217, 42, 33, 1386),
	(1143, 98, 217, 42, 33, 1386),
	(1144, 147, 217, 42, 33, 1386),
	(1145, 175, 217, 42, 33, 1386),
	(1146, 350, 217, 42, 33, 1386),
	(1147, 376, 217, 42, 33, 1386),
	(1148, 389, 217, 42, 33, 1386),
	(1149, 93, 218, 70, 15, 1050),
	(1150, 149, 218, 70, 15, 1050),
	(1151, 159, 218, 70, 15, 1050),
	(1152, 176, 218, 70, 15, 1050),
	(1153, 255, 218, 70, 15, 1050),
	(1154, 309, 218, 70, 15, 1050),
	(1155, 356, 218, 70, 15, 1050),
	(1156, 190, 219, 51, 18, 918),
	(1157, 196, 219, 51, 18, 918),
	(1158, 216, 219, 51, 18, 918),
	(1159, 231, 219, 51, 18, 918),
	(1160, 251, 219, 51, 18, 918),
	(1161, 270, 219, 51, 18, 918),
	(1162, 285, 219, 51, 18, 918),
	(1163, 286, 219, 51, 18, 918),
	(1164, 309, 219, 51, 18, 918),
	(1165, 356, 219, 51, 18, 918),
	(1166, 28, 220, 78, 91, 7098),
	(1167, 80, 220, 78, 91, 7098),
	(1168, 96, 220, 78, 91, 7098),
	(1169, 123, 220, 78, 91, 7098),
	(1170, 163, 220, 78, 91, 7098),
	(1171, 47, 221, 81, 55, 4455),
	(1172, 79, 221, 81, 55, 4455),
	(1173, 135, 221, 81, 55, 4455),
	(1174, 298, 221, 81, 55, 4455),
	(1175, 23, 222, 12, 45, 540),
	(1176, 117, 222, 12, 45, 540),
	(1177, 121, 222, 12, 45, 540),
	(1178, 207, 222, 12, 45, 540),
	(1179, 400, 222, 12, 45, 540),
	(1180, 4, 223, 12, 59, 708),
	(1181, 6, 223, 12, 59, 708),
	(1182, 83, 223, 12, 59, 708),
	(1183, 108, 223, 12, 59, 708),
	(1184, 162, 223, 12, 59, 708),
	(1185, 278, 223, 12, 59, 708),
	(1186, 288, 223, 12, 59, 708),
	(1187, 304, 223, 12, 59, 708),
	(1188, 335, 223, 12, 59, 708),
	(1189, 373, 223, 12, 59, 708),
	(1190, 240, 224, 71, 49, 3479),
	(1191, 288, 224, 71, 49, 3479),
	(1192, 66, 225, 38, 90, 3420),
	(1193, 113, 225, 38, 90, 3420),
	(1194, 188, 225, 38, 90, 3420),
	(1195, 389, 225, 38, 90, 3420),
	(1196, 97, 226, 2, 9, 18),
	(1197, 129, 226, 2, 9, 18),
	(1198, 8, 227, 78, 83, 6474),
	(1199, 84, 227, 78, 83, 6474),
	(1200, 87, 227, 78, 83, 6474),
	(1201, 99, 227, 78, 83, 6474),
	(1202, 169, 227, 78, 83, 6474),
	(1203, 193, 227, 78, 83, 6474),
	(1204, 282, 227, 78, 83, 6474),
	(1205, 362, 227, 78, 83, 6474),
	(1206, 370, 227, 78, 83, 6474),
	(1207, 399, 227, 78, 83, 6474),
	(1208, 70, 228, 43, 82, 3526),
	(1209, 167, 228, 43, 82, 3526),
	(1210, 224, 228, 43, 82, 3526),
	(1211, 363, 228, 43, 82, 3526),
	(1212, 4, 229, 56, 52, 2912),
	(1213, 34, 229, 56, 52, 2912),
	(1214, 295, 229, 56, 52, 2912),
	(1215, 365, 229, 56, 52, 2912),
	(1216, 34, 230, 55, 60, 3300),
	(1217, 226, 230, 55, 60, 3300),
	(1218, 253, 230, 55, 60, 3300),
	(1219, 291, 230, 55, 60, 3300),
	(1220, 385, 230, 55, 60, 3300),
	(1221, 78, 231, 8, 81, 648),
	(1222, 117, 231, 8, 81, 648),
	(1223, 126, 231, 8, 81, 648),
	(1224, 130, 231, 8, 81, 648),
	(1225, 146, 231, 8, 81, 648),
	(1226, 176, 231, 8, 81, 648),
	(1227, 190, 231, 8, 81, 648),
	(1228, 212, 231, 8, 81, 648),
	(1229, 285, 231, 8, 81, 648),
	(1230, 315, 231, 8, 81, 648),
	(1231, 120, 232, 17, 37, 629),
	(1232, 138, 232, 17, 37, 629),
	(1233, 175, 232, 17, 37, 629),
	(1234, 269, 232, 17, 37, 629),
	(1235, 292, 232, 17, 37, 629),
	(1236, 326, 232, 17, 37, 629),
	(1237, 103, 233, 39, 62, 2418),
	(1238, 126, 233, 39, 62, 2418),
	(1239, 141, 233, 39, 62, 2418),
	(1240, 143, 233, 39, 62, 2418),
	(1241, 160, 233, 39, 62, 2418),
	(1242, 183, 233, 39, 62, 2418),
	(1243, 247, 233, 39, 62, 2418),
	(1244, 316, 233, 39, 62, 2418),
	(1245, 322, 233, 39, 62, 2418),
	(1246, 48, 234, 9, 98, 882),
	(1247, 70, 234, 9, 98, 882),
	(1248, 84, 234, 9, 98, 882),
	(1249, 156, 234, 9, 98, 882),
	(1250, 165, 234, 9, 98, 882),
	(1251, 267, 234, 9, 98, 882),
	(1252, 295, 234, 9, 98, 882),
	(1253, 37, 235, 48, 24, 1152),
	(1254, 132, 235, 48, 24, 1152),
	(1255, 182, 235, 48, 24, 1152),
	(1256, 183, 235, 48, 24, 1152),
	(1257, 275, 235, 48, 24, 1152),
	(1258, 293, 235, 48, 24, 1152),
	(1259, 328, 235, 48, 24, 1152),
	(1260, 336, 235, 48, 24, 1152),
	(1261, 358, 235, 48, 24, 1152),
	(1262, 386, 235, 48, 24, 1152),
	(1263, 3, 236, 89, 51, 4539),
	(1264, 50, 236, 89, 51, 4539),
	(1265, 207, 236, 89, 51, 4539),
	(1266, 216, 236, 89, 51, 4539),
	(1267, 324, 236, 89, 51, 4539),
	(1268, 364, 236, 89, 51, 4539),
	(1269, 381, 236, 89, 51, 4539),
	(1270, 8, 237, 64, 6, 384),
	(1271, 137, 237, 64, 6, 384),
	(1272, 233, 237, 64, 6, 384),
	(1273, 308, 237, 64, 6, 384),
	(1274, 370, 237, 64, 6, 384),
	(1275, 98, 238, 89, 50, 4450),
	(1276, 166, 238, 89, 50, 4450),
	(1277, 167, 238, 89, 50, 4450),
	(1278, 201, 238, 89, 50, 4450),
	(1279, 252, 238, 89, 50, 4450),
	(1280, 324, 238, 89, 50, 4450),
	(1281, 389, 238, 89, 50, 4450),
	(1282, 6, 239, 36, 90, 3240),
	(1283, 10, 239, 36, 90, 3240),
	(1284, 45, 239, 36, 90, 3240),
	(1285, 84, 239, 36, 90, 3240),
	(1286, 134, 239, 36, 90, 3240),
	(1287, 156, 239, 36, 90, 3240),
	(1288, 272, 239, 36, 90, 3240),
	(1289, 306, 239, 36, 90, 3240),
	(1290, 324, 239, 36, 90, 3240),
	(1291, 334, 239, 36, 90, 3240),
	(1292, 84, 240, 9, 4, 36),
	(1293, 387, 240, 9, 4, 36),
	(1294, 17, 241, 82, 54, 4428),
	(1295, 20, 241, 82, 54, 4428),
	(1296, 37, 241, 82, 54, 4428),
	(1297, 90, 241, 82, 54, 4428),
	(1298, 139, 241, 82, 54, 4428),
	(1299, 182, 241, 82, 54, 4428),
	(1300, 216, 241, 82, 54, 4428),
	(1301, 377, 241, 82, 54, 4428),
	(1302, 88, 242, 32, 57, 1824),
	(1303, 169, 242, 32, 57, 1824),
	(1304, 209, 242, 32, 57, 1824),
	(1305, 248, 242, 32, 57, 1824),
	(1306, 254, 242, 32, 57, 1824),
	(1307, 259, 242, 32, 57, 1824),
	(1308, 266, 242, 32, 57, 1824),
	(1309, 297, 242, 32, 57, 1824),
	(1310, 363, 242, 32, 57, 1824),
	(1311, 368, 242, 32, 57, 1824),
	(1312, 55, 243, 13, 59, 767),
	(1313, 151, 243, 13, 59, 767),
	(1314, 194, 243, 13, 59, 767),
	(1315, 217, 243, 13, 59, 767),
	(1316, 231, 243, 13, 59, 767),
	(1317, 300, 243, 13, 59, 767),
	(1318, 329, 243, 13, 59, 767),
	(1319, 67, 244, 63, 90, 5670),
	(1320, 210, 244, 63, 90, 5670),
	(1321, 10, 245, 52, 33, 1716),
	(1322, 156, 245, 52, 33, 1716),
	(1323, 376, 245, 52, 33, 1716),
	(1324, 167, 246, 42, 53, 2226),
	(1325, 241, 246, 42, 53, 2226),
	(1326, 293, 246, 42, 53, 2226),
	(1327, 331, 246, 42, 53, 2226),
	(1328, 361, 246, 42, 53, 2226),
	(1329, 28, 247, 10, 81, 810),
	(1330, 105, 247, 10, 81, 810),
	(1331, 203, 247, 10, 81, 810),
	(1332, 366, 247, 10, 81, 810),
	(1333, 397, 247, 10, 81, 810),
	(1334, 8, 248, 15, 65, 975),
	(1335, 24, 248, 15, 65, 975),
	(1336, 50, 248, 15, 65, 975),
	(1337, 60, 248, 15, 65, 975),
	(1338, 138, 248, 15, 65, 975),
	(1339, 197, 248, 15, 65, 975),
	(1340, 211, 248, 15, 65, 975),
	(1341, 214, 248, 15, 65, 975),
	(1342, 295, 248, 15, 65, 975),
	(1343, 386, 248, 15, 65, 975),
	(1344, 17, 249, 18, 4, 72),
	(1345, 138, 249, 18, 4, 72),
	(1346, 186, 249, 18, 4, 72),
	(1347, 295, 249, 18, 4, 72),
	(1348, 308, 249, 18, 4, 72),
	(1349, 338, 249, 18, 4, 72),
	(1350, 28, 250, 56, 91, 5096),
	(1351, 82, 250, 56, 91, 5096),
	(1352, 132, 250, 56, 91, 5096),
	(1353, 179, 250, 56, 91, 5096),
	(1354, 191, 250, 56, 91, 5096),
	(1355, 207, 250, 56, 91, 5096),
	(1356, 215, 250, 56, 91, 5096),
	(1357, 240, 250, 56, 91, 5096),
	(1358, 249, 250, 56, 91, 5096),
	(1359, 288, 250, 56, 91, 5096),
	(1360, 192, 251, 11, 39, 429),
	(1361, 327, 251, 11, 39, 429),
	(1362, 99, 252, 60, 23, 1380),
	(1363, 119, 253, 23, 51, 1173),
	(1364, 7, 254, 4, 46, 184),
	(1365, 95, 254, 4, 46, 184),
	(1366, 100, 254, 4, 46, 184),
	(1367, 139, 254, 4, 46, 184),
	(1368, 306, 254, 4, 46, 184),
	(1369, 341, 254, 4, 46, 184),
	(1370, 360, 254, 4, 46, 184),
	(1371, 12, 255, 56, 23, 1288),
	(1372, 243, 255, 56, 23, 1288),
	(1373, 326, 255, 56, 23, 1288),
	(1374, 343, 255, 56, 23, 1288),
	(1375, 370, 255, 56, 23, 1288),
	(1376, 38, 256, 48, 2, 96),
	(1377, 50, 256, 48, 2, 96),
	(1378, 102, 256, 48, 2, 96),
	(1379, 125, 256, 48, 2, 96),
	(1380, 172, 256, 48, 2, 96),
	(1381, 242, 256, 48, 2, 96),
	(1382, 321, 256, 48, 2, 96),
	(1383, 211, 257, 35, 61, 2135),
	(1384, 222, 257, 35, 61, 2135),
	(1385, 290, 257, 35, 61, 2135),
	(1386, 318, 257, 35, 61, 2135),
	(1387, 77, 258, 47, 4, 188),
	(1388, 101, 258, 47, 4, 188),
	(1389, 105, 258, 47, 4, 188),
	(1390, 179, 258, 47, 4, 188),
	(1391, 202, 258, 47, 4, 188),
	(1392, 368, 258, 47, 4, 188),
	(1393, 7, 259, 70, 5, 350),
	(1394, 218, 259, 70, 5, 350),
	(1395, 246, 259, 70, 5, 350),
	(1396, 255, 259, 70, 5, 350),
	(1397, 279, 259, 70, 5, 350),
	(1398, 344, 259, 70, 5, 350),
	(1399, 372, 259, 70, 5, 350),
	(1400, 383, 259, 70, 5, 350),
	(1401, 393, 259, 70, 5, 350),
	(1402, 1, 260, 27, 65, 1755),
	(1403, 289, 260, 27, 65, 1755),
	(1404, 323, 260, 27, 65, 1755),
	(1405, 183, 261, 1, 28, 28),
	(1406, 317, 261, 1, 28, 28),
	(1407, 336, 261, 1, 28, 28),
	(1408, 10, 262, 46, 58, 2668),
	(1409, 97, 262, 46, 58, 2668),
	(1410, 159, 262, 46, 58, 2668),
	(1411, 251, 262, 46, 58, 2668),
	(1412, 256, 262, 46, 58, 2668),
	(1413, 315, 262, 46, 58, 2668),
	(1414, 322, 262, 46, 58, 2668),
	(1415, 347, 262, 46, 58, 2668),
	(1416, 369, 262, 46, 58, 2668),
	(1417, 33, 263, 63, 65, 4095),
	(1418, 81, 264, 29, 83, 2407),
	(1419, 102, 264, 29, 83, 2407),
	(1420, 121, 264, 29, 83, 2407),
	(1421, 178, 264, 29, 83, 2407),
	(1422, 255, 264, 29, 83, 2407),
	(1423, 372, 264, 29, 83, 2407),
	(1424, 391, 264, 29, 83, 2407),
	(1425, 221, 265, 7, 41, 287),
	(1426, 108, 266, 71, 15, 1065),
	(1427, 168, 266, 71, 15, 1065),
	(1428, 181, 266, 71, 15, 1065),
	(1429, 200, 266, 71, 15, 1065),
	(1430, 219, 266, 71, 15, 1065),
	(1431, 233, 266, 71, 15, 1065),
	(1432, 298, 266, 71, 15, 1065),
	(1433, 331, 266, 71, 15, 1065),
	(1434, 388, 266, 71, 15, 1065),
	(1435, 398, 266, 71, 15, 1065),
	(1436, 44, 267, 5, 6, 30),
	(1437, 63, 267, 5, 6, 30),
	(1438, 91, 267, 5, 6, 30),
	(1439, 384, 267, 5, 6, 30),
	(1440, 30, 268, 32, 22, 704),
	(1441, 41, 268, 32, 22, 704),
	(1442, 84, 268, 32, 22, 704),
	(1443, 287, 268, 32, 22, 704),
	(1444, 62, 269, 37, 20, 740),
	(1445, 105, 269, 37, 20, 740),
	(1446, 113, 269, 37, 20, 740),
	(1447, 119, 269, 37, 20, 740),
	(1448, 251, 269, 37, 20, 740),
	(1449, 283, 269, 37, 20, 740),
	(1450, 15, 270, 24, 8, 192),
	(1451, 34, 270, 24, 8, 192),
	(1452, 58, 270, 24, 8, 192),
	(1453, 90, 270, 24, 8, 192),
	(1454, 143, 270, 24, 8, 192),
	(1455, 200, 270, 24, 8, 192),
	(1456, 246, 270, 24, 8, 192),
	(1457, 257, 270, 24, 8, 192),
	(1458, 319, 270, 24, 8, 192),
	(1459, 390, 270, 24, 8, 192),
	(1460, 53, 271, 52, 28, 1456),
	(1461, 111, 271, 52, 28, 1456),
	(1462, 112, 271, 52, 28, 1456),
	(1463, 129, 271, 52, 28, 1456),
	(1464, 191, 271, 52, 28, 1456),
	(1465, 255, 271, 52, 28, 1456),
	(1466, 313, 271, 52, 28, 1456),
	(1467, 2, 272, 70, 32, 2240),
	(1468, 73, 272, 70, 32, 2240),
	(1469, 86, 272, 70, 32, 2240),
	(1470, 133, 272, 70, 32, 2240),
	(1471, 157, 272, 70, 32, 2240),
	(1472, 158, 272, 70, 32, 2240),
	(1473, 272, 272, 70, 32, 2240),
	(1474, 289, 272, 70, 32, 2240),
	(1475, 354, 272, 70, 32, 2240),
	(1476, 375, 272, 70, 32, 2240),
	(1477, 75, 273, 21, 84, 1764),
	(1478, 185, 273, 21, 84, 1764),
	(1479, 250, 273, 21, 84, 1764),
	(1480, 23, 274, 67, 60, 4020),
	(1481, 73, 274, 67, 60, 4020),
	(1482, 77, 274, 67, 60, 4020),
	(1483, 81, 274, 67, 60, 4020),
	(1484, 355, 274, 67, 60, 4020),
	(1485, 389, 274, 67, 60, 4020),
	(1486, 363, 275, 3, 96, 288),
	(1487, 364, 275, 3, 96, 288),
	(1488, 387, 275, 3, 96, 288),
	(1489, 331, 276, 34, 4, 136),
	(1490, 394, 276, 34, 4, 136),
	(1491, 31, 277, 55, 9, 495),
	(1492, 248, 277, 55, 9, 495),
	(1493, 295, 277, 55, 9, 495),
	(1494, 297, 277, 55, 9, 495),
	(1495, 387, 277, 55, 9, 495),
	(1496, 29, 278, 46, 94, 4324),
	(1497, 175, 278, 46, 94, 4324),
	(1498, 192, 278, 46, 94, 4324),
	(1499, 214, 278, 46, 94, 4324),
	(1500, 222, 278, 46, 94, 4324),
	(1501, 380, 278, 46, 94, 4324),
	(1502, 7, 279, 10, 85, 850),
	(1503, 43, 279, 10, 85, 850),
	(1504, 176, 279, 10, 85, 850),
	(1505, 123, 280, 90, 94, 8460),
	(1506, 171, 280, 90, 94, 8460),
	(1507, 337, 280, 90, 94, 8460),
	(1508, 82, 281, 82, 64, 5248),
	(1509, 38, 282, 42, 39, 1638),
	(1510, 58, 282, 42, 39, 1638),
	(1511, 107, 282, 42, 39, 1638),
	(1512, 134, 282, 42, 39, 1638),
	(1513, 146, 282, 42, 39, 1638),
	(1514, 230, 282, 42, 39, 1638),
	(1515, 274, 282, 42, 39, 1638),
	(1516, 316, 282, 42, 39, 1638),
	(1517, 17, 283, 25, 41, 1025),
	(1518, 180, 283, 25, 41, 1025),
	(1519, 299, 283, 25, 41, 1025),
	(1520, 326, 283, 25, 41, 1025),
	(1521, 119, 284, 8, 84, 672),
	(1522, 236, 284, 8, 84, 672),
	(1523, 279, 284, 8, 84, 672),
	(1524, 206, 285, 69, 18, 1242),
	(1525, 38, 286, 69, 3, 207),
	(1526, 58, 286, 69, 3, 207),
	(1527, 67, 286, 69, 3, 207),
	(1528, 138, 286, 69, 3, 207),
	(1529, 305, 286, 69, 3, 207),
	(1530, 330, 286, 69, 3, 207),
	(1531, 381, 286, 69, 3, 207),
	(1532, 39, 287, 61, 13, 793),
	(1533, 63, 287, 61, 13, 793),
	(1534, 39, 288, 73, 16, 1168),
	(1535, 83, 288, 73, 16, 1168),
	(1536, 148, 288, 73, 16, 1168),
	(1537, 171, 288, 73, 16, 1168),
	(1538, 197, 288, 73, 16, 1168),
	(1539, 208, 288, 73, 16, 1168),
	(1540, 268, 288, 73, 16, 1168),
	(1541, 274, 288, 73, 16, 1168),
	(1542, 337, 288, 73, 16, 1168),
	(1543, 391, 288, 73, 16, 1168),
	(1544, 56, 289, 89, 46, 4094),
	(1545, 153, 290, 53, 77, 4081),
	(1546, 275, 290, 53, 77, 4081),
	(1547, 74, 291, 16, 98, 1568),
	(1548, 148, 291, 16, 98, 1568),
	(1549, 183, 291, 16, 98, 1568),
	(1550, 277, 291, 16, 98, 1568),
	(1551, 367, 291, 16, 98, 1568),
	(1552, 376, 291, 16, 98, 1568),
	(1553, 24, 292, 37, 15, 555),
	(1554, 226, 292, 37, 15, 555),
	(1555, 304, 293, 99, 31, 3069),
	(1556, 333, 293, 99, 31, 3069),
	(1557, 372, 293, 99, 31, 3069),
	(1558, 135, 294, 69, 50, 3450),
	(1559, 141, 294, 69, 50, 3450),
	(1560, 179, 294, 69, 50, 3450),
	(1561, 196, 294, 69, 50, 3450),
	(1562, 283, 294, 69, 50, 3450),
	(1563, 340, 294, 69, 50, 3450),
	(1564, 11, 295, 48, 5, 240),
	(1565, 30, 295, 48, 5, 240),
	(1566, 72, 295, 48, 5, 240),
	(1567, 78, 295, 48, 5, 240),
	(1568, 143, 295, 48, 5, 240),
	(1569, 345, 295, 48, 5, 240),
	(1570, 380, 295, 48, 5, 240),
	(1571, 268, 296, 27, 82, 2214),
	(1572, 62, 297, 15, 44, 660),
	(1573, 273, 297, 15, 44, 660),
	(1574, 279, 297, 15, 44, 660),
	(1575, 341, 297, 15, 44, 660),
	(1576, 349, 297, 15, 44, 660),
	(1577, 212, 298, 81, 81, 6561),
	(1578, 4, 299, 24, 28, 672),
	(1579, 44, 299, 24, 28, 672),
	(1580, 47, 299, 24, 28, 672),
	(1581, 104, 299, 24, 28, 672),
	(1582, 167, 299, 24, 28, 672),
	(1583, 223, 299, 24, 28, 672),
	(1584, 294, 299, 24, 28, 672),
	(1585, 305, 299, 24, 28, 672),
	(1586, 70, 300, 84, 29, 2436),
	(1587, 79, 300, 84, 29, 2436),
	(1588, 143, 300, 84, 29, 2436),
	(1589, 235, 300, 84, 29, 2436),
	(1590, 255, 300, 84, 29, 2436),
	(1591, 268, 300, 84, 29, 2436),
	(1592, 293, 300, 84, 29, 2436),
	(1593, 295, 300, 84, 29, 2436),
	(1594, 303, 300, 84, 29, 2436),
	(1595, 321, 300, 84, 29, 2436),
	(1596, 159, 301, 66, 93, 6138),
	(1597, 169, 301, 66, 93, 6138),
	(1598, 304, 301, 66, 93, 6138),
	(1599, 341, 301, 66, 93, 6138),
	(1600, 268, 302, 27, 57, 1539),
	(1601, 297, 302, 27, 57, 1539),
	(1602, 320, 302, 27, 57, 1539),
	(1603, 53, 303, 5, 55, 275),
	(1604, 195, 303, 5, 55, 275),
	(1605, 218, 303, 5, 55, 275),
	(1606, 374, 303, 5, 55, 275),
	(1607, 74, 304, 43, 39, 1677),
	(1608, 101, 304, 43, 39, 1677),
	(1609, 167, 304, 43, 39, 1677),
	(1610, 191, 304, 43, 39, 1677),
	(1611, 209, 304, 43, 39, 1677),
	(1612, 305, 304, 43, 39, 1677),
	(1613, 317, 304, 43, 39, 1677),
	(1614, 330, 304, 43, 39, 1677),
	(1615, 348, 304, 43, 39, 1677),
	(1616, 7, 305, 13, 66, 858),
	(1617, 49, 305, 13, 66, 858),
	(1618, 262, 305, 13, 66, 858),
	(1619, 109, 306, 58, 81, 4698),
	(1620, 131, 306, 58, 81, 4698),
	(1621, 261, 306, 58, 81, 4698),
	(1622, 267, 306, 58, 81, 4698),
	(1623, 321, 306, 58, 81, 4698),
	(1624, 348, 306, 58, 81, 4698),
	(1625, 6, 307, 8, 45, 360),
	(1626, 28, 307, 8, 45, 360),
	(1627, 98, 307, 8, 45, 360),
	(1628, 119, 307, 8, 45, 360),
	(1629, 170, 307, 8, 45, 360),
	(1630, 210, 307, 8, 45, 360),
	(1631, 243, 307, 8, 45, 360),
	(1632, 314, 307, 8, 45, 360),
	(1633, 363, 307, 8, 45, 360),
	(1634, 29, 308, 72, 28, 2016),
	(1635, 115, 308, 72, 28, 2016),
	(1636, 128, 308, 72, 28, 2016),
	(1637, 173, 308, 72, 28, 2016),
	(1638, 190, 308, 72, 28, 2016),
	(1639, 220, 308, 72, 28, 2016),
	(1640, 245, 308, 72, 28, 2016),
	(1641, 315, 308, 72, 28, 2016),
	(1642, 319, 308, 72, 28, 2016),
	(1643, 18, 309, 19, 32, 608),
	(1644, 104, 309, 19, 32, 608),
	(1645, 152, 309, 19, 32, 608),
	(1646, 171, 309, 19, 32, 608),
	(1647, 186, 309, 19, 32, 608),
	(1648, 264, 309, 19, 32, 608),
	(1649, 339, 309, 19, 32, 608),
	(1650, 388, 309, 19, 32, 608),
	(1651, 27, 310, 92, 60, 5520),
	(1652, 43, 310, 92, 60, 5520),
	(1653, 47, 310, 92, 60, 5520),
	(1654, 92, 310, 92, 60, 5520),
	(1655, 129, 310, 92, 60, 5520),
	(1656, 195, 310, 92, 60, 5520),
	(1657, 263, 310, 92, 60, 5520),
	(1658, 334, 310, 92, 60, 5520),
	(1659, 357, 310, 92, 60, 5520),
	(1660, 51, 311, 55, 11, 605),
	(1661, 106, 311, 55, 11, 605),
	(1662, 113, 311, 55, 11, 605),
	(1663, 252, 311, 55, 11, 605),
	(1664, 308, 311, 55, 11, 605),
	(1665, 344, 311, 55, 11, 605),
	(1666, 189, 312, 92, 25, 2300),
	(1667, 242, 312, 92, 25, 2300),
	(1668, 399, 312, 92, 25, 2300),
	(1669, 58, 313, 12, 4, 48),
	(1670, 83, 313, 12, 4, 48),
	(1671, 212, 313, 12, 4, 48),
	(1672, 105, 314, 91, 59, 5369),
	(1673, 136, 314, 91, 59, 5369),
	(1674, 374, 314, 91, 59, 5369),
	(1675, 390, 314, 91, 59, 5369),
	(1676, 16, 315, 59, 1, 59),
	(1677, 106, 315, 59, 1, 59),
	(1678, 233, 315, 59, 1, 59),
	(1679, 284, 315, 59, 1, 59),
	(1680, 99, 316, 68, 32, 2176),
	(1681, 124, 316, 68, 32, 2176),
	(1682, 150, 316, 68, 32, 2176),
	(1683, 157, 316, 68, 32, 2176),
	(1684, 182, 316, 68, 32, 2176),
	(1685, 285, 316, 68, 32, 2176),
	(1686, 288, 316, 68, 32, 2176),
	(1687, 295, 316, 68, 32, 2176),
	(1688, 399, 316, 68, 32, 2176),
	(1689, 117, 317, 17, 10, 170),
	(1690, 206, 317, 17, 10, 170),
	(1691, 312, 317, 17, 10, 170),
	(1692, 136, 318, 71, 51, 3621),
	(1693, 233, 318, 71, 51, 3621),
	(1694, 250, 318, 71, 51, 3621),
	(1695, 254, 318, 71, 51, 3621),
	(1696, 291, 318, 71, 51, 3621),
	(1697, 347, 318, 71, 51, 3621),
	(1698, 368, 318, 71, 51, 3621),
	(1699, 387, 318, 71, 51, 3621),
	(1700, 394, 318, 71, 51, 3621),
	(1701, 122, 319, 68, 27, 1836),
	(1702, 132, 319, 68, 27, 1836),
	(1703, 232, 319, 68, 27, 1836),
	(1704, 257, 319, 68, 27, 1836),
	(1705, 316, 319, 68, 27, 1836),
	(1706, 347, 319, 68, 27, 1836),
	(1707, 7, 320, 83, 21, 1743),
	(1708, 242, 320, 83, 21, 1743),
	(1709, 267, 320, 83, 21, 1743),
	(1710, 313, 320, 83, 21, 1743),
	(1711, 348, 320, 83, 21, 1743),
	(1712, 391, 320, 83, 21, 1743),
	(1713, 188, 321, 56, 29, 1624),
	(1714, 390, 321, 56, 29, 1624),
	(1715, 96, 322, 72, 91, 6552),
	(1716, 280, 322, 72, 91, 6552),
	(1717, 15, 323, 81, 51, 4131),
	(1718, 59, 323, 81, 51, 4131),
	(1719, 90, 323, 81, 51, 4131),
	(1720, 129, 323, 81, 51, 4131),
	(1721, 205, 323, 81, 51, 4131),
	(1722, 238, 323, 81, 51, 4131),
	(1723, 271, 323, 81, 51, 4131),
	(1724, 287, 323, 81, 51, 4131),
	(1725, 379, 323, 81, 51, 4131),
	(1726, 384, 323, 81, 51, 4131),
	(1727, 19, 324, 25, 35, 875),
	(1728, 58, 324, 25, 35, 875),
	(1729, 83, 324, 25, 35, 875),
	(1730, 159, 324, 25, 35, 875),
	(1731, 203, 324, 25, 35, 875),
	(1732, 298, 324, 25, 35, 875),
	(1733, 345, 324, 25, 35, 875),
	(1734, 359, 324, 25, 35, 875),
	(1735, 270, 325, 92, 51, 4692),
	(1736, 290, 325, 92, 51, 4692),
	(1737, 301, 326, 60, 54, 3240),
	(1738, 351, 326, 60, 54, 3240),
	(1739, 70, 327, 25, 16, 400),
	(1740, 127, 327, 25, 16, 400),
	(1741, 128, 327, 25, 16, 400),
	(1742, 160, 327, 25, 16, 400),
	(1743, 332, 327, 25, 16, 400),
	(1744, 360, 327, 25, 16, 400),
	(1745, 376, 327, 25, 16, 400),
	(1746, 388, 327, 25, 16, 400),
	(1747, 3, 328, 68, 42, 2856),
	(1748, 33, 328, 68, 42, 2856),
	(1749, 112, 328, 68, 42, 2856),
	(1750, 190, 328, 68, 42, 2856),
	(1751, 205, 328, 68, 42, 2856),
	(1752, 234, 328, 68, 42, 2856),
	(1753, 260, 328, 68, 42, 2856),
	(1754, 314, 328, 68, 42, 2856),
	(1755, 341, 328, 68, 42, 2856),
	(1756, 343, 328, 68, 42, 2856),
	(1757, 114, 329, 92, 25, 2300),
	(1758, 121, 329, 92, 25, 2300),
	(1759, 144, 329, 92, 25, 2300),
	(1760, 154, 329, 92, 25, 2300),
	(1761, 221, 329, 92, 25, 2300),
	(1762, 114, 330, 93, 17, 1581),
	(1763, 230, 330, 93, 17, 1581),
	(1764, 311, 330, 93, 17, 1581),
	(1765, 327, 330, 93, 17, 1581),
	(1766, 119, 331, 49, 79, 3871),
	(1767, 208, 331, 49, 79, 3871),
	(1768, 9, 332, 1, 2, 2),
	(1769, 155, 332, 1, 2, 2),
	(1770, 193, 332, 1, 2, 2),
	(1771, 203, 332, 1, 2, 2),
	(1772, 240, 332, 1, 2, 2),
	(1773, 264, 332, 1, 2, 2),
	(1774, 292, 332, 1, 2, 2),
	(1775, 332, 332, 1, 2, 2),
	(1776, 378, 332, 1, 2, 2),
	(1777, 388, 332, 1, 2, 2),
	(1778, 62, 333, 40, 25, 1000),
	(1779, 87, 333, 40, 25, 1000),
	(1780, 148, 333, 40, 25, 1000),
	(1781, 217, 333, 40, 25, 1000),
	(1782, 234, 333, 40, 25, 1000),
	(1783, 270, 333, 40, 25, 1000),
	(1784, 283, 333, 40, 25, 1000),
	(1785, 10, 334, 56, 55, 3080),
	(1786, 67, 334, 56, 55, 3080),
	(1787, 70, 334, 56, 55, 3080),
	(1788, 160, 334, 56, 55, 3080),
	(1789, 168, 334, 56, 55, 3080),
	(1790, 231, 334, 56, 55, 3080),
	(1791, 291, 334, 56, 55, 3080),
	(1792, 344, 334, 56, 55, 3080),
	(1793, 397, 334, 56, 55, 3080),
	(1794, 97, 335, 93, 11, 1023),
	(1795, 179, 335, 93, 11, 1023),
	(1796, 399, 335, 93, 11, 1023),
	(1797, 57, 336, 44, 51, 2244),
	(1798, 77, 336, 44, 51, 2244),
	(1799, 203, 336, 44, 51, 2244),
	(1800, 275, 336, 44, 51, 2244),
	(1801, 6, 337, 100, 97, 9700),
	(1802, 58, 337, 100, 97, 9700),
	(1803, 74, 337, 100, 97, 9700),
	(1804, 95, 337, 100, 97, 9700),
	(1805, 135, 337, 100, 97, 9700),
	(1806, 227, 337, 100, 97, 9700),
	(1807, 259, 337, 100, 97, 9700),
	(1808, 307, 337, 100, 97, 9700),
	(1809, 358, 337, 100, 97, 9700),
	(1810, 395, 337, 100, 97, 9700),
	(1811, 161, 338, 80, 56, 4480),
	(1812, 169, 338, 80, 56, 4480),
	(1813, 245, 338, 80, 56, 4480),
	(1814, 297, 338, 80, 56, 4480),
	(1815, 374, 338, 80, 56, 4480),
	(1816, 380, 338, 80, 56, 4480),
	(1817, 153, 339, 57, 18, 1026),
	(1818, 359, 339, 57, 18, 1026),
	(1819, 100, 340, 66, 11, 726),
	(1820, 197, 340, 66, 11, 726),
	(1821, 236, 340, 66, 11, 726),
	(1822, 255, 340, 66, 11, 726),
	(1823, 256, 340, 66, 11, 726),
	(1824, 21, 341, 22, 75, 1650),
	(1825, 4, 342, 6, 83, 498),
	(1826, 157, 342, 6, 83, 498),
	(1827, 184, 342, 6, 83, 498),
	(1828, 204, 342, 6, 83, 498),
	(1829, 220, 342, 6, 83, 498),
	(1830, 244, 342, 6, 83, 498),
	(1831, 246, 342, 6, 83, 498),
	(1832, 251, 342, 6, 83, 498),
	(1833, 371, 342, 6, 83, 498),
	(1834, 82, 343, 58, 6, 348),
	(1835, 83, 343, 58, 6, 348),
	(1836, 158, 343, 58, 6, 348),
	(1837, 159, 343, 58, 6, 348),
	(1838, 182, 343, 58, 6, 348),
	(1839, 198, 343, 58, 6, 348),
	(1840, 206, 343, 58, 6, 348),
	(1841, 367, 343, 58, 6, 348),
	(1842, 369, 343, 58, 6, 348),
	(1843, 9, 344, 7, 86, 602),
	(1844, 258, 344, 7, 86, 602),
	(1845, 55, 345, 27, 51, 1377),
	(1846, 105, 345, 27, 51, 1377),
	(1847, 174, 345, 27, 51, 1377),
	(1848, 291, 345, 27, 51, 1377),
	(1849, 301, 345, 27, 51, 1377),
	(1850, 367, 345, 27, 51, 1377),
	(1851, 382, 345, 27, 51, 1377),
	(1852, 399, 345, 27, 51, 1377),
	(1853, 41, 346, 19, 46, 874),
	(1854, 72, 346, 19, 46, 874),
	(1855, 77, 346, 19, 46, 874),
	(1856, 136, 346, 19, 46, 874),
	(1857, 257, 346, 19, 46, 874),
	(1858, 263, 346, 19, 46, 874),
	(1859, 380, 346, 19, 46, 874),
	(1860, 123, 347, 43, 74, 3182),
	(1861, 220, 347, 43, 74, 3182),
	(1862, 274, 347, 43, 74, 3182),
	(1863, 369, 347, 43, 74, 3182),
	(1864, 376, 347, 43, 74, 3182),
	(1865, 23, 348, 33, 15, 495),
	(1866, 140, 348, 33, 15, 495),
	(1867, 166, 348, 33, 15, 495),
	(1868, 170, 348, 33, 15, 495),
	(1869, 186, 348, 33, 15, 495),
	(1870, 190, 348, 33, 15, 495),
	(1871, 243, 348, 33, 15, 495),
	(1872, 291, 348, 33, 15, 495),
	(1873, 348, 348, 33, 15, 495),
	(1874, 4, 349, 87, 20, 1740),
	(1875, 43, 349, 87, 20, 1740),
	(1876, 137, 349, 87, 20, 1740),
	(1877, 170, 349, 87, 20, 1740),
	(1878, 233, 349, 87, 20, 1740),
	(1879, 261, 349, 87, 20, 1740),
	(1880, 272, 349, 87, 20, 1740),
	(1881, 277, 349, 87, 20, 1740),
	(1882, 299, 349, 87, 20, 1740),
	(1883, 311, 349, 87, 20, 1740),
	(1884, 23, 350, 87, 32, 2784),
	(1885, 217, 350, 87, 32, 2784),
	(1886, 241, 350, 87, 32, 2784),
	(1887, 252, 350, 87, 32, 2784),
	(1888, 394, 350, 87, 32, 2784),
	(1889, 39, 351, 94, 61, 5734),
	(1890, 158, 351, 94, 61, 5734),
	(1891, 165, 351, 94, 61, 5734),
	(1892, 166, 351, 94, 61, 5734),
	(1893, 214, 351, 94, 61, 5734),
	(1894, 217, 351, 94, 61, 5734),
	(1895, 229, 351, 94, 61, 5734),
	(1896, 324, 351, 94, 61, 5734),
	(1897, 391, 351, 94, 61, 5734),
	(1898, 26, 352, 51, 3, 153),
	(1899, 81, 352, 51, 3, 153),
	(1900, 89, 352, 51, 3, 153),
	(1901, 105, 352, 51, 3, 153),
	(1902, 112, 352, 51, 3, 153),
	(1903, 148, 352, 51, 3, 153),
	(1904, 237, 352, 51, 3, 153),
	(1905, 306, 352, 51, 3, 153),
	(1906, 4, 353, 39, 18, 702),
	(1907, 6, 353, 39, 18, 702),
	(1908, 90, 353, 39, 18, 702),
	(1909, 115, 353, 39, 18, 702),
	(1910, 124, 353, 39, 18, 702),
	(1911, 150, 353, 39, 18, 702),
	(1912, 252, 353, 39, 18, 702),
	(1913, 304, 353, 39, 18, 702),
	(1914, 348, 353, 39, 18, 702),
	(1915, 367, 353, 39, 18, 702),
	(1916, 40, 354, 65, 89, 5785),
	(1917, 59, 354, 65, 89, 5785),
	(1918, 88, 354, 65, 89, 5785),
	(1919, 103, 354, 65, 89, 5785),
	(1920, 114, 354, 65, 89, 5785),
	(1921, 166, 354, 65, 89, 5785),
	(1922, 353, 354, 65, 89, 5785),
	(1923, 356, 354, 65, 89, 5785),
	(1924, 172, 355, 5, 78, 390),
	(1925, 205, 355, 5, 78, 390),
	(1926, 225, 355, 5, 78, 390),
	(1927, 254, 355, 5, 78, 390),
	(1928, 256, 355, 5, 78, 390),
	(1929, 266, 355, 5, 78, 390),
	(1930, 28, 356, 63, 10, 630),
	(1931, 45, 356, 63, 10, 630),
	(1932, 47, 356, 63, 10, 630),
	(1933, 138, 356, 63, 10, 630),
	(1934, 149, 356, 63, 10, 630),
	(1935, 218, 356, 63, 10, 630),
	(1936, 297, 356, 63, 10, 630),
	(1937, 301, 356, 63, 10, 630),
	(1938, 311, 356, 63, 10, 630),
	(1939, 130, 357, 34, 37, 1258),
	(1940, 150, 357, 34, 37, 1258),
	(1941, 241, 357, 34, 37, 1258),
	(1942, 292, 357, 34, 37, 1258),
	(1943, 324, 357, 34, 37, 1258),
	(1944, 16, 358, 84, 15, 1260),
	(1945, 26, 358, 84, 15, 1260),
	(1946, 48, 358, 84, 15, 1260),
	(1947, 49, 358, 84, 15, 1260),
	(1948, 79, 358, 84, 15, 1260),
	(1949, 87, 358, 84, 15, 1260),
	(1950, 259, 358, 84, 15, 1260),
	(1951, 288, 358, 84, 15, 1260),
	(1952, 360, 358, 84, 15, 1260),
	(1953, 25, 359, 51, 56, 2856),
	(1954, 67, 359, 51, 56, 2856),
	(1955, 115, 359, 51, 56, 2856),
	(1956, 143, 359, 51, 56, 2856),
	(1957, 98, 360, 40, 4, 160),
	(1958, 111, 360, 40, 4, 160),
	(1959, 150, 360, 40, 4, 160),
	(1960, 218, 360, 40, 4, 160),
	(1961, 234, 360, 40, 4, 160),
	(1962, 281, 360, 40, 4, 160),
	(1963, 349, 360, 40, 4, 160),
	(1964, 364, 360, 40, 4, 160),
	(1965, 376, 360, 40, 4, 160),
	(1966, 90, 361, 35, 76, 2660),
	(1967, 259, 361, 35, 76, 2660),
	(1968, 330, 361, 35, 76, 2660),
	(1969, 2, 362, 27, 46, 1242),
	(1970, 175, 362, 27, 46, 1242),
	(1971, 190, 362, 27, 46, 1242),
	(1972, 276, 362, 27, 46, 1242),
	(1973, 307, 362, 27, 46, 1242),
	(1974, 18, 363, 43, 12, 516),
	(1975, 77, 363, 43, 12, 516),
	(1976, 173, 363, 43, 12, 516),
	(1977, 182, 363, 43, 12, 516),
	(1978, 192, 363, 43, 12, 516),
	(1979, 206, 363, 43, 12, 516),
	(1980, 236, 363, 43, 12, 516),
	(1981, 261, 363, 43, 12, 516),
	(1982, 281, 363, 43, 12, 516),
	(1983, 285, 363, 43, 12, 516),
	(1984, 16, 364, 4, 78, 312),
	(1985, 227, 364, 4, 78, 312),
	(1986, 231, 364, 4, 78, 312),
	(1987, 292, 364, 4, 78, 312),
	(1988, 335, 364, 4, 78, 312),
	(1989, 369, 364, 4, 78, 312),
	(1990, 389, 364, 4, 78, 312),
	(1991, 35, 365, 47, 81, 3807),
	(1992, 38, 365, 47, 81, 3807),
	(1993, 58, 365, 47, 81, 3807),
	(1994, 93, 365, 47, 81, 3807),
	(1995, 130, 365, 47, 81, 3807),
	(1996, 137, 365, 47, 81, 3807),
	(1997, 155, 365, 47, 81, 3807),
	(1998, 256, 365, 47, 81, 3807),
	(1999, 270, 365, 47, 81, 3807),
	(2000, 289, 365, 47, 81, 3807),
	(2001, 9, 366, 85, 98, 8330),
	(2002, 209, 366, 85, 98, 8330),
	(2003, 220, 366, 85, 98, 8330),
	(2004, 226, 366, 85, 98, 8330),
	(2005, 337, 366, 85, 98, 8330),
	(2006, 364, 366, 85, 98, 8330),
	(2007, 365, 366, 85, 98, 8330),
	(2008, 6, 367, 47, 100, 4700),
	(2009, 257, 367, 47, 100, 4700),
	(2010, 295, 367, 47, 100, 4700),
	(2011, 359, 367, 47, 100, 4700),
	(2012, 93, 368, 8, 1, 8),
	(2013, 113, 368, 8, 1, 8),
	(2014, 191, 368, 8, 1, 8),
	(2015, 327, 368, 8, 1, 8),
	(2016, 377, 368, 8, 1, 8),
	(2017, 385, 368, 8, 1, 8),
	(2018, 11, 369, 81, 25, 2025),
	(2019, 158, 369, 81, 25, 2025),
	(2020, 194, 369, 81, 25, 2025),
	(2021, 270, 369, 81, 25, 2025),
	(2022, 301, 369, 81, 25, 2025),
	(2023, 314, 369, 81, 25, 2025),
	(2024, 368, 369, 81, 25, 2025),
	(2025, 139, 370, 25, 77, 1925),
	(2026, 209, 370, 25, 77, 1925),
	(2027, 236, 370, 25, 77, 1925),
	(2028, 351, 370, 25, 77, 1925),
	(2029, 63, 371, 78, 67, 5226),
	(2030, 150, 371, 78, 67, 5226),
	(2031, 189, 371, 78, 67, 5226),
	(2032, 196, 371, 78, 67, 5226),
	(2033, 76, 372, 89, 42, 3738),
	(2034, 111, 372, 89, 42, 3738),
	(2035, 120, 372, 89, 42, 3738),
	(2036, 145, 372, 89, 42, 3738),
	(2037, 147, 372, 89, 42, 3738),
	(2038, 174, 372, 89, 42, 3738),
	(2039, 252, 372, 89, 42, 3738),
	(2040, 355, 372, 89, 42, 3738),
	(2041, 65, 373, 48, 92, 4416),
	(2042, 96, 373, 48, 92, 4416),
	(2043, 121, 373, 48, 92, 4416),
	(2044, 130, 373, 48, 92, 4416),
	(2045, 280, 373, 48, 92, 4416),
	(2046, 298, 373, 48, 92, 4416),
	(2047, 398, 373, 48, 92, 4416),
	(2048, 400, 373, 48, 92, 4416),
	(2049, 16, 374, 66, 39, 2574),
	(2050, 149, 374, 66, 39, 2574),
	(2051, 198, 374, 66, 39, 2574),
	(2052, 217, 374, 66, 39, 2574),
	(2053, 298, 374, 66, 39, 2574),
	(2054, 340, 374, 66, 39, 2574),
	(2055, 365, 374, 66, 39, 2574),
	(2056, 379, 374, 66, 39, 2574),
	(2057, 88, 375, 24, 25, 600),
	(2058, 124, 375, 24, 25, 600),
	(2059, 168, 375, 24, 25, 600),
	(2060, 302, 376, 46, 4, 184),
	(2061, 357, 376, 46, 4, 184),
	(2062, 47, 377, 5, 22, 110),
	(2063, 333, 377, 5, 22, 110),
	(2064, 135, 378, 73, 63, 4599),
	(2065, 185, 378, 73, 63, 4599),
	(2066, 394, 378, 73, 63, 4599),
	(2067, 232, 379, 82, 68, 5576),
	(2068, 284, 379, 82, 68, 5576),
	(2069, 3, 380, 36, 24, 864),
	(2070, 77, 380, 36, 24, 864),
	(2071, 181, 380, 36, 24, 864),
	(2072, 188, 380, 36, 24, 864),
	(2073, 212, 380, 36, 24, 864),
	(2074, 260, 380, 36, 24, 864),
	(2075, 96, 381, 32, 48, 1536),
	(2076, 189, 381, 32, 48, 1536),
	(2077, 19, 382, 4, 25, 100),
	(2078, 98, 382, 4, 25, 100),
	(2079, 186, 382, 4, 25, 100),
	(2080, 240, 382, 4, 25, 100),
	(2081, 243, 382, 4, 25, 100),
	(2082, 267, 382, 4, 25, 100),
	(2083, 277, 382, 4, 25, 100),
	(2084, 297, 382, 4, 25, 100),
	(2085, 319, 382, 4, 25, 100),
	(2086, 208, 383, 64, 7, 448),
	(2087, 226, 383, 64, 7, 448),
	(2088, 344, 383, 64, 7, 448),
	(2089, 51, 384, 16, 89, 1424),
	(2090, 58, 384, 16, 89, 1424),
	(2091, 102, 384, 16, 89, 1424),
	(2092, 136, 384, 16, 89, 1424),
	(2093, 160, 384, 16, 89, 1424),
	(2094, 168, 384, 16, 89, 1424),
	(2095, 313, 384, 16, 89, 1424),
	(2096, 119, 385, 8, 8, 64),
	(2097, 192, 385, 8, 8, 64),
	(2098, 238, 385, 8, 8, 64),
	(2099, 297, 385, 8, 8, 64),
	(2100, 385, 385, 8, 8, 64),
	(2101, 85, 386, 25, 59, 1475),
	(2102, 257, 386, 25, 59, 1475),
	(2103, 13, 387, 84, 3, 252),
	(2104, 14, 387, 84, 3, 252),
	(2105, 33, 387, 84, 3, 252),
	(2106, 139, 387, 84, 3, 252),
	(2107, 200, 387, 84, 3, 252),
	(2108, 313, 387, 84, 3, 252),
	(2109, 394, 387, 84, 3, 252),
	(2110, 173, 388, 63, 87, 5481),
	(2111, 187, 388, 63, 87, 5481),
	(2112, 188, 388, 63, 87, 5481),
	(2113, 195, 388, 63, 87, 5481),
	(2114, 203, 388, 63, 87, 5481),
	(2115, 88, 389, 23, 28, 644),
	(2116, 335, 389, 23, 28, 644),
	(2117, 92, 390, 96, 94, 9024),
	(2118, 113, 390, 96, 94, 9024),
	(2119, 187, 390, 96, 94, 9024),
	(2120, 204, 390, 96, 94, 9024),
	(2121, 205, 390, 96, 94, 9024),
	(2122, 246, 390, 96, 94, 9024),
	(2123, 290, 390, 96, 94, 9024),
	(2124, 353, 390, 96, 94, 9024),
	(2125, 382, 390, 96, 94, 9024),
	(2126, 392, 390, 96, 94, 9024),
	(2127, 85, 391, 76, 94, 7144),
	(2128, 159, 391, 76, 94, 7144),
	(2129, 189, 391, 76, 94, 7144),
	(2130, 259, 391, 76, 94, 7144),
	(2131, 353, 391, 76, 94, 7144),
	(2132, 361, 391, 76, 94, 7144),
	(2133, 134, 392, 40, 66, 2640),
	(2134, 269, 392, 40, 66, 2640),
	(2135, 284, 392, 40, 66, 2640),
	(2136, 376, 392, 40, 66, 2640),
	(2137, 49, 393, 69, 23, 1587),
	(2138, 115, 393, 69, 23, 1587),
	(2139, 141, 393, 69, 23, 1587),
	(2140, 153, 393, 69, 23, 1587),
	(2141, 158, 393, 69, 23, 1587),
	(2142, 200, 393, 69, 23, 1587),
	(2143, 270, 393, 69, 23, 1587),
	(2144, 280, 393, 69, 23, 1587),
	(2145, 281, 393, 69, 23, 1587),
	(2146, 50, 394, 64, 58, 3712),
	(2147, 115, 394, 64, 58, 3712),
	(2148, 152, 394, 64, 58, 3712),
	(2149, 160, 394, 64, 58, 3712),
	(2150, 198, 394, 64, 58, 3712),
	(2151, 267, 394, 64, 58, 3712),
	(2152, 296, 394, 64, 58, 3712),
	(2153, 315, 394, 64, 58, 3712),
	(2154, 22, 395, 56, 4, 224),
	(2155, 100, 395, 56, 4, 224),
	(2156, 176, 395, 56, 4, 224),
	(2157, 178, 395, 56, 4, 224),
	(2158, 230, 395, 56, 4, 224),
	(2159, 248, 395, 56, 4, 224),
	(2160, 296, 395, 56, 4, 224),
	(2161, 307, 395, 56, 4, 224),
	(2162, 356, 395, 56, 4, 224),
	(2163, 380, 395, 56, 4, 224),
	(2164, 2, 396, 28, 23, 644),
	(2165, 101, 396, 28, 23, 644),
	(2166, 114, 396, 28, 23, 644),
	(2167, 140, 396, 28, 23, 644),
	(2168, 270, 396, 28, 23, 644),
	(2169, 291, 396, 28, 23, 644),
	(2170, 304, 396, 28, 23, 644),
	(2171, 31, 397, 24, 62, 1488),
	(2172, 54, 397, 24, 62, 1488),
	(2173, 93, 397, 24, 62, 1488),
	(2174, 104, 397, 24, 62, 1488),
	(2175, 241, 397, 24, 62, 1488),
	(2176, 248, 397, 24, 62, 1488),
	(2177, 247, 398, 15, 63, 945),
	(2178, 290, 398, 15, 63, 945),
	(2179, 347, 398, 15, 63, 945),
	(2180, 384, 398, 15, 63, 945),
	(2181, 342, 399, 40, 73, 2920),
	(2182, 368, 399, 40, 73, 2920),
	(2183, 31, 400, 95, 6, 570),
	(2184, 132, 400, 95, 6, 570),
	(2185, 185, 400, 95, 6, 570),
	(2186, 277, 400, 95, 6, 570),
	(2187, 321, 400, 95, 6, 570);

-- Dumping structure for table api_ventas.failed_jobs
CREATE TABLE IF NOT EXISTS `failed_jobs` (
  `id` bigint(20) unsigned NOT NULL AUTO_INCREMENT,
  `uuid` varchar(255) NOT NULL,
  `connection` text NOT NULL,
  `queue` text NOT NULL,
  `payload` longtext NOT NULL,
  `exception` longtext NOT NULL,
  `failed_at` timestamp NOT NULL DEFAULT current_timestamp(),
  PRIMARY KEY (`id`),
  UNIQUE KEY `failed_jobs_uuid_unique` (`uuid`)
) ENGINE=InnoDB DEFAULT CHARSET=utf8mb4 COLLATE=utf8mb4_unicode_ci;

-- Dumping data for table api_ventas.failed_jobs: ~0 rows (approximately)
DELETE FROM `failed_jobs`;

-- Dumping structure for table api_ventas.jobs
CREATE TABLE IF NOT EXISTS `jobs` (
  `id` bigint(20) unsigned NOT NULL AUTO_INCREMENT,
  `queue` varchar(255) NOT NULL,
  `payload` longtext NOT NULL,
  `attempts` tinyint(3) unsigned NOT NULL,
  `reserved_at` int(10) unsigned DEFAULT NULL,
  `available_at` int(10) unsigned NOT NULL,
  `created_at` int(10) unsigned NOT NULL,
  PRIMARY KEY (`id`),
  KEY `jobs_queue_index` (`queue`)
) ENGINE=InnoDB DEFAULT CHARSET=utf8mb4 COLLATE=utf8mb4_unicode_ci;

-- Dumping data for table api_ventas.jobs: ~0 rows (approximately)
DELETE FROM `jobs`;

-- Dumping structure for table api_ventas.job_batches
CREATE TABLE IF NOT EXISTS `job_batches` (
  `id` varchar(255) NOT NULL,
  `name` varchar(255) NOT NULL,
  `total_jobs` int(11) NOT NULL,
  `pending_jobs` int(11) NOT NULL,
  `failed_jobs` int(11) NOT NULL,
  `failed_job_ids` longtext NOT NULL,
  `options` mediumtext DEFAULT NULL,
  `cancelled_at` int(11) DEFAULT NULL,
  `created_at` int(11) NOT NULL,
  `finished_at` int(11) DEFAULT NULL,
  PRIMARY KEY (`id`)
) ENGINE=InnoDB DEFAULT CHARSET=utf8mb4 COLLATE=utf8mb4_unicode_ci;

-- Dumping data for table api_ventas.job_batches: ~0 rows (approximately)
DELETE FROM `job_batches`;

-- Dumping structure for table api_ventas.migrations
CREATE TABLE IF NOT EXISTS `migrations` (
  `id` int(10) unsigned NOT NULL AUTO_INCREMENT,
  `migration` varchar(255) NOT NULL,
  `batch` int(11) NOT NULL,
  PRIMARY KEY (`id`)
) ENGINE=InnoDB AUTO_INCREMENT=11 DEFAULT CHARSET=utf8mb4 COLLATE=utf8mb4_unicode_ci;

-- Dumping data for table api_ventas.migrations: ~10 rows (approximately)
DELETE FROM `migrations`;
INSERT INTO `migrations` (`id`, `migration`, `batch`) VALUES
	(1, '0001_01_01_000000_create_users_table', 1),
	(2, '0001_01_01_000001_create_cache_table', 1),
	(3, '0001_01_01_000002_create_jobs_table', 1),
	(4, '2024_06_17_204558_create_clientes_table', 1),
	(5, '2024_06_17_204651_create_proveedores_table', 1),
	(6, '2024_06_17_204810_create_productos_table', 1),
	(7, '2024_06_17_205127_create_compras_table', 1),
	(8, '2024_06_17_205257_create_compra_detalle_table', 1),
	(9, '2024_06_17_205339_create_ventas_table', 1),
	(10, '2024_06_17_205451_create_venta_detalle_table', 1);

-- Dumping structure for table api_ventas.password_reset_tokens
CREATE TABLE IF NOT EXISTS `password_reset_tokens` (
  `email` varchar(255) NOT NULL,
  `token` varchar(255) NOT NULL,
  `created_at` timestamp NULL DEFAULT NULL,
  PRIMARY KEY (`email`)
) ENGINE=InnoDB DEFAULT CHARSET=utf8mb4 COLLATE=utf8mb4_unicode_ci;

-- Dumping data for table api_ventas.password_reset_tokens: ~0 rows (approximately)
DELETE FROM `password_reset_tokens`;

-- Dumping structure for table api_ventas.productos
CREATE TABLE IF NOT EXISTS `productos` (
  `id` bigint(20) unsigned NOT NULL AUTO_INCREMENT,
  `nombre` varchar(255) NOT NULL,
  `codigo` varchar(255) DEFAULT NULL,
  `precio` varchar(255) DEFAULT NULL,
  `disponible` varchar(255) DEFAULT NULL,
  PRIMARY KEY (`id`)
) ENGINE=InnoDB AUTO_INCREMENT=401 DEFAULT CHARSET=utf8mb4 COLLATE=utf8mb4_unicode_ci;

-- Dumping data for table api_ventas.productos: ~400 rows (approximately)
DELETE FROM `productos`;
INSERT INTO `productos` (`id`, `nombre`, `codigo`, `precio`, `disponible`) VALUES
	(1, 'Nuevos datos de productos', '5763840171488', '3', '35'),
	(2, 'explicabo', '1625388062908', '77', '21'),
	(3, 'aut', '0638594385717', '66', '70'),
	(4, 'quibusdam', '2453767701327', '90', '40'),
	(5, 'quibusdam', '9885214785469', '66', '3'),
	(6, 'vero', '0388010760764', '46', '50'),
	(7, 'quas', '0415050851869', '54', '26'),
	(8, 'nihil', '7981789091133', '50', '27'),
	(9, 'velit', '1580696497142', '65', '41'),
	(10, 'hic', '0423918266526', '47', '95'),
	(11, 'laudantium', '3224617501249', '34', '99'),
	(12, 'totam', '9792034125682', '92', '45'),
	(13, 'deserunt', '2431870719507', '55', '92'),
	(14, 'voluptatem', '8054458708546', '85', '100'),
	(15, 'ex', '1596029868480', '61', '51'),
	(16, 'tempore', '2673200001368', '60', '44'),
	(17, 'sit', '9495388972611', '82', '45'),
	(18, 'dolorem', '8313705691148', '31', '47'),
	(19, 'libero', '0164328576040', '9', '57'),
	(20, 'voluptate', '1527220321825', '10', '86'),
	(21, 'quos', '7804807904690', '61', '9'),
	(22, 'perferendis', '7888995817833', '10', '26'),
	(23, 'distinctio', '4513067333418', '86', '2'),
	(24, 'et', '6661567742112', '24', '31'),
	(25, 'sit', '9369367300538', '43', '25'),
	(26, 'odio', '1336705239421', '60', '70'),
	(27, 'architecto', '5408548481667', '33', '37'),
	(28, 'et', '9662245568465', '66', '50'),
	(29, 'id', '9328683861451', '39', '39'),
	(30, 'corporis', '3740343896232', '44', '21'),
	(31, 'est', '0562418346243', '7', '67'),
	(32, 'laudantium', '0975146887375', '7', '45'),
	(33, 'repudiandae', '4580486388596', '81', '61'),
	(34, 'illo', '1141057972656', '54', '10'),
	(35, 'est', '9681367457112', '47', '98'),
	(36, 'est', '3847154256016', '31', '11'),
	(37, 'maxime', '8194679226730', '47', '95'),
	(38, 'qui', '3793580048476', '43', '95'),
	(39, 'ut', '9877471462290', '36', '39'),
	(40, 'perspiciatis', '0820016589524', '3', '54'),
	(41, 'occaecati', '1778740550282', '26', '32'),
	(42, 'a', '5156938811821', '11', '49'),
	(43, 'omnis', '8083186318826', '99', '25'),
	(44, 'quidem', '1679079934456', '4', '25'),
	(45, 'in', '7323757400903', '23', '85'),
	(46, 'est', '9659276141224', '24', '67'),
	(47, 'rerum', '7710667138055', '31', '29'),
	(48, 'excepturi', '3304105743563', '56', '70'),
	(49, 'ullam', '4963864044794', '66', '12'),
	(50, 'praesentium', '6064699540494', '34', '28'),
	(51, 'repudiandae', '9409717414635', '34', '85'),
	(52, 'expedita', '6562790646751', '84', '99'),
	(53, 'rerum', '3333032337699', '26', '81'),
	(54, 'laudantium', '6725555895164', '52', '94'),
	(55, 'et', '4891554134084', '68', '37'),
	(56, 'id', '1195703120045', '70', '68'),
	(57, 'quia', '0977557552910', '32', '39'),
	(58, 'iste', '3000031372357', '76', '12'),
	(59, 'ut', '3411005662662', '9', '85'),
	(60, 'earum', '8493141788890', '21', '81'),
	(61, 'vitae', '1399055715915', '52', '60'),
	(62, 'mollitia', '3565741188891', '45', '51'),
	(63, 'et', '9896800498526', '51', '37'),
	(64, 'et', '6014558075360', '77', '83'),
	(65, 'id', '2185991955848', '24', '5'),
	(66, 'et', '2903302639634', '41', '92'),
	(67, 'mollitia', '7562430358616', '69', '72'),
	(68, 'est', '1173732127655', '35', '25'),
	(69, 'a', '7111825142202', '64', '1'),
	(70, 'unde', '8566834529015', '94', '43'),
	(71, 'sed', '0696262349867', '69', '73'),
	(72, 'sed', '9131245445934', '99', '91'),
	(73, 'aut', '2066474002030', '61', '76'),
	(74, 'vero', '0937280893889', '79', '31'),
	(75, 'et', '9500558219684', '78', '56'),
	(76, 'tempore', '0771551504841', '1', '38'),
	(77, 'quisquam', '8809064047523', '49', '78'),
	(78, 'accusantium', '9861944205682', '53', '33'),
	(79, 'consequuntur', '9324072942091', '37', '25'),
	(80, 'sunt', '1453837120981', '52', '59'),
	(81, 'amet', '4677483804157', '3', '58'),
	(82, 'aliquid', '6657843129715', '33', '75'),
	(83, 'fugiat', '8952783921886', '3', '99'),
	(84, 'accusantium', '0730480219882', '90', '98'),
	(85, 'corrupti', '9133870752111', '33', '64'),
	(86, 'iusto', '7333745948003', '6', '25'),
	(87, 'praesentium', '1096520178922', '15', '25'),
	(88, 'ullam', '9150497815319', '32', '84'),
	(89, 'velit', '6372742632813', '26', '60'),
	(90, 'esse', '3208171563004', '60', '36'),
	(91, 'nobis', '5019127708077', '86', '61'),
	(92, 'fuga', '7026185459344', '61', '70'),
	(93, 'vitae', '6336516001243', '18', '64'),
	(94, 'fuga', '7866226010772', '18', '62'),
	(95, 'dolores', '2328160989644', '62', '57'),
	(96, 'fuga', '4469126771267', '59', '79'),
	(97, 'incidunt', '8671195434660', '70', '79'),
	(98, 'hic', '9547794160448', '11', '65'),
	(99, 'laboriosam', '8388975251484', '19', '61'),
	(100, 'sit', '1782201445512', '42', '56'),
	(101, 'quam', '4843786113702', '30', '64'),
	(102, 'dicta', '1801282607432', '63', '49'),
	(103, 'quod', '6027978000645', '64', '16'),
	(104, 'voluptatem', '9726535549715', '63', '44'),
	(105, 'voluptatum', '9780277962768', '18', '13'),
	(106, 'omnis', '3197612503979', '48', '91'),
	(107, 'ut', '6239469529584', '82', '14'),
	(108, 'qui', '7373196736484', '34', '12'),
	(109, 'explicabo', '0664407877544', '18', '3'),
	(110, 'tempore', '2240110253301', '33', '2'),
	(111, 'omnis', '7273654251316', '56', '15'),
	(112, 'rerum', '8705502015294', '59', '81'),
	(113, 'soluta', '3040838697109', '67', '3'),
	(114, 'temporibus', '9326043903827', '23', '58'),
	(115, 'corporis', '6104851484843', '45', '56'),
	(116, 'porro', '2482591810967', '32', '22'),
	(117, 'mollitia', '5716374980194', '73', '64'),
	(118, 'enim', '0641151581873', '67', '21'),
	(119, 'nulla', '4779363481592', '6', '39'),
	(120, 'ipsum', '8932754969468', '56', '31'),
	(121, 'id', '1132205110860', '2', '20'),
	(122, 'iste', '6830090365086', '38', '7'),
	(123, 'suscipit', '4440586809585', '19', '62'),
	(124, 'libero', '2803703951192', '29', '99'),
	(125, 'doloribus', '2138922489424', '50', '99'),
	(126, 'officiis', '6954405188594', '2', '57'),
	(127, 'optio', '8731745026223', '75', '42'),
	(128, 'sed', '8793912886634', '82', '17'),
	(129, 'illum', '4759630421179', '71', '96'),
	(130, 'at', '7884506137964', '89', '43'),
	(131, 'et', '5294602831796', '21', '47'),
	(132, 'et', '6019354625863', '2', '86'),
	(133, 'maiores', '3361006702778', '13', '27'),
	(134, 'corporis', '1294846800392', '4', '93'),
	(135, 'quo', '1377769092874', '56', '34'),
	(136, 'et', '4855027757620', '10', '3'),
	(137, 'quaerat', '8946478822688', '13', '5'),
	(138, 'sit', '9065573930698', '7', '12'),
	(139, 'omnis', '3762028117661', '89', '28'),
	(140, 'earum', '8438952991619', '85', '32'),
	(141, 'facilis', '7175118601104', '4', '100'),
	(142, 'dolores', '9236451113230', '21', '20'),
	(143, 'quo', '2385020542678', '4', '3'),
	(144, 'eius', '6835761713227', '99', '98'),
	(145, 'voluptas', '6188455820672', '27', '53'),
	(146, 'atque', '0929683165328', '26', '87'),
	(147, 'nulla', '7402015480106', '39', '86'),
	(148, 'dolor', '2886433446602', '25', '57'),
	(149, 'non', '1939804323338', '1', '59'),
	(150, 'voluptatum', '3963357188302', '100', '7'),
	(151, 'nostrum', '6203844399666', '67', '60'),
	(152, 'exercitationem', '7661603360309', '50', '72'),
	(153, 'distinctio', '8614222572669', '91', '39'),
	(154, 'consequatur', '3523095301632', '49', '82'),
	(155, 'adipisci', '4558722040997', '35', '4'),
	(156, 'ex', '5799917393934', '97', '22'),
	(157, 'nihil', '4515798249174', '50', '67'),
	(158, 'quaerat', '2877333367364', '93', '78'),
	(159, 'iure', '6156627759600', '85', '24'),
	(160, 'eum', '5100336964207', '4', '44'),
	(161, 'sint', '3279291004517', '32', '2'),
	(162, 'ad', '0504249986168', '63', '68'),
	(163, 'dolor', '9413366175670', '70', '87'),
	(164, 'commodi', '2444006345877', '60', '64'),
	(165, 'dolorum', '0559362326216', '39', '79'),
	(166, 'et', '7374818351634', '76', '32'),
	(167, 'ut', '2888906971758', '54', '37'),
	(168, 'distinctio', '2349826294353', '42', '39'),
	(169, 'quia', '3635958326291', '8', '81'),
	(170, 'eum', '2880884506168', '39', '53'),
	(171, 'et', '7818276420186', '54', '63'),
	(172, 'excepturi', '5107684090619', '90', '8'),
	(173, 'laudantium', '5301919130389', '25', '7'),
	(174, 'quis', '7526944990694', '76', '99'),
	(175, 'quas', '5194692112785', '100', '93'),
	(176, 'nobis', '5646667476540', '9', '29'),
	(177, 'et', '3371806442811', '9', '38'),
	(178, 'possimus', '3012979495487', '10', '55'),
	(179, 'enim', '4036249625724', '8', '24'),
	(180, 'similique', '5715400026660', '12', '2'),
	(181, 'incidunt', '8051452712098', '84', '87'),
	(182, 'harum', '2588763072604', '71', '86'),
	(183, 'facere', '7768518017639', '20', '19'),
	(184, 'vel', '6961451846019', '26', '11'),
	(185, 'sed', '3614060710211', '37', '34'),
	(186, 'molestiae', '8788265855598', '75', '9'),
	(187, 'consequatur', '0145814178245', '91', '2'),
	(188, 'tempore', '3691672899404', '81', '47'),
	(189, 'tempora', '8253516024608', '4', '75'),
	(190, 'dicta', '8639340222081', '35', '88'),
	(191, 'suscipit', '4741634484076', '89', '16'),
	(192, 'animi', '4693745118473', '37', '11'),
	(193, 'architecto', '9683007984903', '93', '71'),
	(194, 'nihil', '9347734442371', '73', '50'),
	(195, 'aut', '6627818833411', '24', '99'),
	(196, 'nihil', '0812154320251', '46', '65'),
	(197, 'voluptatem', '1261243895191', '80', '29'),
	(198, 'voluptas', '0872921319796', '85', '5'),
	(199, 'vitae', '3621073194242', '22', '100'),
	(200, 'qui', '0723582127223', '92', '41'),
	(201, 'praesentium', '5157968220256', '10', '80'),
	(202, 'sit', '6968497546972', '82', '46'),
	(203, 'ut', '0681057008548', '35', '90'),
	(204, 'aliquid', '7250705898300', '90', '41'),
	(205, 'quis', '7497409697734', '49', '4'),
	(206, 'et', '1303787671340', '61', '82'),
	(207, 'nulla', '7810708633911', '33', '54'),
	(208, 'nihil', '2522097718302', '92', '77'),
	(209, 'molestiae', '2353593764650', '54', '11'),
	(210, 'molestiae', '0158813872533', '75', '11'),
	(211, 'magni', '6172353114919', '47', '13'),
	(212, 'rerum', '7724811335139', '84', '61'),
	(213, 'facilis', '1103084595161', '47', '16'),
	(214, 'consequatur', '4332993409093', '27', '7'),
	(215, 'numquam', '3586759430970', '55', '71'),
	(216, 'et', '9804479016408', '58', '31'),
	(217, 'quam', '7188447836437', '81', '46'),
	(218, 'est', '2986869832014', '5', '25'),
	(219, 'sapiente', '1851423123949', '1', '72'),
	(220, 'nihil', '4293436821912', '86', '33'),
	(221, 'repellat', '1063379727137', '46', '88'),
	(222, 'et', '9611424759781', '10', '47'),
	(223, 'sint', '2229936120899', '47', '81'),
	(224, 'quos', '8304201428833', '57', '15'),
	(225, 'assumenda', '6728283069173', '76', '55'),
	(226, 'tempora', '4975042453083', '67', '56'),
	(227, 'quas', '7081938132745', '95', '52'),
	(228, 'enim', '5944146422072', '74', '59'),
	(229, 'inventore', '4139132257337', '56', '27'),
	(230, 'eius', '2887721898080', '100', '56'),
	(231, 'sit', '2896607022440', '21', '78'),
	(232, 'enim', '3277366312543', '22', '45'),
	(233, 'et', '6871770252128', '65', '33'),
	(234, 'minima', '3467424644123', '8', '41'),
	(235, 'repudiandae', '3230712137221', '24', '55'),
	(236, 'tempora', '6926888092828', '1', '21'),
	(237, 'debitis', '2494412246190', '93', '76'),
	(238, 'voluptas', '4031518437299', '6', '55'),
	(239, 'dolore', '1438590402550', '84', '57'),
	(240, 'optio', '9981434892052', '100', '36'),
	(241, 'eaque', '7457316829062', '25', '96'),
	(242, 'voluptatem', '6074932308255', '88', '34'),
	(243, 'temporibus', '1414365912226', '78', '1'),
	(244, 'corporis', '3814501937706', '88', '71'),
	(245, 'vel', '3352460920921', '98', '79'),
	(246, 'expedita', '4700719895244', '93', '21'),
	(247, 'repellat', '7762193918007', '92', '58'),
	(248, 'fugiat', '4236638357728', '15', '68'),
	(249, 'dolores', '5054656919525', '95', '4'),
	(250, 'eum', '1321955492221', '72', '67'),
	(251, 'occaecati', '4239730070816', '46', '40'),
	(252, 'consequuntur', '1817778877104', '95', '16'),
	(253, 'illo', '3397692734137', '71', '23'),
	(254, 'ipsa', '3961860011445', '90', '91'),
	(255, 'aut', '7564090972850', '87', '60'),
	(256, 'quo', '8652965668362', '60', '23'),
	(257, 'modi', '4087552194148', '41', '97'),
	(258, 'non', '1562701255060', '47', '9'),
	(259, 'distinctio', '0135374587786', '4', '84'),
	(260, 'debitis', '7316595308586', '42', '24'),
	(261, 'aliquid', '5795646482215', '60', '20'),
	(262, 'velit', '0544992489561', '2', '87'),
	(263, 'odio', '1096043589038', '10', '87'),
	(264, 'rerum', '0588672654290', '89', '59'),
	(265, 'aut', '0703396156381', '51', '16'),
	(266, 'aut', '3572616296353', '50', '38'),
	(267, 'numquam', '0575417269253', '80', '7'),
	(268, 'fugiat', '1324367073453', '61', '88'),
	(269, 'omnis', '7257545157383', '4', '5'),
	(270, 'iusto', '1634161842293', '25', '95'),
	(271, 'quos', '2248189824736', '45', '85'),
	(272, 'voluptatem', '8499905368445', '5', '51'),
	(273, 'consequuntur', '9605475640891', '58', '85'),
	(274, 'ducimus', '5667721076612', '82', '76'),
	(275, 'voluptatum', '8926766026127', '81', '36'),
	(276, 'placeat', '3572128148270', '47', '65'),
	(277, 'sed', '9426150882241', '3', '80'),
	(278, 'neque', '5221251703174', '88', '84'),
	(279, 'consequatur', '8058434480020', '3', '15'),
	(280, 'quod', '5815729880841', '41', '28'),
	(281, 'nisi', '5816707133089', '8', '69'),
	(282, 'magni', '9865570692892', '92', '98'),
	(283, 'unde', '7489976113496', '46', '24'),
	(284, 'est', '4394134973115', '28', '6'),
	(285, 'odio', '4946217365500', '45', '33'),
	(286, 'ratione', '5580005909645', '17', '80'),
	(287, 'suscipit', '6070523816567', '71', '94'),
	(288, 'architecto', '2571734796869', '48', '83'),
	(289, 'alias', '4625573195203', '65', '7'),
	(290, 'tenetur', '0625876332422', '93', '53'),
	(291, 'eum', '1984609694992', '54', '71'),
	(292, 'et', '8030458166371', '9', '88'),
	(293, 'unde', '6609660918416', '96', '21'),
	(294, 'quia', '7643126655759', '55', '67'),
	(295, 'magnam', '6415997504563', '97', '93'),
	(296, 'et', '9434807828283', '49', '4'),
	(297, 'minus', '0795938602197', '50', '80'),
	(298, 'voluptatum', '7091303179589', '93', '2'),
	(299, 'corporis', '9962226112404', '30', '19'),
	(300, 'et', '0141168182785', '97', '85'),
	(301, 'cumque', '3825097004635', '93', '8'),
	(302, 'fuga', '1837505238992', '32', '79'),
	(303, 'excepturi', '7529378114766', '5', '58'),
	(304, 'quae', '0865426825442', '53', '91'),
	(305, 'minima', '4131613018598', '32', '69'),
	(306, 'esse', '3336038788212', '52', '32'),
	(307, 'optio', '6089763463899', '36', '85'),
	(308, 'qui', '9591856598670', '10', '99'),
	(309, 'sit', '7985346926517', '55', '30'),
	(310, 'vitae', '7507431554834', '29', '23'),
	(311, 'voluptatem', '7273049622233', '67', '9'),
	(312, 'ex', '2454117280011', '35', '21'),
	(313, 'mollitia', '4723392985965', '46', '77'),
	(314, 'delectus', '2163479593287', '12', '16'),
	(315, 'eligendi', '2544635083086', '64', '97'),
	(316, 'quia', '6740326710927', '59', '78'),
	(317, 'minus', '8815543526007', '54', '97'),
	(318, 'earum', '2835690694400', '10', '5'),
	(319, 'eos', '5428182079792', '70', '2'),
	(320, 'dolores', '6768660506440', '46', '26'),
	(321, 'dicta', '1834052816437', '65', '64'),
	(322, 'modi', '8476260005956', '40', '15'),
	(323, 'iusto', '7748896796128', '21', '72'),
	(324, 'reprehenderit', '7915230917567', '84', '70'),
	(325, 'quia', '9892495770763', '69', '53'),
	(326, 'alias', '0792850760189', '90', '82'),
	(327, 'qui', '3453049355377', '52', '91'),
	(328, 'consequuntur', '5966173894424', '52', '22'),
	(329, 'et', '2716337059595', '85', '19'),
	(330, 'aliquam', '7522877393175', '100', '29'),
	(331, 'aut', '0720330664597', '31', '32'),
	(332, 'magni', '0588573432478', '54', '20'),
	(333, 'velit', '5343300051750', '83', '11'),
	(334, 'aspernatur', '5596805713559', '100', '27'),
	(335, 'ut', '9741981550764', '22', '3'),
	(336, 'corporis', '2430162486301', '51', '14'),
	(337, 'officiis', '3417166803265', '94', '83'),
	(338, 'cumque', '7680133398811', '4', '53'),
	(339, 'sit', '0310220151124', '60', '28'),
	(340, 'quasi', '7179504192276', '45', '16'),
	(341, 'modi', '4540565584387', '28', '27'),
	(342, 'nihil', '2833352671202', '97', '15'),
	(343, 'cumque', '8851234111763', '71', '43'),
	(344, 'in', '7109068052013', '92', '3'),
	(345, 'voluptates', '5975686327725', '78', '91'),
	(346, 'dolores', '9343332082117', '55', '42'),
	(347, 'nobis', '0355148611718', '12', '41'),
	(348, 'sit', '1385909062557', '74', '65'),
	(349, 'veritatis', '5512695365395', '46', '71'),
	(350, 'occaecati', '9657945992146', '15', '29'),
	(351, 'et', '3587900039905', '96', '98'),
	(352, 'dolor', '1361999730811', '57', '76'),
	(353, 'officia', '1314534723878', '34', '29'),
	(354, 'vel', '6505183979227', '73', '21'),
	(355, 'temporibus', '8947099866891', '99', '67'),
	(356, 'id', '6413738496283', '23', '88'),
	(357, 'eum', '9113020090157', '77', '78'),
	(358, 'libero', '7554798416923', '22', '25'),
	(359, 'dolorem', '1304057784821', '55', '40'),
	(360, 'assumenda', '2916169988593', '39', '18'),
	(361, 'odit', '6028076084346', '28', '89'),
	(362, 'est', '8339221635824', '38', '14'),
	(363, 'deleniti', '0258824616666', '5', '84'),
	(364, 'magni', '2546490124270', '51', '50'),
	(365, 'ut', '8832718844285', '94', '89'),
	(366, 'nisi', '0692816991971', '39', '50'),
	(367, 'est', '2568180568195', '63', '32'),
	(368, 'soluta', '3337220298533', '7', '71'),
	(369, 'reprehenderit', '0829154361399', '27', '1'),
	(370, 'sed', '0783002320283', '27', '53'),
	(371, 'velit', '7408307040553', '4', '23'),
	(372, 'totam', '8578856550359', '44', '16'),
	(373, 'dolores', '1478922915860', '82', '58'),
	(374, 'cum', '9499144505563', '41', '60'),
	(375, 'velit', '5108417574895', '37', '69'),
	(376, 'omnis', '7734724388702', '95', '46'),
	(377, 'est', '1165158232624', '20', '31'),
	(378, 'officiis', '6288934656829', '28', '6'),
	(379, 'quaerat', '7057844025204', '3', '90'),
	(380, 'ea', '0774594951382', '87', '12'),
	(381, 'et', '8484490431056', '98', '92'),
	(382, 'dolore', '5532445017558', '1', '31'),
	(383, 'eum', '2559285075916', '27', '37'),
	(384, 'dolores', '9717531429385', '29', '29'),
	(385, 'voluptatibus', '3141825230351', '33', '79'),
	(386, 'nostrum', '8676231427293', '12', '1'),
	(387, 'eaque', '0031365333151', '56', '4'),
	(388, 'libero', '0246787444983', '63', '70'),
	(389, 'alias', '0347844839466', '46', '76'),
	(390, 'dignissimos', '3280724697343', '71', '16'),
	(391, 'exercitationem', '5581185467338', '30', '35'),
	(392, 'repellat', '1710180371416', '61', '94'),
	(393, 'dolores', '7193207030598', '21', '19'),
	(394, 'aut', '1127617444825', '36', '41'),
	(395, 'ea', '2724892621355', '36', '16'),
	(396, 'autem', '0336360058406', '16', '76'),
	(397, 'corporis', '9904133903010', '21', '94'),
	(398, 'voluptas', '6657155775884', '53', '53'),
	(399, 'voluptatem', '5030024693518', '64', '68'),
	(400, 'dicta', '7011315904146', '78', '66');

-- Dumping structure for table api_ventas.proveedores
CREATE TABLE IF NOT EXISTS `proveedores` (
  `id` bigint(20) unsigned NOT NULL AUTO_INCREMENT,
  `nombre` varchar(255) NOT NULL,
  `telefono` varchar(255) DEFAULT NULL,
  `direccion` varchar(255) DEFAULT NULL,
  PRIMARY KEY (`id`)
) ENGINE=InnoDB AUTO_INCREMENT=101 DEFAULT CHARSET=utf8mb4 COLLATE=utf8mb4_unicode_ci;

-- Dumping data for table api_ventas.proveedores: ~100 rows (approximately)
DELETE FROM `proveedores`;
INSERT INTO `proveedores` (`id`, `nombre`, `telefono`, `direccion`) VALUES
	(1, 'perspiciatis', 'facere', 'eum'),
	(2, 'quia', 'autem', 'cumque'),
	(3, 'nostrum', 'quibusdam', 'eligendi'),
	(4, 'ducimus', 'eaque', 'tempore'),
	(5, 'quos', 'accusantium', 'dolores'),
	(6, 'tempore', 'dolorem', 'consequatur'),
	(7, 'deserunt', 'voluptatem', 'sequi'),
	(8, 'iste', 'est', 'pariatur'),
	(9, 'voluptatem', 'voluptatem', 'sit'),
	(10, 'odio', 'id', 'dolorem'),
	(11, 'officia', 'sed', 'sed'),
	(12, 'ut', 'explicabo', 'dignissimos'),
	(13, 'labore', 'rerum', 'deserunt'),
	(14, 'doloribus', 'aut', 'praesentium'),
	(15, 'quia', 'ut', 'quaerat'),
	(16, 'aut', 'quis', 'occaecati'),
	(17, 'quae', 'in', 'est'),
	(18, 'id', 'a', 'fugiat'),
	(19, 'ut', 'eligendi', 'similique'),
	(20, 'dignissimos', 'impedit', 'dolorem'),
	(21, 'neque', 'asperiores', 'molestiae'),
	(22, 'blanditiis', 'suscipit', 'sapiente'),
	(23, 'repellat', 'ut', 'quia'),
	(24, 'est', 'nesciunt', 'nihil'),
	(25, 'inventore', 'aut', 'sunt'),
	(26, 'porro', 'voluptates', 'eum'),
	(27, 'autem', 'natus', 'cum'),
	(28, 'est', 'quo', 'voluptatum'),
	(29, 'nemo', 'animi', 'recusandae'),
	(30, 'dolores', 'beatae', 'omnis'),
	(31, 'ipsam', 'nam', 'rerum'),
	(32, 'deserunt', 'tempora', 'quo'),
	(33, 'eum', 'quia', 'odit'),
	(34, 'esse', 'nemo', 'omnis'),
	(35, 'mollitia', 'nesciunt', 'molestias'),
	(36, 'reiciendis', 'nulla', 'ut'),
	(37, 'qui', 'atque', 'blanditiis'),
	(38, 'tenetur', 'nihil', 'suscipit'),
	(39, 'provident', 'ipsa', 'et'),
	(40, 'in', 'quaerat', 'quia'),
	(41, 'odit', 'dolore', 'aut'),
	(42, 'vel', 'vitae', 'accusantium'),
	(43, 'reiciendis', 'ut', 'ut'),
	(44, 'assumenda', 'in', 'aliquid'),
	(45, 'vero', 'voluptatem', 'vero'),
	(46, 'architecto', 'fugiat', 'cum'),
	(47, 'est', 'quod', 'ut'),
	(48, 'labore', 'labore', 'minus'),
	(49, 'ipsam', 'aliquid', 'rerum'),
	(50, 'est', 'voluptatem', 'consequatur'),
	(51, 'sit', 'aut', 'iure'),
	(52, 'similique', 'earum', 'reiciendis'),
	(53, 'minus', 'et', 'quaerat'),
	(54, 'ipsum', 'unde', 'voluptate'),
	(55, 'quia', 'dolorum', 'dolores'),
	(56, 'ea', 'ab', 'sed'),
	(57, 'amet', 'dolorum', 'velit'),
	(58, 'non', 'consequatur', 'sed'),
	(59, 'inventore', 'qui', 'magni'),
	(60, 'eaque', 'dolore', 'aliquid'),
	(61, 'unde', 'voluptatem', 'deserunt'),
	(62, 'omnis', 'laborum', 'quia'),
	(63, 'libero', 'id', 'quidem'),
	(64, 'pariatur', 'sit', 'dolores'),
	(65, 'aspernatur', 'fugiat', 'officia'),
	(66, 'autem', 'non', 'nihil'),
	(67, 'ex', 'voluptatem', 'dignissimos'),
	(68, 'cumque', 'incidunt', 'quia'),
	(69, 'facilis', 'qui', 'sed'),
	(70, 'fugiat', 'fuga', 'odit'),
	(71, 'cupiditate', 'delectus', 'rerum'),
	(72, 'possimus', 'accusamus', 'ea'),
	(73, 'omnis', 'velit', 'consequatur'),
	(74, 'et', 'quia', 'ea'),
	(75, 'facere', 'quasi', 'quaerat'),
	(76, 'necessitatibus', 'quo', 'aliquid'),
	(77, 'eligendi', 'quia', 'et'),
	(78, 'soluta', 'explicabo', 'at'),
	(79, 'magni', 'et', 'in'),
	(80, 'molestias', 'voluptatem', 'voluptas'),
	(81, 'voluptas', 'reprehenderit', 'sed'),
	(82, 'libero', 'molestiae', 'voluptas'),
	(83, 'necessitatibus', 'repudiandae', 'ipsam'),
	(84, 'repellendus', 'ea', 'minus'),
	(85, 'amet', 'qui', 'totam'),
	(86, 'ex', 'provident', 'ut'),
	(87, 'et', 'architecto', 'alias'),
	(88, 'recusandae', 'exercitationem', 'placeat'),
	(89, 'voluptatem', 'esse', 'eos'),
	(90, 'temporibus', 'deserunt', 'sed'),
	(91, 'dicta', 'optio', 'expedita'),
	(92, 'commodi', 'vel', 'eius'),
	(93, 'ex', 'neque', 'tempora'),
	(94, 'voluptate', 'qui', 'dolores'),
	(95, 'libero', 'non', 'et'),
	(96, 'laudantium', 'voluptatem', 'voluptas'),
	(97, 'odit', 'assumenda', 'at'),
	(98, 'odio', 'et', 'libero'),
	(99, 'quidem', 'saepe', 'repellendus'),
	(100, 'ut', 'non', 'porro');

-- Dumping structure for table api_ventas.sessions
CREATE TABLE IF NOT EXISTS `sessions` (
  `id` varchar(255) NOT NULL,
  `user_id` bigint(20) unsigned DEFAULT NULL,
  `ip_address` varchar(45) DEFAULT NULL,
  `user_agent` text DEFAULT NULL,
  `payload` longtext NOT NULL,
  `last_activity` int(11) NOT NULL,
  PRIMARY KEY (`id`),
  KEY `sessions_user_id_index` (`user_id`),
  KEY `sessions_last_activity_index` (`last_activity`)
) ENGINE=InnoDB DEFAULT CHARSET=utf8mb4 COLLATE=utf8mb4_unicode_ci;

-- Dumping data for table api_ventas.sessions: ~0 rows (approximately)
DELETE FROM `sessions`;
INSERT INTO `sessions` (`id`, `user_id`, `ip_address`, `user_agent`, `payload`, `last_activity`) VALUES
	('8ZqE0bs2KpBQKVmjsWtNlpOjBXV89iOtUXFIcHjP', NULL, NULL, '', 'YTozOntzOjY6Il90b2tlbiI7czo0MDoiUll4aklTYnFONmZHNTlTVjZIV0xpT1FFN3Yza3dCa0dhTUdsaVdjQyI7czo5OiJfcHJldmlvdXMiO2E6MTp7czozOiJ1cmwiO3M6ODoiaHR0cDovLzoiO31zOjY6Il9mbGFzaCI7YToyOntzOjM6Im9sZCI7YTowOnt9czozOiJuZXciO2E6MDp7fX19', 1721607052),
	('WUd4o6i6RevaJwMYI64DiXy6VxdxjyBI2IVXJcMm', NULL, NULL, '', 'YTozOntzOjY6Il90b2tlbiI7czo0MDoiZ1BndDJxQTlkampwaEtFajNKTXNPR1FYTnFnSFA2bFVvdWdnQmxRRCI7czo5OiJfcHJldmlvdXMiO2E6MTp7czozOiJ1cmwiO3M6ODoiaHR0cDovLzoiO31zOjY6Il9mbGFzaCI7YToyOntzOjM6Im9sZCI7YTowOnt9czozOiJuZXciO2E6MDp7fX19', 1721607095);

-- Dumping structure for table api_ventas.users
CREATE TABLE IF NOT EXISTS `users` (
  `id` bigint(20) unsigned NOT NULL AUTO_INCREMENT,
  `name` varchar(255) NOT NULL,
  `email` varchar(255) NOT NULL,
  `email_verified_at` timestamp NULL DEFAULT NULL,
  `password` varchar(255) NOT NULL,
  `remember_token` varchar(100) DEFAULT NULL,
  `created_at` timestamp NULL DEFAULT NULL,
  `updated_at` timestamp NULL DEFAULT NULL,
  PRIMARY KEY (`id`),
  UNIQUE KEY `users_email_unique` (`email`)
) ENGINE=InnoDB AUTO_INCREMENT=2 DEFAULT CHARSET=utf8mb4 COLLATE=utf8mb4_unicode_ci;

-- Dumping data for table api_ventas.users: ~1 rows (approximately)
DELETE FROM `users`;
INSERT INTO `users` (`id`, `name`, `email`, `email_verified_at`, `password`, `remember_token`, `created_at`, `updated_at`) VALUES
	(1, 'CARLOS', 'descarlos2013@gmail.com', '2024-07-22 00:10:19', '$2y$12$wnifo2ddTxDFLu96168G9u6ilROzA2npDMfu14EgT86Xi28BskXCK', 'Jx1AdvsmVI', '2024-07-22 00:10:19', '2024-07-22 00:10:19');

-- Dumping structure for table api_ventas.ventas
CREATE TABLE IF NOT EXISTS `ventas` (
  `id` bigint(20) unsigned NOT NULL AUTO_INCREMENT,
  `fecha` varchar(255) NOT NULL,
  `cliente_id` bigint(20) unsigned DEFAULT NULL,
  `monto` double DEFAULT NULL,
  PRIMARY KEY (`id`),
  KEY `ventas_cliente_id_foreign` (`cliente_id`),
  CONSTRAINT `ventas_cliente_id_foreign` FOREIGN KEY (`cliente_id`) REFERENCES `clientes` (`id`)
) ENGINE=InnoDB AUTO_INCREMENT=401 DEFAULT CHARSET=utf8mb4 COLLATE=utf8mb4_unicode_ci;

-- Dumping data for table api_ventas.ventas: ~400 rows (approximately)
DELETE FROM `ventas`;
INSERT INTO `ventas` (`id`, `fecha`, `cliente_id`, `monto`) VALUES
	(1, '2023-11-17 05:58:37', 31, 84),
	(2, '2023-12-23 13:28:16', 91, 7),
	(3, '2024-04-26 04:42:40', 13, 54),
	(4, '2023-08-19 05:55:45', 19, 61),
	(5, '2024-03-23 17:07:31', 47, 94),
	(6, '2024-01-18 13:28:34', 93, 67),
	(7, '2023-09-18 12:46:43', 79, 71),
	(8, '2023-09-12 15:24:40', 49, 88),
	(9, '2023-08-02 00:44:01', 38, 3),
	(10, '2023-10-13 18:59:42', 24, 13),
	(11, '2024-04-14 05:24:04', 38, 28),
	(12, '2024-01-28 19:14:27', 89, 31),
	(13, '2023-11-02 14:59:03', 93, 49),
	(14, '2023-09-04 20:54:47', 15, 24),
	(15, '2024-05-22 12:38:09', 54, 72),
	(16, '2024-06-15 03:43:49', 48, 92),
	(17, '2023-07-30 21:01:39', 66, 25),
	(18, '2024-06-23 09:16:08', 16, 73),
	(19, '2023-08-07 17:36:16', 37, 96),
	(20, '2024-01-14 07:28:17', 12, 99),
	(21, '2023-11-13 03:25:46', 20, 74),
	(22, '2024-07-03 10:41:16', 67, 61),
	(23, '2024-02-28 06:35:30', 34, 89),
	(24, '2023-10-21 13:04:40', 44, 12),
	(25, '2024-05-09 05:48:52', 29, 85),
	(26, '2023-09-22 09:44:33', 83, 70),
	(27, '2023-10-28 08:35:41', 97, 62),
	(28, '2024-03-13 03:01:30', 85, 68),
	(29, '2024-07-05 06:25:50', 20, 69),
	(30, '2023-09-11 09:54:32', 28, 72),
	(31, '2024-04-05 13:17:18', 30, 87),
	(32, '2023-11-03 20:04:49', 6, 66),
	(33, '2024-06-13 02:06:40', 84, 64),
	(34, '2024-05-02 14:32:09', 19, 39),
	(35, '2024-03-27 20:40:16', 80, 90),
	(36, '2024-02-02 17:20:35', 83, 28),
	(37, '2024-06-22 17:32:08', 89, 85),
	(38, '2023-07-23 03:22:26', 59, 70),
	(39, '2023-10-24 08:59:32', 92, 28),
	(40, '2024-04-01 07:43:41', 21, 59),
	(41, '2023-10-11 08:59:29', 79, 62),
	(42, '2023-08-08 11:41:43', 36, 39),
	(43, '2024-06-08 11:39:03', 64, 8),
	(44, '2023-08-20 04:21:11', 1, 27),
	(45, '2023-08-17 12:28:20', 59, 27),
	(46, '2024-01-07 02:30:48', 1, 3),
	(47, '2023-10-28 08:02:00', 5, 46),
	(48, '2023-07-24 11:23:16', 23, 7),
	(49, '2024-02-21 02:00:55', 68, 30),
	(50, '2024-03-17 07:37:20', 26, 20),
	(51, '2024-01-30 17:43:49', 52, 40),
	(52, '2023-11-09 03:22:31', 31, 72),
	(53, '2024-02-28 10:10:30', 46, 54),
	(54, '2024-04-29 14:36:09', 88, 18),
	(55, '2023-08-10 14:50:26', 12, 48),
	(56, '2024-06-03 22:39:40', 66, 33),
	(57, '2023-07-24 00:52:12', 4, 87),
	(58, '2023-11-28 01:28:49', 47, 50),
	(59, '2023-12-18 17:19:29', 78, 53),
	(60, '2023-10-12 09:40:27', 8, 66),
	(61, '2023-12-01 12:45:17', 73, 40),
	(62, '2023-07-27 15:37:48', 80, 40),
	(63, '2024-04-09 19:47:34', 16, 36),
	(64, '2024-05-31 22:36:41', 42, 65),
	(65, '2024-03-01 05:16:39', 70, 74),
	(66, '2024-02-26 06:44:51', 66, 16),
	(67, '2023-08-11 18:14:24', 12, 73),
	(68, '2023-10-11 01:59:25', 66, 41),
	(69, '2023-11-19 23:53:20', 80, 34),
	(70, '2023-09-19 10:43:29', 33, 66),
	(71, '2023-12-23 16:36:25', 20, 16),
	(72, '2024-01-21 07:16:23', 29, 90),
	(73, '2024-06-19 15:20:30', 12, 81),
	(74, '2023-12-20 01:56:59', 45, 27),
	(75, '2024-02-18 05:53:47', 84, 69),
	(76, '2024-06-30 10:14:48', 2, 54),
	(77, '2023-10-06 13:04:37', 42, 69),
	(78, '2023-08-27 13:28:06', 47, 44),
	(79, '2023-10-17 05:15:42', 69, 28),
	(80, '2024-03-19 01:42:12', 4, 91),
	(81, '2024-04-24 23:05:54', 56, 100),
	(82, '2023-09-10 02:19:46', 12, 64),
	(83, '2024-01-01 04:10:40', 100, 22),
	(84, '2024-04-25 19:01:50', 41, 70),
	(85, '2024-03-03 01:37:21', 69, 76),
	(86, '2024-06-16 15:47:26', 17, 93),
	(87, '2024-04-11 13:01:29', 69, 81),
	(88, '2024-03-31 11:58:52', 24, 57),
	(89, '2023-10-02 04:22:38', 41, 67),
	(90, '2023-09-23 03:31:33', 42, 39),
	(91, '2023-11-02 17:24:30', 69, 72),
	(92, '2024-02-24 06:14:45', 92, 82),
	(93, '2024-02-09 05:33:54', 42, 8),
	(94, '2024-05-05 03:36:34', 18, 89),
	(95, '2023-08-27 01:07:53', 92, 24),
	(96, '2024-01-10 11:01:20', 82, 14),
	(97, '2023-07-26 10:21:15', 89, 23),
	(98, '2024-01-13 01:50:06', 43, 51),
	(99, '2024-07-19 08:38:34', 100, 96),
	(100, '2024-01-23 15:25:16', 23, 76),
	(101, '2023-09-19 17:09:10', 84, 55),
	(102, '2024-04-24 11:53:22', 93, 28),
	(103, '2024-04-15 03:21:42', 7, 47),
	(104, '2024-06-30 11:06:31', 84, 89),
	(105, '2023-12-04 01:51:28', 36, 56),
	(106, '2023-11-01 12:44:43', 91, 15),
	(107, '2023-08-05 23:57:38', 51, 45),
	(108, '2024-01-23 11:16:02', 47, 44),
	(109, '2023-08-22 02:04:56', 87, 54),
	(110, '2024-03-01 23:22:40', 90, 72),
	(111, '2023-08-27 16:05:05', 20, 94),
	(112, '2023-12-24 05:34:58', 86, 67),
	(113, '2024-06-19 12:46:19', 61, 63),
	(114, '2023-12-11 05:24:51', 39, 28),
	(115, '2023-10-20 06:49:28', 63, 72),
	(116, '2023-12-29 07:48:17', 66, 32),
	(117, '2024-03-25 14:48:12', 50, 81),
	(118, '2024-02-18 18:38:09', 92, 45),
	(119, '2024-03-19 14:09:08', 95, 61),
	(120, '2023-11-13 11:17:10', 68, 15),
	(121, '2024-04-04 19:56:53', 2, 15),
	(122, '2024-02-03 22:40:33', 99, 8),
	(123, '2023-12-21 11:26:46', 41, 12),
	(124, '2024-01-28 07:39:07', 38, 85),
	(125, '2024-04-04 07:11:24', 61, 18),
	(126, '2023-10-03 14:14:41', 11, 93),
	(127, '2023-08-23 07:38:48', 41, 16),
	(128, '2024-04-04 21:05:57', 51, 40),
	(129, '2023-12-14 18:50:37', 66, 19),
	(130, '2024-02-16 09:22:13', 82, 73),
	(131, '2024-01-12 03:57:47', 17, 49),
	(132, '2023-12-03 22:13:53', 6, 41),
	(133, '2023-10-28 14:55:32', 67, 42),
	(134, '2024-04-13 23:06:32', 59, 60),
	(135, '2024-07-21 02:23:37', 19, 88),
	(136, '2023-08-01 00:43:25', 1, 10),
	(137, '2024-06-03 10:27:38', 29, 41),
	(138, '2024-04-08 07:26:03', 49, 62),
	(139, '2023-08-18 06:55:41', 54, 57),
	(140, '2024-02-12 01:28:20', 76, 18),
	(141, '2023-10-24 18:36:17', 50, 45),
	(142, '2023-09-14 10:06:18', 79, 89),
	(143, '2024-03-16 19:34:12', 34, 17),
	(144, '2023-11-12 20:57:32', 70, 67),
	(145, '2023-09-18 12:13:18', 65, 79),
	(146, '2024-05-01 15:54:32', 65, 40),
	(147, '2023-07-27 18:23:17', 81, 96),
	(148, '2024-05-09 11:38:10', 41, 74),
	(149, '2023-12-26 13:52:17', 31, 16),
	(150, '2023-12-23 02:24:53', 68, 73),
	(151, '2023-11-10 04:07:01', 82, 67),
	(152, '2024-07-03 18:42:37', 65, 11),
	(153, '2023-10-24 06:15:18', 86, 52),
	(154, '2023-08-13 01:13:07', 36, 48),
	(155, '2023-12-11 05:53:22', 30, 85),
	(156, '2023-09-08 14:56:57', 24, 30),
	(157, '2023-10-03 05:03:31', 43, 1),
	(158, '2024-05-02 18:31:54', 93, 13),
	(159, '2024-04-10 21:04:23', 12, 38),
	(160, '2024-04-23 01:41:12', 93, 38),
	(161, '2024-05-15 03:52:11', 54, 45),
	(162, '2023-12-07 20:10:44', 31, 2),
	(163, '2023-11-25 10:14:53', 5, 22),
	(164, '2023-10-03 05:46:33', 6, 42),
	(165, '2024-07-05 19:24:06', 52, 87),
	(166, '2023-12-19 22:45:18', 11, 8),
	(167, '2023-10-10 21:11:38', 83, 61),
	(168, '2024-05-21 04:46:32', 67, 40),
	(169, '2024-05-12 23:54:15', 2, 99),
	(170, '2024-03-24 03:02:15', 87, 6),
	(171, '2024-05-08 07:30:03', 18, 96),
	(172, '2024-02-15 11:12:35', 24, 9),
	(173, '2024-05-28 15:24:49', 87, 2),
	(174, '2024-05-22 00:52:24', 73, 87),
	(175, '2023-10-31 12:13:27', 27, 77),
	(176, '2024-01-04 15:35:49', 26, 23),
	(177, '2024-01-08 05:47:44', 7, 5),
	(178, '2023-08-14 16:40:52', 97, 6),
	(179, '2023-12-13 08:01:09', 50, 71),
	(180, '2024-01-29 08:18:11', 3, 38),
	(181, '2023-12-29 03:26:42', 96, 86),
	(182, '2023-12-21 08:31:18', 11, 41),
	(183, '2024-02-01 21:11:27', 36, 91),
	(184, '2024-05-11 00:21:56', 4, 93),
	(185, '2023-09-25 14:45:05', 14, 12),
	(186, '2023-11-14 11:52:17', 76, 90),
	(187, '2023-10-20 15:01:42', 5, 17),
	(188, '2023-11-12 18:01:30', 71, 26),
	(189, '2023-10-31 03:31:56', 86, 65),
	(190, '2024-04-26 23:34:08', 34, 39),
	(191, '2024-02-05 20:46:46', 42, 75),
	(192, '2023-12-03 23:30:35', 20, 68),
	(193, '2023-11-23 07:16:16', 89, 97),
	(194, '2024-01-06 20:30:12', 7, 20),
	(195, '2023-09-15 20:46:02', 71, 68),
	(196, '2023-08-16 02:51:20', 68, 13),
	(197, '2024-05-10 17:00:45', 98, 48),
	(198, '2024-02-13 20:33:29', 32, 70),
	(199, '2024-06-11 05:22:46', 92, 97),
	(200, '2024-06-08 01:19:46', 42, 22),
	(201, '2023-11-05 07:04:28', 70, 25),
	(202, '2024-02-16 03:33:05', 40, 95),
	(203, '2024-02-03 23:58:49', 4, 5),
	(204, '2023-09-29 15:54:18', 48, 17),
	(205, '2023-12-14 19:11:59', 34, 64),
	(206, '2024-01-29 21:32:10', 68, 16),
	(207, '2023-11-21 02:18:18', 15, 21),
	(208, '2023-12-07 23:54:25', 26, 34),
	(209, '2023-08-20 21:51:50', 94, 56),
	(210, '2024-07-15 00:34:10', 4, 60),
	(211, '2024-03-02 11:19:53', 96, 27),
	(212, '2024-04-23 09:09:33', 74, 56),
	(213, '2024-07-16 23:47:27', 75, 20),
	(214, '2023-11-29 06:31:44', 75, 100),
	(215, '2023-09-23 06:40:22', 66, 16),
	(216, '2024-07-14 14:28:10', 42, 42),
	(217, '2024-06-19 03:47:42', 43, 52),
	(218, '2024-03-02 19:17:04', 45, 10),
	(219, '2024-05-20 02:07:52', 61, 34),
	(220, '2024-01-26 10:46:22', 42, 73),
	(221, '2023-09-02 14:12:14', 64, 25),
	(222, '2023-08-11 19:48:39', 63, 38),
	(223, '2024-06-28 04:37:10', 79, 59),
	(224, '2024-01-06 03:48:17', 92, 73),
	(225, '2024-02-09 17:59:05', 49, 74),
	(226, '2024-02-09 02:14:13', 76, 18),
	(227, '2023-11-14 02:18:58', 20, 76),
	(228, '2023-09-28 13:10:27', 85, 40),
	(229, '2024-01-20 17:24:12', 31, 58),
	(230, '2023-09-24 15:44:09', 60, 8),
	(231, '2023-12-31 12:45:12', 42, 79),
	(232, '2023-08-20 12:00:44', 34, 44),
	(233, '2024-01-17 03:48:43', 26, 2),
	(234, '2023-12-02 02:43:46', 100, 21),
	(235, '2024-04-15 23:34:58', 30, 3),
	(236, '2024-04-29 13:02:57', 20, 85),
	(237, '2024-02-17 21:38:42', 87, 8),
	(238, '2024-04-29 21:59:01', 78, 39),
	(239, '2024-03-20 23:00:12', 81, 36),
	(240, '2024-01-04 09:29:22', 68, 100),
	(241, '2024-04-12 21:28:14', 80, 38),
	(242, '2024-03-11 22:30:04', 85, 43),
	(243, '2023-09-30 06:04:35', 49, 48),
	(244, '2023-10-02 05:44:32', 69, 22),
	(245, '2024-01-18 05:16:16', 15, 13),
	(246, '2023-09-26 07:15:14', 18, 84),
	(247, '2024-02-23 11:09:40', 99, 61),
	(248, '2024-06-30 15:31:17', 14, 66),
	(249, '2024-05-13 00:21:21', 4, 100),
	(250, '2024-01-14 05:42:49', 54, 16),
	(251, '2024-06-09 20:39:26', 60, 27),
	(252, '2023-12-01 17:09:50', 52, 76),
	(253, '2024-04-18 06:29:44', 20, 52),
	(254, '2024-06-08 10:17:42', 62, 64),
	(255, '2023-12-29 00:45:16', 13, 48),
	(256, '2024-02-17 01:08:27', 52, 24),
	(257, '2023-12-07 15:50:49', 68, 47),
	(258, '2023-11-27 01:08:30', 58, 61),
	(259, '2023-11-18 20:55:18', 100, 86),
	(260, '2024-02-05 04:04:16', 85, 6),
	(261, '2024-05-10 10:08:44', 68, 43),
	(262, '2024-03-29 13:25:31', 48, 40),
	(263, '2023-08-24 03:52:03', 6, 32),
	(264, '2023-08-31 07:58:45', 94, 99),
	(265, '2024-01-22 00:19:05', 32, 89),
	(266, '2023-09-28 20:37:59', 67, 12),
	(267, '2024-01-02 14:10:41', 80, 58),
	(268, '2024-02-14 01:29:32', 21, 74),
	(269, '2024-06-27 13:42:20', 24, 90),
	(270, '2024-05-13 04:19:53', 45, 9),
	(271, '2024-03-30 08:03:57', 88, 22),
	(272, '2024-03-06 05:07:56', 39, 69),
	(273, '2024-06-08 13:09:24', 27, 4),
	(274, '2024-01-19 22:04:44', 97, 95),
	(275, '2023-10-31 09:19:24', 20, 88),
	(276, '2024-05-17 21:39:32', 57, 41),
	(277, '2023-10-27 03:05:45', 26, 72),
	(278, '2024-03-28 19:44:44', 17, 7),
	(279, '2024-04-30 08:59:11', 10, 56),
	(280, '2023-10-18 12:26:21', 94, 83),
	(281, '2023-08-26 07:14:28', 34, 54),
	(282, '2024-05-02 20:55:52', 74, 21),
	(283, '2023-11-24 12:40:13', 75, 26),
	(284, '2023-11-20 01:05:34', 87, 99),
	(285, '2024-01-17 03:08:11', 25, 43),
	(286, '2023-10-04 11:54:15', 68, 89),
	(287, '2024-03-20 00:57:12', 29, 78),
	(288, '2023-11-11 04:20:09', 90, 85),
	(289, '2023-10-10 16:24:57', 37, 81),
	(290, '2024-07-05 22:07:24', 99, 74),
	(291, '2024-02-21 14:42:09', 17, 60),
	(292, '2023-09-06 18:10:35', 86, 68),
	(293, '2023-10-04 11:31:27', 65, 7),
	(294, '2023-11-13 00:22:43', 21, 22),
	(295, '2024-05-04 11:04:22', 13, 29),
	(296, '2023-09-25 11:37:56', 55, 96),
	(297, '2023-07-22 16:07:00', 50, 32),
	(298, '2023-09-21 12:29:01', 30, 64),
	(299, '2023-08-14 14:49:31', 60, 62),
	(300, '2023-10-18 22:10:12', 59, 93),
	(301, '2023-11-08 17:55:16', 93, 99),
	(302, '2023-12-22 17:33:29', 9, 18),
	(303, '2023-09-15 17:17:52', 76, 2),
	(304, '2024-03-01 04:04:26', 71, 1),
	(305, '2024-02-23 21:02:59', 47, 100),
	(306, '2023-11-21 22:44:00', 59, 86),
	(307, '2024-01-06 19:41:46', 70, 98),
	(308, '2024-04-22 05:02:58', 44, 87),
	(309, '2024-05-31 22:00:00', 100, 85),
	(310, '2024-02-07 04:41:58', 51, 33),
	(311, '2023-10-16 06:31:18', 48, 23),
	(312, '2024-02-25 04:02:09', 47, 78),
	(313, '2023-09-09 01:46:30', 98, 39),
	(314, '2024-05-25 18:07:43', 78, 28),
	(315, '2024-02-17 05:52:02', 84, 75),
	(316, '2024-07-18 18:27:01', 31, 12),
	(317, '2023-09-07 14:17:48', 40, 93),
	(318, '2024-04-07 13:19:54', 38, 43),
	(319, '2024-04-01 03:07:27', 14, 13),
	(320, '2023-08-11 10:11:39', 86, 60),
	(321, '2023-12-21 09:47:56', 69, 58),
	(322, '2023-08-05 23:17:48', 100, 53),
	(323, '2024-04-30 20:06:38', 23, 29),
	(324, '2024-01-22 17:55:42', 100, 11),
	(325, '2024-07-14 20:24:39', 2, 11),
	(326, '2024-03-25 19:42:27', 58, 69),
	(327, '2024-07-01 12:08:45', 48, 12),
	(328, '2023-12-31 14:18:14', 22, 1),
	(329, '2023-11-10 21:45:23', 27, 24),
	(330, '2024-06-29 11:36:42', 95, 49),
	(331, '2023-11-02 05:46:55', 66, 40),
	(332, '2023-10-16 09:24:05', 36, 6),
	(333, '2024-06-13 05:38:12', 73, 69),
	(334, '2023-08-21 14:16:25', 55, 30),
	(335, '2024-03-22 07:34:33', 32, 39),
	(336, '2023-11-12 17:11:36', 62, 35),
	(337, '2023-08-28 16:54:31', 72, 14),
	(338, '2023-12-06 02:10:50', 47, 66),
	(339, '2024-05-31 10:18:56', 84, 86),
	(340, '2024-06-18 02:47:15', 38, 26),
	(341, '2024-04-06 21:01:36', 8, 97),
	(342, '2024-06-02 00:22:21', 68, 10),
	(343, '2024-06-04 05:19:27', 74, 15),
	(344, '2023-09-26 00:38:56', 65, 12),
	(345, '2023-10-05 05:28:33', 10, 50),
	(346, '2024-06-29 11:25:54', 75, 54),
	(347, '2023-09-03 09:03:03', 48, 88),
	(348, '2023-09-04 13:43:13', 71, 74),
	(349, '2023-12-26 00:34:11', 87, 84),
	(350, '2024-07-07 01:42:57', 81, 18),
	(351, '2023-11-19 16:01:15', 20, 79),
	(352, '2024-03-01 11:34:02', 14, 67),
	(353, '2023-09-16 05:15:41', 96, 47),
	(354, '2024-01-29 11:42:37', 60, 80),
	(355, '2023-09-30 04:48:17', 72, 75),
	(356, '2024-04-23 00:52:05', 43, 53),
	(357, '2024-05-09 21:40:35', 50, 97),
	(358, '2024-04-06 13:59:19', 73, 92),
	(359, '2024-01-26 04:19:33', 40, 96),
	(360, '2023-08-31 15:36:35', 57, 24),
	(361, '2024-06-02 22:33:30', 60, 96),
	(362, '2023-12-11 07:43:39', 52, 7),
	(363, '2024-06-02 23:24:05', 48, 5),
	(364, '2023-09-11 12:41:54', 100, 63),
	(365, '2024-03-21 19:37:03', 91, 94),
	(366, '2023-12-22 11:50:22', 78, 46),
	(367, '2023-08-04 15:20:54', 16, 21),
	(368, '2024-02-29 06:06:19', 9, 95),
	(369, '2024-02-13 22:06:05', 31, 59),
	(370, '2023-11-06 09:03:10', 68, 93),
	(371, '2024-01-01 21:53:19', 55, 3),
	(372, '2024-01-17 09:12:50', 65, 87),
	(373, '2023-09-02 03:19:48', 64, 36),
	(374, '2024-03-26 16:22:08', 66, 80),
	(375, '2023-09-24 11:23:35', 15, 26),
	(376, '2023-09-23 18:25:31', 27, 9),
	(377, '2024-02-17 08:30:27', 61, 36),
	(378, '2023-09-29 00:22:52', 30, 56),
	(379, '2024-06-25 01:13:18', 14, 21),
	(380, '2024-01-15 14:08:19', 99, 32),
	(381, '2024-06-18 00:55:31', 18, 100),
	(382, '2023-12-09 15:59:20', 42, 45),
	(383, '2024-01-23 07:38:08', 93, 10),
	(384, '2023-12-23 03:01:23', 12, 25),
	(385, '2024-02-11 10:25:39', 66, 99),
	(386, '2024-03-04 09:17:51', 9, 24),
	(387, '2023-10-07 22:11:16', 79, 11),
	(388, '2024-01-07 04:37:54', 9, 68),
	(389, '2024-02-20 02:08:00', 26, 23),
	(390, '2024-02-05 10:03:23', 48, 58),
	(391, '2023-12-05 18:57:41', 60, 62),
	(392, '2024-04-20 15:54:52', 4, 49),
	(393, '2024-01-21 02:00:45', 29, 66),
	(394, '2024-07-16 10:19:50', 27, 30),
	(395, '2024-06-28 05:54:13', 61, 91),
	(396, '2023-12-29 13:38:57', 37, 62),
	(397, '2023-08-22 09:56:52', 85, 10),
	(398, '2023-11-17 01:41:39', 74, 6),
	(399, '2023-09-07 11:18:42', 30, 45),
	(400, '2024-03-30 19:07:14', 66, 18);

-- Dumping structure for table api_ventas.venta_detalle
CREATE TABLE IF NOT EXISTS `venta_detalle` (
  `id` bigint(20) unsigned NOT NULL AUTO_INCREMENT,
  `venta_id` bigint(20) unsigned DEFAULT NULL,
  `producto_id` bigint(20) unsigned DEFAULT NULL,
  `cantidad` double DEFAULT NULL,
  `precio` double DEFAULT NULL,
  `subtotal` double DEFAULT NULL,
  PRIMARY KEY (`id`),
  KEY `venta_detalle_venta_id_foreign` (`venta_id`),
  KEY `venta_detalle_producto_id_foreign` (`producto_id`),
  CONSTRAINT `venta_detalle_producto_id_foreign` FOREIGN KEY (`producto_id`) REFERENCES `productos` (`id`),
  CONSTRAINT `venta_detalle_venta_id_foreign` FOREIGN KEY (`venta_id`) REFERENCES `ventas` (`id`)
) ENGINE=InnoDB AUTO_INCREMENT=2230 DEFAULT CHARSET=utf8mb4 COLLATE=utf8mb4_unicode_ci;

-- Dumping data for table api_ventas.venta_detalle: ~160 rows (approximately)
DELETE FROM `venta_detalle`;
INSERT INTO `venta_detalle` (`id`, `venta_id`, `producto_id`, `cantidad`, `precio`, `subtotal`) VALUES
	(1, 1, 16, 65, 89, 2064),
	(2, 1, 93, 65, 89, 2064),
	(3, 1, 125, 65, 89, 2064),
	(4, 1, 323, 65, 89, 2064),
	(5, 1, 364, 65, 89, 2064),
	(6, 2, 21, 62, 7, 3186),
	(7, 2, 108, 62, 7, 3186),
	(8, 2, 117, 62, 7, 3186),
	(9, 2, 160, 62, 7, 3186),
	(10, 2, 181, 62, 7, 3186),
	(11, 2, 198, 62, 7, 3186),
	(12, 2, 312, 62, 7, 3186),
	(13, 2, 375, 62, 7, 3186),
	(14, 3, 306, 21, 56, 2976),
	(15, 3, 345, 21, 56, 2976),
	(16, 3, 355, 21, 56, 2976),
	(17, 4, 10, 62, 40, 7128),
	(18, 4, 102, 62, 40, 7128),
	(19, 4, 107, 62, 40, 7128),
	(20, 4, 117, 62, 40, 7128),
	(21, 4, 128, 62, 40, 7128),
	(22, 4, 226, 62, 40, 7128),
	(23, 4, 299, 62, 40, 7128),
	(24, 4, 322, 62, 40, 7128),
	(25, 5, 117, 84, 38, 3480),
	(26, 6, 12, 9, 48, 4717),
	(27, 6, 92, 9, 48, 4717),
	(28, 6, 115, 9, 48, 4717),
	(29, 6, 212, 9, 48, 4717),
	(30, 6, 216, 9, 48, 4717),
	(31, 6, 246, 9, 48, 4717),
	(32, 6, 286, 9, 48, 4717),
	(33, 6, 291, 9, 48, 4717),
	(34, 6, 311, 9, 48, 4717),
	(35, 6, 394, 9, 48, 4717),
	(36, 7, 122, 10, 19, 1891),
	(37, 7, 243, 10, 19, 1891),
	(38, 8, 50, 89, 57, 4485),
	(39, 8, 96, 89, 57, 4485),
	(40, 8, 121, 89, 57, 4485),
	(41, 8, 164, 89, 57, 4485),
	(42, 8, 181, 89, 57, 4485),
	(43, 8, 209, 89, 57, 4485),
	(44, 8, 259, 89, 57, 4485),
	(45, 8, 285, 89, 57, 4485),
	(46, 8, 325, 89, 57, 4485),
	(47, 8, 332, 89, 57, 4485),
	(48, 9, 185, 92, 19, 629),
	(49, 9, 352, 92, 19, 629),
	(50, 10, 58, 23, 78, 1768),
	(51, 10, 72, 23, 78, 1768),
	(52, 10, 176, 23, 78, 1768),
	(53, 10, 201, 23, 78, 1768),
	(54, 10, 277, 23, 78, 1768),
	(55, 10, 325, 23, 78, 1768),
	(56, 10, 337, 23, 78, 1768),
	(57, 10, 370, 23, 78, 1768),
	(58, 10, 397, 23, 78, 1768),
	(59, 11, 47, 34, 22, 78),
	(60, 11, 127, 34, 22, 78),
	(61, 11, 179, 34, 22, 78),
	(62, 11, 230, 34, 22, 78),
	(63, 11, 237, 34, 22, 78),
	(64, 11, 290, 34, 22, 78),
	(65, 11, 394, 34, 22, 78),
	(66, 12, 40, 15, 93, 5760),
	(67, 12, 99, 15, 93, 5760),
	(68, 12, 254, 15, 93, 5760),
	(69, 12, 264, 15, 93, 5760),
	(70, 12, 281, 15, 93, 5760),
	(71, 12, 291, 15, 93, 5760),
	(72, 12, 350, 15, 93, 5760),
	(73, 12, 365, 15, 93, 5760),
	(74, 13, 40, 95, 19, 246),
	(75, 13, 115, 95, 19, 246),
	(76, 13, 124, 95, 19, 246),
	(77, 13, 176, 95, 19, 246),
	(78, 13, 205, 95, 19, 246),
	(79, 13, 216, 95, 19, 246),
	(80, 13, 324, 95, 19, 246),
	(81, 14, 272, 60, 26, 1449),
	(82, 15, 33, 59, 92, 153),
	(83, 15, 84, 59, 92, 153),
	(84, 15, 93, 59, 92, 153),
	(85, 15, 147, 59, 92, 153),
	(86, 15, 162, 59, 92, 153),
	(87, 15, 178, 59, 92, 153),
	(88, 15, 331, 59, 92, 153),
	(89, 15, 348, 59, 92, 153),
	(90, 15, 355, 59, 92, 153),
	(91, 15, 399, 59, 92, 153),
	(92, 16, 25, 22, 86, 196),
	(93, 16, 62, 22, 86, 196),
	(94, 16, 133, 22, 86, 196),
	(95, 16, 207, 22, 86, 196),
	(96, 16, 274, 22, 86, 196),
	(97, 16, 320, 22, 86, 196),
	(98, 16, 366, 22, 86, 196),
	(99, 16, 374, 22, 86, 196),
	(100, 16, 385, 22, 86, 196),
	(101, 16, 395, 22, 86, 196),
	(102, 17, 4, 82, 31, 248),
	(103, 17, 20, 82, 31, 248),
	(104, 17, 39, 82, 31, 248),
	(105, 17, 142, 82, 31, 248),
	(106, 17, 209, 82, 31, 248),
	(107, 17, 252, 82, 31, 248),
	(108, 17, 321, 82, 31, 248),
	(109, 18, 45, 25, 69, 316),
	(110, 18, 56, 25, 69, 316),
	(111, 18, 90, 25, 69, 316),
	(112, 18, 272, 25, 69, 316),
	(113, 19, 6, 14, 46, 4148),
	(114, 19, 188, 14, 46, 4148),
	(115, 19, 226, 14, 46, 4148),
	(116, 19, 234, 14, 46, 4148),
	(117, 19, 279, 14, 46, 4148),
	(118, 19, 366, 14, 46, 4148),
	(119, 20, 230, 81, 77, 4602),
	(120, 21, 23, 71, 59, 6156),
	(121, 21, 95, 71, 59, 6156),
	(122, 21, 115, 71, 59, 6156),
	(123, 21, 120, 71, 59, 6156),
	(124, 21, 138, 71, 59, 6156),
	(125, 21, 170, 71, 59, 6156),
	(126, 21, 206, 71, 59, 6156),
	(127, 21, 291, 71, 59, 6156),
	(128, 21, 358, 71, 59, 6156),
	(129, 22, 4, 60, 20, 328),
	(130, 22, 51, 60, 20, 328),
	(131, 22, 127, 60, 20, 328),
	(132, 22, 243, 60, 20, 328),
	(133, 23, 3, 98, 63, 1040),
	(134, 23, 12, 98, 63, 1040),
	(135, 23, 159, 98, 63, 1040),
	(136, 23, 197, 98, 63, 1040),
	(137, 23, 265, 98, 63, 1040),
	(138, 23, 280, 98, 63, 1040),
	(139, 23, 330, 98, 63, 1040),
	(140, 23, 340, 98, 63, 1040),
	(141, 23, 389, 98, 63, 1040),
	(142, 24, 53, 58, 16, 4446),
	(143, 24, 253, 58, 16, 4446),
	(144, 24, 263, 58, 16, 4446),
	(145, 24, 277, 58, 16, 4446),
	(146, 24, 362, 58, 16, 4446),
	(147, 24, 383, 58, 16, 4446),
	(148, 25, 111, 61, 21, 1694),
	(149, 25, 221, 61, 21, 1694),
	(150, 25, 342, 61, 21, 1694),
	(151, 26, 6, 45, 11, 1152),
	(152, 26, 71, 45, 11, 1152),
	(153, 26, 104, 45, 11, 1152),
	(154, 26, 130, 45, 11, 1152),
	(155, 26, 135, 45, 11, 1152),
	(156, 26, 186, 45, 11, 1152),
	(157, 26, 238, 45, 11, 1152),
	(158, 26, 284, 45, 11, 1152),
	(159, 26, 364, 45, 11, 1152),
	(160, 26, 382, 45, 11, 1152),
	(161, 27, 90, 66, 30, 3038),
	(162, 27, 160, 66, 30, 3038),
	(163, 27, 206, 66, 30, 3038),
	(164, 27, 249, 66, 30, 3038),
	(165, 27, 291, 66, 30, 3038),
	(166, 27, 292, 66, 30, 3038),
	(167, 27, 380, 66, 30, 3038),
	(168, 28, 25, 84, 22, 1666),
	(169, 28, 52, 84, 22, 1666),
	(170, 28, 81, 84, 22, 1666),
	(171, 28, 131, 84, 22, 1666),
	(172, 28, 180, 84, 22, 1666),
	(173, 28, 199, 84, 22, 1666),
	(174, 28, 229, 84, 22, 1666),
	(175, 28, 269, 84, 22, 1666),
	(176, 28, 277, 84, 22, 1666),
	(177, 29, 2, 16, 39, 2120),
	(178, 29, 70, 16, 39, 2120),
	(179, 29, 78, 16, 39, 2120),
	(180, 29, 172, 16, 39, 2120),
	(181, 29, 187, 16, 39, 2120),
	(182, 29, 229, 16, 39, 2120),
	(183, 29, 251, 16, 39, 2120),
	(184, 29, 286, 16, 39, 2120),
	(185, 29, 335, 16, 39, 2120),
	(186, 29, 344, 16, 39, 2120),
	(187, 30, 11, 51, 89, 2124),
	(188, 30, 32, 51, 89, 2124),
	(189, 30, 46, 51, 89, 2124),
	(190, 30, 94, 51, 89, 2124),
	(191, 30, 101, 51, 89, 2124),
	(192, 30, 171, 51, 89, 2124),
	(193, 30, 210, 51, 89, 2124),
	(194, 30, 258, 51, 89, 2124),
	(195, 30, 356, 51, 89, 2124),
	(196, 30, 374, 51, 89, 2124),
	(197, 31, 20, 47, 49, 1652),
	(198, 31, 36, 47, 49, 1652),
	(199, 31, 79, 47, 49, 1652),
	(200, 31, 105, 47, 49, 1652),
	(201, 31, 112, 47, 49, 1652),
	(202, 31, 143, 47, 49, 1652),
	(203, 31, 182, 47, 49, 1652),
	(204, 31, 305, 47, 49, 1652),
	(205, 31, 341, 47, 49, 1652),
	(206, 31, 372, 47, 49, 1652),
	(207, 32, 57, 13, 14, 1440),
	(208, 32, 250, 13, 14, 1440),
	(209, 32, 289, 13, 14, 1440),
	(210, 32, 312, 13, 14, 1440),
	(211, 32, 361, 13, 14, 1440),
	(212, 33, 40, 32, 21, 390),
	(213, 33, 43, 32, 21, 390),
	(214, 33, 122, 32, 21, 390),
	(215, 33, 131, 32, 21, 390),
	(216, 33, 145, 32, 21, 390),
	(217, 33, 194, 32, 21, 390),
	(218, 33, 201, 32, 21, 390),
	(219, 33, 222, 32, 21, 390),
	(220, 33, 283, 32, 21, 390),
	(221, 33, 388, 32, 21, 390),
	(222, 34, 10, 51, 81, 9408),
	(223, 34, 23, 51, 81, 9408),
	(224, 34, 101, 51, 81, 9408),
	(225, 34, 135, 51, 81, 9408),
	(226, 34, 240, 51, 81, 9408),
	(227, 34, 261, 51, 81, 9408),
	(228, 34, 297, 51, 81, 9408),
	(229, 34, 366, 51, 81, 9408),
	(230, 35, 202, 99, 23, 252),
	(231, 36, 105, 4, 58, 714),
	(232, 36, 114, 4, 58, 714),
	(233, 36, 128, 4, 58, 714),
	(234, 36, 149, 4, 58, 714),
	(235, 36, 176, 4, 58, 714),
	(236, 36, 232, 4, 58, 714),
	(237, 36, 282, 4, 58, 714),
	(238, 36, 299, 4, 58, 714),
	(239, 36, 363, 4, 58, 714),
	(240, 37, 139, 16, 6, 1568),
	(241, 37, 165, 16, 6, 1568),
	(242, 37, 342, 16, 6, 1568),
	(243, 37, 344, 16, 6, 1568),
	(244, 38, 8, 83, 58, 55),
	(245, 38, 110, 83, 58, 55),
	(246, 38, 116, 83, 58, 55),
	(247, 38, 192, 83, 58, 55),
	(248, 38, 224, 83, 58, 55),
	(249, 38, 297, 83, 58, 55),
	(250, 38, 351, 83, 58, 55),
	(251, 38, 361, 83, 58, 55),
	(252, 39, 131, 20, 38, 5538),
	(253, 39, 329, 20, 38, 5538),
	(254, 39, 384, 20, 38, 5538),
	(255, 40, 371, 89, 69, 2088),
	(256, 41, 11, 61, 13, 6642),
	(257, 41, 17, 61, 13, 6642),
	(258, 41, 218, 61, 13, 6642),
	(259, 42, 77, 92, 74, 1216),
	(260, 42, 109, 92, 74, 1216),
	(261, 42, 134, 92, 74, 1216),
	(262, 42, 181, 92, 74, 1216),
	(263, 42, 260, 92, 74, 1216),
	(264, 42, 298, 92, 74, 1216),
	(265, 42, 305, 92, 74, 1216),
	(266, 42, 362, 92, 74, 1216),
	(267, 42, 366, 92, 74, 1216),
	(268, 43, 9, 89, 100, 3366),
	(269, 43, 89, 89, 100, 3366),
	(270, 43, 118, 89, 100, 3366),
	(271, 43, 313, 89, 100, 3366),
	(272, 44, 39, 71, 31, 46),
	(273, 44, 80, 71, 31, 46),
	(274, 44, 150, 71, 31, 46),
	(275, 44, 180, 71, 31, 46),
	(276, 44, 245, 71, 31, 46),
	(277, 44, 320, 71, 31, 46),
	(278, 45, 17, 58, 50, 2940),
	(279, 45, 104, 58, 50, 2940),
	(280, 46, 58, 79, 82, 256),
	(281, 46, 61, 79, 82, 256),
	(282, 46, 134, 79, 82, 256),
	(283, 47, 50, 34, 92, 1078),
	(284, 47, 186, 34, 92, 1078),
	(285, 47, 238, 34, 92, 1078),
	(286, 47, 249, 34, 92, 1078),
	(287, 47, 288, 34, 92, 1078),
	(288, 47, 337, 34, 92, 1078),
	(289, 47, 342, 34, 92, 1078),
	(290, 48, 107, 65, 17, 3420),
	(291, 49, 133, 93, 36, 5166),
	(292, 49, 286, 93, 36, 5166),
	(293, 50, 107, 28, 72, 3600),
	(294, 50, 360, 28, 72, 3600),
	(295, 50, 377, 28, 72, 3600),
	(296, 51, 76, 24, 48, 2256),
	(297, 51, 86, 24, 48, 2256),
	(298, 51, 116, 24, 48, 2256),
	(299, 51, 121, 24, 48, 2256),
	(300, 51, 171, 24, 48, 2256),
	(301, 51, 202, 24, 48, 2256),
	(302, 51, 231, 24, 48, 2256),
	(303, 52, 13, 57, 33, 5508),
	(304, 52, 97, 57, 33, 5508),
	(305, 52, 166, 57, 33, 5508),
	(306, 52, 170, 57, 33, 5508),
	(307, 52, 300, 57, 33, 5508),
	(308, 52, 356, 57, 33, 5508),
	(309, 53, 52, 37, 35, 2112),
	(310, 53, 67, 37, 35, 2112),
	(311, 53, 131, 37, 35, 2112),
	(312, 53, 149, 37, 35, 2112),
	(313, 53, 189, 37, 35, 2112),
	(314, 53, 239, 37, 35, 2112),
	(315, 53, 273, 37, 35, 2112),
	(316, 54, 178, 33, 21, 7110),
	(317, 54, 254, 33, 21, 7110),
	(318, 54, 274, 33, 21, 7110),
	(319, 54, 394, 33, 21, 7110),
	(320, 55, 78, 98, 95, 2736),
	(321, 55, 310, 98, 95, 2736),
	(322, 56, 37, 21, 20, 5670),
	(323, 56, 107, 21, 20, 5670),
	(324, 56, 310, 21, 20, 5670),
	(325, 56, 366, 21, 20, 5670),
	(326, 57, 215, 2, 12, 3240),
	(327, 57, 245, 2, 12, 3240),
	(328, 57, 247, 2, 12, 3240),
	(329, 57, 252, 2, 12, 3240),
	(330, 57, 292, 2, 12, 3240),
	(331, 57, 297, 2, 12, 3240),
	(332, 57, 368, 2, 12, 3240),
	(333, 58, 81, 51, 30, 1020),
	(334, 58, 87, 51, 30, 1020),
	(335, 58, 153, 51, 30, 1020),
	(336, 58, 379, 51, 30, 1020),
	(337, 59, 364, 53, 65, 75),
	(338, 60, 44, 98, 86, 2604),
	(339, 60, 54, 98, 86, 2604),
	(340, 60, 369, 98, 86, 2604),
	(341, 61, 4, 6, 61, 8232),
	(342, 61, 134, 6, 61, 8232),
	(343, 62, 51, 99, 4, 1178),
	(344, 62, 72, 99, 4, 1178),
	(345, 62, 83, 99, 4, 1178),
	(346, 62, 180, 99, 4, 1178),
	(347, 62, 191, 99, 4, 1178),
	(348, 62, 256, 99, 4, 1178),
	(349, 62, 366, 99, 4, 1178),
	(350, 62, 379, 99, 4, 1178),
	(351, 62, 396, 99, 4, 1178),
	(352, 63, 11, 4, 39, 1056),
	(353, 63, 77, 4, 39, 1056),
	(354, 63, 82, 4, 39, 1056),
	(355, 63, 127, 4, 39, 1056),
	(356, 63, 154, 4, 39, 1056),
	(357, 63, 158, 4, 39, 1056),
	(358, 63, 250, 4, 39, 1056),
	(359, 63, 294, 4, 39, 1056),
	(360, 63, 305, 4, 39, 1056),
	(361, 63, 315, 4, 39, 1056),
	(362, 64, 101, 14, 35, 1880),
	(363, 64, 156, 14, 35, 1880),
	(364, 64, 175, 14, 35, 1880),
	(365, 64, 179, 14, 35, 1880),
	(366, 64, 229, 14, 35, 1880),
	(367, 64, 248, 14, 35, 1880),
	(368, 64, 311, 14, 35, 1880),
	(369, 64, 341, 14, 35, 1880),
	(370, 64, 350, 14, 35, 1880),
	(371, 64, 360, 14, 35, 1880),
	(372, 65, 91, 41, 66, 4623),
	(373, 65, 108, 41, 66, 4623),
	(374, 65, 142, 41, 66, 4623),
	(375, 65, 200, 41, 66, 4623),
	(376, 65, 209, 41, 66, 4623),
	(377, 65, 213, 41, 66, 4623),
	(378, 66, 289, 59, 69, 4416),
	(379, 66, 368, 59, 69, 4416),
	(380, 67, 153, 60, 67, 2950),
	(381, 67, 191, 60, 67, 2950),
	(382, 67, 271, 60, 67, 2950),
	(383, 67, 366, 60, 67, 2950),
	(384, 68, 52, 34, 41, 5628),
	(385, 68, 109, 34, 41, 5628),
	(386, 68, 194, 34, 41, 5628),
	(387, 68, 312, 34, 41, 5628),
	(388, 68, 323, 34, 41, 5628),
	(389, 68, 330, 34, 41, 5628),
	(390, 69, 8, 91, 74, 4800),
	(391, 69, 272, 91, 74, 4800),
	(392, 69, 358, 91, 74, 4800),
	(393, 69, 359, 91, 74, 4800),
	(394, 69, 371, 91, 74, 4800),
	(395, 70, 80, 19, 35, 210),
	(396, 70, 100, 19, 35, 210),
	(397, 70, 340, 19, 35, 210),
	(398, 70, 345, 19, 35, 210),
	(399, 71, 93, 55, 44, 500),
	(400, 71, 105, 55, 44, 500),
	(401, 71, 184, 55, 44, 500),
	(402, 71, 239, 55, 44, 500),
	(403, 71, 380, 55, 44, 500),
	(404, 71, 381, 55, 44, 500),
	(405, 72, 13, 82, 91, 1776),
	(406, 72, 208, 82, 91, 1776),
	(407, 72, 275, 82, 91, 1776),
	(408, 72, 307, 82, 91, 1776),
	(409, 72, 334, 82, 91, 1776),
	(410, 73, 3, 22, 93, 104),
	(411, 73, 7, 22, 93, 104),
	(412, 73, 21, 22, 93, 104),
	(413, 73, 116, 22, 93, 104),
	(414, 73, 153, 22, 93, 104),
	(415, 73, 263, 22, 93, 104),
	(416, 73, 305, 22, 93, 104),
	(417, 73, 391, 22, 93, 104),
	(418, 74, 39, 34, 9, 3525),
	(419, 74, 77, 34, 9, 3525),
	(420, 74, 107, 34, 9, 3525),
	(421, 74, 176, 34, 9, 3525),
	(422, 74, 238, 34, 9, 3525),
	(423, 74, 267, 34, 9, 3525),
	(424, 74, 289, 34, 9, 3525),
	(425, 75, 100, 55, 31, 62),
	(426, 75, 109, 55, 31, 62),
	(427, 75, 137, 55, 31, 62),
	(428, 75, 154, 55, 31, 62),
	(429, 75, 192, 55, 31, 62),
	(430, 75, 304, 55, 31, 62),
	(431, 75, 306, 55, 31, 62),
	(432, 75, 352, 55, 31, 62),
	(433, 75, 397, 55, 31, 62),
	(434, 76, 53, 31, 83, 2312),
	(435, 76, 60, 31, 83, 2312),
	(436, 76, 63, 31, 83, 2312),
	(437, 76, 236, 31, 83, 2312),
	(438, 76, 249, 31, 83, 2312),
	(439, 76, 253, 31, 83, 2312),
	(440, 76, 254, 31, 83, 2312),
	(441, 76, 355, 31, 83, 2312),
	(442, 76, 369, 31, 83, 2312),
	(443, 76, 385, 31, 83, 2312),
	(444, 77, 317, 5, 19, 5037),
	(445, 78, 85, 29, 2, 312),
	(446, 78, 120, 29, 2, 312),
	(447, 78, 150, 29, 2, 312),
	(448, 78, 167, 29, 2, 312),
	(449, 78, 241, 29, 2, 312),
	(450, 78, 305, 29, 2, 312),
	(451, 78, 315, 29, 2, 312),
	(452, 78, 369, 29, 2, 312),
	(453, 79, 47, 22, 54, 156),
	(454, 79, 68, 22, 54, 156),
	(455, 79, 235, 22, 54, 156),
	(456, 79, 275, 22, 54, 156),
	(457, 79, 334, 22, 54, 156),
	(458, 80, 87, 50, 48, 3840),
	(459, 80, 125, 50, 48, 3840),
	(460, 80, 172, 50, 48, 3840),
	(461, 80, 199, 50, 48, 3840),
	(462, 80, 255, 50, 48, 3840),
	(463, 81, 14, 47, 41, 2520),
	(464, 81, 23, 47, 41, 2520),
	(465, 81, 67, 47, 41, 2520),
	(466, 81, 241, 47, 41, 2520),
	(467, 81, 327, 47, 41, 2520),
	(468, 82, 106, 56, 38, 4750),
	(469, 83, 61, 10, 13, 4056),
	(470, 83, 162, 10, 13, 4056),
	(471, 83, 247, 10, 13, 4056),
	(472, 83, 268, 10, 13, 4056),
	(473, 83, 315, 10, 13, 4056),
	(474, 83, 356, 10, 13, 4056),
	(475, 84, 17, 86, 23, 6230),
	(476, 84, 45, 86, 23, 6230),
	(477, 84, 96, 86, 23, 6230),
	(478, 84, 101, 86, 23, 6230),
	(479, 84, 113, 86, 23, 6230),
	(480, 84, 120, 86, 23, 6230),
	(481, 84, 166, 86, 23, 6230),
	(482, 85, 103, 10, 99, 624),
	(483, 85, 291, 10, 99, 624),
	(484, 85, 366, 10, 99, 624),
	(485, 85, 393, 10, 99, 624),
	(486, 86, 85, 78, 20, 299),
	(487, 86, 314, 78, 20, 299),
	(488, 86, 324, 78, 20, 299),
	(489, 87, 18, 18, 70, 4312),
	(490, 87, 147, 18, 70, 4312),
	(491, 87, 222, 18, 70, 4312),
	(492, 87, 233, 18, 70, 4312),
	(493, 87, 245, 18, 70, 4312),
	(494, 87, 374, 18, 70, 4312),
	(495, 87, 389, 18, 70, 4312),
	(496, 87, 395, 18, 70, 4312),
	(497, 88, 11, 89, 15, 8265),
	(498, 88, 25, 89, 15, 8265),
	(499, 88, 36, 89, 15, 8265),
	(500, 88, 72, 89, 15, 8265),
	(501, 88, 125, 89, 15, 8265),
	(502, 88, 166, 89, 15, 8265),
	(503, 88, 180, 89, 15, 8265),
	(504, 88, 321, 89, 15, 8265),
	(505, 88, 333, 89, 15, 8265),
	(506, 89, 16, 84, 100, 912),
	(507, 89, 141, 84, 100, 912),
	(508, 89, 218, 84, 100, 912),
	(509, 89, 259, 84, 100, 912),
	(510, 89, 363, 84, 100, 912),
	(511, 89, 394, 84, 100, 912),
	(512, 90, 74, 64, 1, 294),
	(513, 90, 120, 64, 1, 294),
	(514, 90, 139, 64, 1, 294),
	(515, 90, 173, 64, 1, 294),
	(516, 90, 197, 64, 1, 294),
	(517, 90, 373, 64, 1, 294),
	(518, 91, 319, 100, 100, 4029),
	(519, 91, 358, 100, 100, 4029),
	(520, 92, 9, 83, 22, 1064),
	(521, 92, 20, 83, 22, 1064),
	(522, 92, 62, 83, 22, 1064),
	(523, 92, 118, 83, 22, 1064),
	(524, 92, 325, 83, 22, 1064),
	(525, 93, 30, 6, 11, 3813),
	(526, 93, 43, 6, 11, 3813),
	(527, 93, 76, 6, 11, 3813),
	(528, 93, 89, 6, 11, 3813),
	(529, 93, 244, 6, 11, 3813),
	(530, 93, 270, 6, 11, 3813),
	(531, 93, 318, 6, 11, 3813),
	(532, 93, 338, 6, 11, 3813),
	(533, 93, 353, 6, 11, 3813),
	(534, 94, 238, 28, 30, 2850),
	(535, 94, 285, 28, 30, 2850),
	(536, 95, 101, 95, 20, 5200),
	(537, 95, 161, 95, 20, 5200),
	(538, 95, 222, 95, 20, 5200),
	(539, 95, 232, 95, 20, 5200),
	(540, 95, 310, 95, 20, 5200),
	(541, 95, 314, 95, 20, 5200),
	(542, 95, 365, 95, 20, 5200),
	(543, 95, 370, 95, 20, 5200),
	(544, 95, 385, 95, 20, 5200),
	(545, 96, 106, 13, 36, 550),
	(546, 96, 250, 13, 36, 550),
	(547, 96, 270, 13, 36, 550),
	(548, 97, 18, 11, 73, 1029),
	(549, 97, 105, 11, 73, 1029),
	(550, 97, 141, 11, 73, 1029),
	(551, 97, 355, 11, 73, 1029),
	(552, 97, 380, 11, 73, 1029),
	(553, 97, 383, 11, 73, 1029),
	(554, 97, 393, 11, 73, 1029),
	(555, 98, 28, 43, 96, 2054),
	(556, 98, 29, 43, 96, 2054),
	(557, 98, 107, 43, 96, 2054),
	(558, 98, 108, 43, 96, 2054),
	(559, 98, 187, 43, 96, 2054),
	(560, 98, 195, 43, 96, 2054),
	(561, 98, 205, 43, 96, 2054),
	(562, 98, 232, 43, 96, 2054),
	(563, 98, 375, 43, 96, 2054),
	(564, 98, 394, 43, 96, 2054),
	(565, 99, 101, 81, 97, 1600),
	(566, 99, 115, 81, 97, 1600),
	(567, 100, 1, 89, 16, 990),
	(568, 100, 35, 89, 16, 990),
	(569, 100, 69, 89, 16, 990),
	(570, 100, 105, 89, 16, 990),
	(571, 100, 244, 89, 16, 990),
	(572, 101, 396, 79, 54, 1634),
	(573, 102, 49, 20, 48, 520),
	(574, 102, 60, 20, 48, 520),
	(575, 102, 201, 20, 48, 520),
	(576, 102, 214, 20, 48, 520),
	(577, 102, 218, 20, 48, 520),
	(578, 102, 266, 20, 48, 520),
	(579, 103, 6, 41, 72, 2440),
	(580, 103, 75, 41, 72, 2440),
	(581, 103, 132, 41, 72, 2440),
	(582, 103, 196, 41, 72, 2440),
	(583, 103, 204, 41, 72, 2440),
	(584, 103, 241, 41, 72, 2440),
	(585, 103, 253, 41, 72, 2440),
	(586, 103, 307, 41, 72, 2440),
	(587, 103, 387, 41, 72, 2440),
	(588, 104, 73, 30, 2, 6768),
	(589, 104, 105, 30, 2, 6768),
	(590, 104, 163, 30, 2, 6768),
	(591, 104, 236, 30, 2, 6768),
	(592, 104, 318, 30, 2, 6768),
	(593, 104, 376, 30, 2, 6768),
	(594, 104, 391, 30, 2, 6768),
	(595, 105, 84, 43, 16, 1353),
	(596, 105, 87, 43, 16, 1353),
	(597, 105, 112, 43, 16, 1353),
	(598, 105, 249, 43, 16, 1353),
	(599, 106, 102, 26, 31, 6552),
	(600, 106, 372, 26, 31, 6552),
	(601, 107, 25, 42, 91, 2982),
	(602, 107, 144, 42, 91, 2982),
	(603, 107, 267, 42, 91, 2982),
	(604, 108, 257, 60, 51, 4850),
	(605, 108, 281, 60, 51, 4850),
	(606, 108, 297, 60, 51, 4850),
	(607, 109, 228, 4, 33, 1476),
	(608, 109, 279, 4, 33, 1476),
	(609, 109, 319, 4, 33, 1476),
	(610, 110, 105, 17, 66, 7470),
	(611, 110, 132, 17, 66, 7470),
	(612, 110, 144, 17, 66, 7470),
	(613, 110, 224, 17, 66, 7470),
	(614, 110, 252, 17, 66, 7470),
	(615, 110, 256, 17, 66, 7470),
	(616, 110, 266, 17, 66, 7470),
	(617, 110, 274, 17, 66, 7470),
	(618, 110, 331, 17, 66, 7470),
	(619, 111, 178, 15, 69, 2444),
	(620, 111, 193, 15, 69, 2444),
	(621, 111, 223, 15, 69, 2444),
	(622, 111, 353, 15, 69, 2444),
	(623, 111, 387, 15, 69, 2444),
	(624, 111, 394, 15, 69, 2444),
	(625, 112, 43, 25, 5, 736),
	(626, 112, 194, 25, 5, 736),
	(627, 112, 221, 25, 5, 736),
	(628, 112, 262, 25, 5, 736),
	(629, 112, 299, 25, 5, 736),
	(630, 112, 324, 25, 5, 736),
	(631, 112, 385, 25, 5, 736),
	(632, 113, 60, 67, 82, 3650),
	(633, 113, 106, 67, 82, 3650),
	(634, 113, 161, 67, 82, 3650),
	(635, 113, 166, 67, 82, 3650),
	(636, 113, 177, 67, 82, 3650),
	(637, 113, 337, 67, 82, 3650),
	(638, 114, 81, 84, 80, 8170),
	(639, 114, 138, 84, 80, 8170),
	(640, 114, 203, 84, 80, 8170),
	(641, 114, 263, 84, 80, 8170),
	(642, 114, 346, 84, 80, 8170),
	(643, 114, 383, 84, 80, 8170),
	(644, 114, 397, 84, 80, 8170),
	(645, 115, 90, 27, 37, 187),
	(646, 116, 340, 54, 14, 3204),
	(647, 117, 71, 36, 19, 6745),
	(648, 117, 220, 36, 19, 6745),
	(649, 117, 253, 36, 19, 6745),
	(650, 117, 261, 36, 19, 6745),
	(651, 117, 274, 36, 19, 6745),
	(652, 118, 12, 100, 49, 825),
	(653, 118, 61, 100, 49, 825),
	(654, 118, 109, 100, 49, 825),
	(655, 118, 166, 100, 49, 825),
	(656, 118, 286, 100, 49, 825),
	(657, 118, 293, 100, 49, 825),
	(658, 118, 358, 100, 49, 825),
	(659, 118, 378, 100, 49, 825),
	(660, 119, 181, 38, 7, 4416),
	(661, 119, 233, 38, 7, 4416),
	(662, 119, 374, 38, 7, 4416),
	(663, 120, 3, 56, 48, 8281),
	(664, 120, 103, 56, 48, 8281),
	(665, 120, 281, 56, 48, 8281),
	(666, 120, 289, 56, 48, 8281),
	(667, 120, 318, 56, 48, 8281),
	(668, 120, 336, 56, 48, 8281),
	(669, 121, 353, 62, 93, 2736),
	(670, 122, 56, 41, 24, 1080),
	(671, 122, 148, 41, 24, 1080),
	(672, 122, 242, 41, 24, 1080),
	(673, 122, 303, 41, 24, 1080),
	(674, 122, 320, 41, 24, 1080),
	(675, 122, 332, 41, 24, 1080),
	(676, 122, 334, 41, 24, 1080),
	(677, 122, 389, 41, 24, 1080),
	(678, 122, 398, 41, 24, 1080),
	(679, 123, 62, 30, 27, 6723),
	(680, 123, 163, 30, 27, 6723),
	(681, 123, 195, 30, 27, 6723),
	(682, 124, 1, 39, 29, 680),
	(683, 124, 56, 39, 29, 680),
	(684, 125, 13, 13, 37, 1584),
	(685, 125, 57, 13, 37, 1584),
	(686, 125, 120, 13, 37, 1584),
	(687, 125, 326, 13, 37, 1584),
	(688, 126, 215, 53, 6, 702),
	(689, 127, 31, 35, 31, 2425),
	(690, 127, 55, 35, 31, 2425),
	(691, 127, 118, 35, 31, 2425),
	(692, 127, 186, 35, 31, 2425),
	(693, 127, 318, 35, 31, 2425),
	(694, 127, 320, 35, 31, 2425),
	(695, 127, 323, 35, 31, 2425),
	(696, 128, 46, 58, 34, 1020),
	(697, 128, 272, 58, 34, 1020),
	(698, 129, 18, 38, 69, 3686),
	(699, 129, 130, 38, 69, 3686),
	(700, 129, 271, 38, 69, 3686),
	(701, 129, 283, 38, 69, 3686),
	(702, 130, 185, 8, 25, 216),
	(703, 130, 187, 8, 25, 216),
	(704, 131, 1, 81, 19, 1176),
	(705, 131, 28, 81, 19, 1176),
	(706, 131, 54, 81, 19, 1176),
	(707, 131, 107, 81, 19, 1176),
	(708, 131, 115, 81, 19, 1176),
	(709, 131, 128, 81, 19, 1176),
	(710, 131, 236, 81, 19, 1176),
	(711, 131, 271, 81, 19, 1176),
	(712, 131, 282, 81, 19, 1176),
	(713, 131, 291, 81, 19, 1176),
	(714, 132, 33, 79, 57, 88),
	(715, 132, 69, 79, 57, 88),
	(716, 132, 87, 79, 57, 88),
	(717, 132, 178, 79, 57, 88),
	(718, 132, 191, 79, 57, 88),
	(719, 132, 247, 79, 57, 88),
	(720, 132, 309, 79, 57, 88),
	(721, 133, 156, 63, 52, 6643),
	(722, 133, 265, 63, 52, 6643),
	(723, 133, 289, 63, 52, 6643),
	(724, 133, 314, 63, 52, 6643),
	(725, 134, 69, 35, 35, 336),
	(726, 134, 190, 35, 35, 336),
	(727, 135, 60, 69, 83, 2030),
	(728, 135, 61, 69, 83, 2030),
	(729, 135, 62, 69, 83, 2030),
	(730, 135, 104, 69, 83, 2030),
	(731, 135, 252, 69, 83, 2030),
	(732, 135, 253, 69, 83, 2030),
	(733, 135, 292, 69, 83, 2030),
	(734, 135, 351, 69, 83, 2030),
	(735, 136, 2, 89, 22, 2688),
	(736, 136, 100, 89, 22, 2688),
	(737, 136, 112, 89, 22, 2688),
	(738, 136, 124, 89, 22, 2688),
	(739, 136, 146, 89, 22, 2688),
	(740, 136, 208, 89, 22, 2688),
	(741, 136, 248, 89, 22, 2688),
	(742, 136, 249, 89, 22, 2688),
	(743, 136, 263, 89, 22, 2688),
	(744, 136, 264, 89, 22, 2688),
	(745, 137, 377, 16, 55, 1504),
	(746, 138, 153, 74, 61, 1328),
	(747, 138, 344, 74, 61, 1328),
	(748, 139, 10, 74, 77, 2185),
	(749, 139, 18, 74, 77, 2185),
	(750, 139, 43, 74, 77, 2185),
	(751, 139, 85, 74, 77, 2185),
	(752, 139, 117, 74, 77, 2185),
	(753, 139, 130, 74, 77, 2185),
	(754, 139, 135, 74, 77, 2185),
	(755, 139, 173, 74, 77, 2185),
	(756, 139, 326, 74, 77, 2185),
	(757, 139, 388, 74, 77, 2185),
	(758, 140, 4, 36, 44, 1056),
	(759, 140, 18, 36, 44, 1056),
	(760, 140, 21, 36, 44, 1056),
	(761, 140, 32, 36, 44, 1056),
	(762, 140, 43, 36, 44, 1056),
	(763, 140, 79, 36, 44, 1056),
	(764, 140, 187, 36, 44, 1056),
	(765, 140, 194, 36, 44, 1056),
	(766, 140, 237, 36, 44, 1056),
	(767, 140, 324, 36, 44, 1056),
	(768, 141, 20, 43, 13, 1806),
	(769, 141, 29, 43, 13, 1806),
	(770, 141, 89, 43, 13, 1806),
	(771, 141, 108, 43, 13, 1806),
	(772, 141, 139, 43, 13, 1806),
	(773, 141, 233, 43, 13, 1806),
	(774, 141, 259, 43, 13, 1806),
	(775, 141, 338, 43, 13, 1806),
	(776, 141, 363, 43, 13, 1806),
	(777, 142, 108, 86, 32, 1564),
	(778, 142, 187, 86, 32, 1564),
	(779, 143, 229, 37, 77, 2184),
	(780, 143, 386, 37, 77, 2184),
	(781, 144, 84, 40, 63, 1800),
	(782, 144, 174, 40, 63, 1800),
	(783, 144, 187, 40, 63, 1800),
	(784, 144, 225, 40, 63, 1800),
	(785, 144, 285, 40, 63, 1800),
	(786, 144, 292, 40, 63, 1800),
	(787, 144, 351, 40, 63, 1800),
	(788, 144, 357, 40, 63, 1800),
	(789, 145, 1, 62, 21, 3000),
	(790, 145, 34, 62, 21, 3000),
	(791, 145, 145, 62, 21, 3000),
	(792, 146, 74, 18, 51, 1188),
	(793, 146, 97, 18, 51, 1188),
	(794, 146, 198, 18, 51, 1188),
	(795, 146, 249, 18, 51, 1188),
	(796, 146, 252, 18, 51, 1188),
	(797, 146, 258, 18, 51, 1188),
	(798, 146, 274, 18, 51, 1188),
	(799, 146, 286, 18, 51, 1188),
	(800, 146, 370, 18, 51, 1188),
	(801, 147, 92, 45, 13, 1539),
	(802, 147, 108, 45, 13, 1539),
	(803, 147, 135, 45, 13, 1539),
	(804, 147, 163, 45, 13, 1539),
	(805, 147, 202, 45, 13, 1539),
	(806, 147, 213, 45, 13, 1539),
	(807, 147, 240, 45, 13, 1539),
	(808, 147, 243, 45, 13, 1539),
	(809, 148, 63, 8, 81, 1749),
	(810, 149, 174, 20, 41, 2700),
	(811, 149, 199, 20, 41, 2700),
	(812, 149, 272, 20, 41, 2700),
	(813, 149, 345, 20, 41, 2700),
	(814, 149, 353, 20, 41, 2700),
	(815, 150, 27, 26, 77, 1288),
	(816, 150, 189, 26, 77, 1288),
	(817, 150, 277, 26, 77, 1288),
	(818, 151, 152, 85, 48, 2232),
	(819, 151, 157, 85, 48, 2232),
	(820, 151, 225, 85, 48, 2232),
	(821, 151, 342, 85, 48, 2232),
	(822, 151, 356, 85, 48, 2232),
	(823, 151, 365, 85, 48, 2232),
	(824, 151, 380, 85, 48, 2232),
	(825, 151, 382, 85, 48, 2232),
	(826, 152, 31, 80, 55, 780),
	(827, 152, 102, 80, 55, 780),
	(828, 152, 115, 80, 55, 780),
	(829, 152, 169, 80, 55, 780),
	(830, 152, 280, 80, 55, 780),
	(831, 152, 376, 80, 55, 780),
	(832, 152, 393, 80, 55, 780),
	(833, 153, 57, 14, 56, 4851),
	(834, 153, 236, 14, 56, 4851),
	(835, 153, 296, 14, 56, 4851),
	(836, 153, 308, 14, 56, 4851),
	(837, 153, 377, 14, 56, 4851),
	(838, 153, 397, 14, 56, 4851),
	(839, 153, 398, 14, 56, 4851),
	(840, 154, 86, 83, 62, 440),
	(841, 154, 119, 83, 62, 440),
	(842, 154, 218, 83, 62, 440),
	(843, 154, 254, 83, 62, 440),
	(844, 154, 333, 83, 62, 440),
	(845, 154, 345, 83, 62, 440),
	(846, 155, 33, 67, 70, 176),
	(847, 155, 65, 67, 70, 176),
	(848, 155, 89, 67, 70, 176),
	(849, 155, 91, 67, 70, 176),
	(850, 155, 113, 67, 70, 176),
	(851, 155, 204, 67, 70, 176),
	(852, 155, 240, 67, 70, 176),
	(853, 155, 295, 67, 70, 176),
	(854, 155, 325, 67, 70, 176),
	(855, 156, 29, 50, 14, 2112),
	(856, 156, 71, 50, 14, 2112),
	(857, 156, 124, 50, 14, 2112),
	(858, 156, 166, 50, 14, 2112),
	(859, 156, 201, 50, 14, 2112),
	(860, 156, 217, 50, 14, 2112),
	(861, 156, 229, 50, 14, 2112),
	(862, 156, 286, 50, 14, 2112),
	(863, 156, 377, 50, 14, 2112),
	(864, 157, 5, 13, 88, 550),
	(865, 157, 32, 13, 88, 550),
	(866, 157, 102, 13, 88, 550),
	(867, 157, 110, 13, 88, 550),
	(868, 157, 112, 13, 88, 550),
	(869, 157, 235, 13, 88, 550),
	(870, 157, 244, 13, 88, 550),
	(871, 157, 287, 13, 88, 550),
	(872, 157, 317, 13, 88, 550),
	(873, 158, 30, 31, 65, 3948),
	(874, 158, 31, 31, 65, 3948),
	(875, 158, 34, 31, 65, 3948),
	(876, 158, 50, 31, 65, 3948),
	(877, 158, 82, 31, 65, 3948),
	(878, 158, 99, 31, 65, 3948),
	(879, 158, 243, 31, 65, 3948),
	(880, 158, 373, 31, 65, 3948),
	(881, 159, 9, 47, 54, 72),
	(882, 159, 45, 47, 54, 72),
	(883, 159, 78, 47, 54, 72),
	(884, 159, 148, 47, 54, 72),
	(885, 159, 220, 47, 54, 72),
	(886, 159, 269, 47, 54, 72),
	(887, 159, 275, 47, 54, 72),
	(888, 159, 276, 47, 54, 72),
	(889, 159, 359, 47, 54, 72),
	(890, 160, 1, 32, 11, 4368),
	(891, 160, 188, 32, 11, 4368),
	(892, 160, 202, 32, 11, 4368),
	(893, 161, 251, 50, 35, 9700),
	(894, 162, 8, 78, 76, 2162),
	(895, 162, 10, 78, 76, 2162),
	(896, 162, 133, 78, 76, 2162),
	(897, 162, 136, 78, 76, 2162),
	(898, 162, 156, 78, 76, 2162),
	(899, 162, 301, 78, 76, 2162),
	(900, 163, 11, 87, 63, 324),
	(901, 163, 45, 87, 63, 324),
	(902, 163, 88, 87, 63, 324),
	(903, 163, 106, 87, 63, 324),
	(904, 163, 147, 87, 63, 324),
	(905, 163, 203, 87, 63, 324),
	(906, 163, 255, 87, 63, 324),
	(907, 163, 265, 87, 63, 324),
	(908, 163, 345, 87, 63, 324),
	(909, 163, 385, 87, 63, 324),
	(910, 164, 27, 30, 33, 1120),
	(911, 164, 63, 30, 33, 1120),
	(912, 164, 103, 30, 33, 1120),
	(913, 164, 161, 30, 33, 1120),
	(914, 164, 168, 30, 33, 1120),
	(915, 164, 291, 30, 33, 1120),
	(916, 164, 397, 30, 33, 1120),
	(917, 165, 10, 80, 22, 3772),
	(918, 165, 110, 80, 22, 3772),
	(919, 165, 280, 80, 22, 3772),
	(920, 165, 334, 80, 22, 3772),
	(921, 165, 341, 80, 22, 3772),
	(922, 165, 386, 80, 22, 3772),
	(923, 165, 398, 80, 22, 3772),
	(924, 166, 1, 61, 99, 1827),
	(925, 166, 93, 61, 99, 1827),
	(926, 166, 126, 61, 99, 1827),
	(927, 166, 171, 61, 99, 1827),
	(928, 166, 203, 61, 99, 1827),
	(929, 166, 259, 61, 99, 1827),
	(930, 166, 273, 61, 99, 1827),
	(931, 167, 46, 25, 57, 4288),
	(932, 167, 114, 25, 57, 4288),
	(933, 167, 144, 25, 57, 4288),
	(934, 167, 180, 25, 57, 4288),
	(935, 167, 214, 25, 57, 4288),
	(936, 168, 16, 82, 72, 1290),
	(937, 168, 17, 82, 72, 1290),
	(938, 168, 54, 82, 72, 1290),
	(939, 168, 75, 82, 72, 1290),
	(940, 168, 88, 82, 72, 1290),
	(941, 168, 115, 82, 72, 1290),
	(942, 168, 232, 82, 72, 1290),
	(943, 168, 357, 82, 72, 1290),
	(944, 169, 96, 62, 59, 3630),
	(945, 169, 123, 62, 59, 3630),
	(946, 169, 313, 62, 59, 3630),
	(947, 170, 4, 26, 36, 3132),
	(948, 170, 66, 26, 36, 3132),
	(949, 170, 206, 26, 36, 3132),
	(950, 170, 246, 26, 36, 3132),
	(951, 170, 363, 26, 36, 3132),
	(952, 170, 371, 26, 36, 3132),
	(953, 170, 399, 26, 36, 3132),
	(954, 171, 158, 1, 83, 7569),
	(955, 171, 346, 1, 83, 7569),
	(956, 171, 385, 1, 83, 7569),
	(957, 172, 26, 59, 70, 280),
	(958, 172, 177, 59, 70, 280),
	(959, 172, 219, 59, 70, 280),
	(960, 172, 220, 59, 70, 280),
	(961, 172, 255, 59, 70, 280),
	(962, 173, 220, 75, 65, 93),
	(963, 173, 229, 75, 65, 93),
	(964, 173, 251, 75, 65, 93),
	(965, 173, 366, 75, 65, 93),
	(966, 174, 18, 7, 46, 3828),
	(967, 174, 74, 7, 46, 3828),
	(968, 174, 75, 7, 46, 3828),
	(969, 174, 245, 7, 46, 3828),
	(970, 174, 260, 7, 46, 3828),
	(971, 174, 265, 7, 46, 3828),
	(972, 174, 270, 7, 46, 3828),
	(973, 174, 288, 7, 46, 3828),
	(974, 174, 321, 7, 46, 3828),
	(975, 175, 156, 70, 43, 664),
	(976, 175, 317, 70, 43, 664),
	(977, 176, 210, 31, 36, 525),
	(978, 176, 242, 31, 36, 525),
	(979, 177, 57, 67, 62, 400),
	(980, 177, 63, 67, 62, 400),
	(981, 177, 169, 67, 62, 400),
	(982, 177, 222, 67, 62, 400),
	(983, 177, 225, 67, 62, 400),
	(984, 177, 307, 67, 62, 400),
	(985, 178, 134, 88, 30, 6916),
	(986, 178, 206, 88, 30, 6916),
	(987, 178, 295, 88, 30, 6916),
	(988, 178, 349, 88, 30, 6916),
	(989, 178, 368, 88, 30, 6916),
	(990, 179, 51, 23, 42, 42),
	(991, 179, 99, 23, 42, 42),
	(992, 179, 124, 23, 42, 42),
	(993, 179, 207, 23, 42, 42),
	(994, 179, 245, 23, 42, 42),
	(995, 179, 261, 23, 42, 42),
	(996, 179, 264, 23, 42, 42),
	(997, 179, 346, 23, 42, 42),
	(998, 179, 386, 23, 42, 42),
	(999, 180, 100, 41, 62, 3392),
	(1000, 181, 46, 14, 53, 5673),
	(1001, 181, 275, 14, 53, 5673),
	(1002, 181, 301, 14, 53, 5673),
	(1003, 182, 7, 60, 44, 2862),
	(1004, 182, 91, 60, 44, 2862),
	(1005, 182, 131, 60, 44, 2862),
	(1006, 182, 166, 60, 44, 2862),
	(1007, 182, 315, 60, 44, 2862),
	(1008, 183, 102, 76, 38, 90),
	(1009, 183, 175, 76, 38, 90),
	(1010, 183, 252, 76, 38, 90),
	(1011, 183, 285, 76, 38, 90),
	(1012, 184, 9, 73, 16, 3969),
	(1013, 184, 20, 73, 16, 3969),
	(1014, 184, 156, 73, 16, 3969),
	(1015, 184, 167, 73, 16, 3969),
	(1016, 184, 175, 73, 16, 3969),
	(1017, 185, 56, 60, 71, 2976),
	(1018, 185, 94, 60, 71, 2976),
	(1019, 185, 142, 60, 71, 2976),
	(1020, 185, 173, 60, 71, 2976),
	(1021, 185, 278, 60, 71, 2976),
	(1022, 185, 308, 60, 71, 2976),
	(1023, 185, 359, 60, 71, 2976),
	(1024, 185, 373, 60, 71, 2976),
	(1025, 186, 76, 96, 48, 4758),
	(1026, 186, 120, 96, 48, 4758),
	(1027, 186, 288, 96, 48, 4758),
	(1028, 187, 5, 70, 83, 5096),
	(1029, 187, 46, 70, 83, 5096),
	(1030, 187, 89, 70, 83, 5096),
	(1031, 187, 164, 70, 83, 5096),
	(1032, 187, 182, 70, 83, 5096),
	(1033, 187, 241, 70, 83, 5096),
	(1034, 187, 334, 70, 83, 5096),
	(1035, 187, 343, 70, 83, 5096),
	(1036, 188, 10, 63, 75, 1900),
	(1037, 188, 146, 63, 75, 1900),
	(1038, 188, 223, 63, 75, 1900),
	(1039, 188, 254, 63, 75, 1900),
	(1040, 188, 336, 63, 75, 1900),
	(1041, 188, 370, 63, 75, 1900),
	(1042, 188, 374, 63, 75, 1900),
	(1043, 189, 2, 55, 3, 1206),
	(1044, 189, 32, 55, 3, 1206),
	(1045, 189, 190, 55, 3, 1206),
	(1046, 189, 259, 55, 3, 1206),
	(1047, 189, 280, 55, 3, 1206),
	(1048, 189, 334, 55, 3, 1206),
	(1049, 189, 357, 55, 3, 1206),
	(1050, 189, 382, 55, 3, 1206),
	(1051, 189, 397, 55, 3, 1206),
	(1052, 190, 175, 12, 51, 6942),
	(1053, 190, 200, 12, 51, 6942),
	(1054, 190, 234, 12, 51, 6942),
	(1055, 190, 259, 12, 51, 6942),
	(1056, 190, 348, 12, 51, 6942),
	(1057, 191, 187, 82, 21, 429),
	(1058, 191, 369, 82, 21, 429),
	(1059, 191, 374, 82, 21, 429),
	(1060, 192, 20, 1, 23, 3360),
	(1061, 192, 92, 1, 23, 3360),
	(1062, 192, 313, 1, 23, 3360),
	(1063, 192, 321, 1, 23, 3360),
	(1064, 192, 393, 1, 23, 3360),
	(1065, 192, 400, 1, 23, 3360),
	(1066, 193, 108, 45, 53, 833),
	(1067, 193, 254, 45, 53, 833),
	(1068, 194, 23, 65, 74, 1185),
	(1069, 194, 32, 65, 74, 1185),
	(1070, 194, 35, 65, 74, 1185),
	(1071, 194, 125, 65, 74, 1185),
	(1072, 194, 140, 65, 74, 1185),
	(1073, 194, 172, 65, 74, 1185),
	(1074, 194, 248, 65, 74, 1185),
	(1075, 194, 323, 65, 74, 1185),
	(1076, 195, 10, 51, 58, 52),
	(1077, 195, 94, 51, 58, 52),
	(1078, 195, 159, 51, 58, 52),
	(1079, 195, 272, 51, 58, 52),
	(1080, 195, 283, 51, 58, 52),
	(1081, 195, 317, 51, 58, 52),
	(1082, 196, 64, 8, 91, 4416),
	(1083, 196, 74, 8, 91, 4416),
	(1084, 196, 95, 8, 91, 4416),
	(1085, 196, 123, 8, 91, 4416),
	(1086, 196, 189, 8, 91, 4416),
	(1087, 196, 323, 8, 91, 4416),
	(1088, 196, 394, 8, 91, 4416),
	(1089, 197, 328, 87, 34, 3393),
	(1090, 198, 30, 42, 48, 308),
	(1091, 198, 47, 42, 48, 308),
	(1092, 198, 96, 42, 48, 308),
	(1093, 198, 128, 42, 48, 308),
	(1094, 198, 206, 42, 48, 308),
	(1095, 198, 229, 42, 48, 308),
	(1096, 198, 319, 42, 48, 308),
	(1097, 199, 17, 15, 88, 1144),
	(1098, 199, 144, 15, 88, 1144),
	(1099, 199, 240, 15, 88, 1144),
	(1100, 199, 314, 15, 88, 1144),
	(1101, 199, 323, 15, 88, 1144),
	(1102, 199, 343, 15, 88, 1144),
	(1103, 199, 345, 15, 88, 1144),
	(1104, 200, 248, 96, 67, 1809),
	(1105, 201, 18, 61, 25, 5159),
	(1106, 202, 26, 42, 24, 1311),
	(1107, 202, 59, 42, 24, 1311),
	(1108, 202, 211, 42, 24, 1311),
	(1109, 203, 54, 61, 73, 512),
	(1110, 203, 108, 61, 73, 512),
	(1111, 203, 152, 61, 73, 512),
	(1112, 203, 248, 61, 73, 512),
	(1113, 203, 373, 61, 73, 512),
	(1114, 204, 8, 40, 93, 3900),
	(1115, 204, 19, 40, 93, 3900),
	(1116, 204, 76, 40, 93, 3900),
	(1117, 204, 135, 40, 93, 3900),
	(1118, 204, 210, 40, 93, 3900),
	(1119, 204, 365, 40, 93, 3900),
	(1120, 204, 397, 40, 93, 3900),
	(1121, 205, 92, 39, 29, 1056),
	(1122, 205, 183, 39, 29, 1056),
	(1123, 205, 222, 39, 29, 1056),
	(1124, 205, 236, 39, 29, 1056),
	(1125, 205, 333, 39, 29, 1056),
	(1126, 205, 356, 39, 29, 1056),
	(1127, 205, 390, 39, 29, 1056),
	(1128, 205, 400, 39, 29, 1056),
	(1129, 206, 19, 85, 5, 1428),
	(1130, 206, 55, 85, 5, 1428),
	(1131, 206, 70, 85, 5, 1428),
	(1132, 206, 153, 85, 5, 1428),
	(1133, 206, 173, 85, 5, 1428),
	(1134, 206, 253, 85, 5, 1428),
	(1135, 206, 313, 85, 5, 1428),
	(1136, 206, 381, 85, 5, 1428),
	(1137, 207, 321, 96, 86, 1472),
	(1138, 208, 31, 89, 4, 5880),
	(1139, 208, 103, 89, 4, 5880),
	(1140, 208, 136, 89, 4, 5880),
	(1141, 208, 223, 89, 4, 5880),
	(1142, 208, 237, 89, 4, 5880),
	(1143, 208, 350, 89, 4, 5880),
	(1144, 208, 388, 89, 4, 5880),
	(1145, 209, 63, 17, 19, 3201),
	(1146, 209, 110, 17, 19, 3201),
	(1147, 209, 183, 17, 19, 3201),
	(1148, 209, 200, 17, 19, 3201),
	(1149, 209, 265, 17, 19, 3201),
	(1150, 209, 276, 17, 19, 3201),
	(1151, 209, 345, 17, 19, 3201),
	(1152, 210, 379, 41, 92, 2352),
	(1153, 211, 29, 36, 67, 820),
	(1154, 211, 41, 36, 67, 820),
	(1155, 211, 71, 36, 67, 820),
	(1156, 211, 137, 36, 67, 820),
	(1157, 211, 193, 36, 67, 820),
	(1158, 211, 224, 36, 67, 820),
	(1159, 211, 230, 36, 67, 820),
	(1160, 211, 261, 36, 67, 820),
	(1161, 211, 308, 36, 67, 820),
	(1162, 211, 318, 36, 67, 820),
	(1163, 212, 7, 7, 64, 1406),
	(1164, 212, 105, 7, 64, 1406),
	(1165, 212, 195, 7, 64, 1406),
	(1166, 212, 197, 7, 64, 1406),
	(1167, 212, 256, 7, 64, 1406),
	(1168, 212, 277, 7, 64, 1406),
	(1169, 212, 322, 7, 64, 1406),
	(1170, 213, 1, 94, 82, 7360),
	(1171, 213, 166, 94, 82, 7360),
	(1172, 213, 245, 94, 82, 7360),
	(1173, 213, 321, 94, 82, 7360),
	(1174, 214, 49, 100, 37, 912),
	(1175, 214, 145, 100, 37, 912),
	(1176, 214, 218, 100, 37, 912),
	(1177, 214, 222, 100, 37, 912),
	(1178, 214, 267, 100, 37, 912),
	(1179, 214, 391, 100, 37, 912),
	(1180, 215, 5, 5, 99, 224),
	(1181, 215, 7, 5, 99, 224),
	(1182, 215, 50, 5, 99, 224),
	(1183, 215, 80, 5, 99, 224),
	(1184, 215, 133, 5, 99, 224),
	(1185, 215, 224, 5, 99, 224),
	(1186, 215, 227, 5, 99, 224),
	(1187, 215, 282, 5, 99, 224),
	(1188, 215, 294, 5, 99, 224),
	(1189, 216, 7, 42, 76, 4653),
	(1190, 216, 23, 42, 76, 4653),
	(1191, 216, 157, 42, 76, 4653),
	(1192, 216, 183, 42, 76, 4653),
	(1193, 216, 241, 42, 76, 4653),
	(1194, 216, 374, 42, 76, 4653),
	(1195, 217, 283, 12, 60, 1365),
	(1196, 218, 31, 53, 18, 560),
	(1197, 218, 57, 53, 18, 560),
	(1198, 218, 62, 53, 18, 560),
	(1199, 218, 79, 53, 18, 560),
	(1200, 218, 89, 53, 18, 560),
	(1201, 218, 115, 53, 18, 560),
	(1202, 218, 134, 53, 18, 560),
	(1203, 218, 227, 53, 18, 560),
	(1204, 218, 309, 53, 18, 560),
	(1205, 218, 314, 53, 18, 560),
	(1206, 219, 74, 69, 35, 1060),
	(1207, 219, 224, 69, 35, 1060),
	(1208, 219, 291, 69, 35, 1060),
	(1209, 219, 343, 69, 35, 1060),
	(1210, 219, 358, 69, 35, 1060),
	(1211, 219, 388, 69, 35, 1060),
	(1212, 220, 5, 42, 95, 5133),
	(1213, 220, 10, 42, 95, 5133),
	(1214, 220, 39, 42, 95, 5133),
	(1215, 220, 67, 42, 95, 5133),
	(1216, 220, 75, 42, 95, 5133),
	(1217, 220, 77, 42, 95, 5133),
	(1218, 220, 80, 42, 95, 5133),
	(1219, 220, 91, 42, 95, 5133),
	(1220, 220, 207, 42, 95, 5133),
	(1221, 220, 363, 42, 95, 5133),
	(1222, 221, 255, 82, 37, 657),
	(1223, 221, 359, 82, 37, 657),
	(1224, 222, 45, 98, 1, 7304),
	(1225, 222, 55, 98, 1, 7304),
	(1226, 222, 104, 98, 1, 7304),
	(1227, 222, 105, 98, 1, 7304),
	(1228, 222, 231, 98, 1, 7304),
	(1229, 222, 299, 98, 1, 7304),
	(1230, 223, 57, 43, 3, 120),
	(1231, 223, 113, 43, 3, 120),
	(1232, 223, 202, 43, 3, 120),
	(1233, 223, 250, 43, 3, 120),
	(1234, 223, 296, 43, 3, 120),
	(1235, 224, 6, 16, 95, 270),
	(1236, 224, 115, 16, 95, 270),
	(1237, 224, 125, 16, 95, 270),
	(1238, 224, 202, 16, 95, 270),
	(1239, 224, 252, 16, 95, 270),
	(1240, 224, 257, 16, 95, 270),
	(1241, 224, 285, 16, 95, 270),
	(1242, 224, 320, 16, 95, 270),
	(1243, 225, 47, 4, 83, 2079),
	(1244, 225, 74, 4, 83, 2079),
	(1245, 225, 163, 4, 83, 2079),
	(1246, 225, 200, 4, 83, 2079),
	(1247, 225, 352, 4, 83, 2079),
	(1248, 225, 400, 4, 83, 2079),
	(1249, 226, 75, 84, 84, 520),
	(1250, 227, 230, 25, 69, 924),
	(1251, 228, 177, 57, 31, 376),
	(1252, 228, 347, 57, 31, 376),
	(1253, 229, 27, 93, 14, 1755),
	(1254, 229, 57, 93, 14, 1755),
	(1255, 229, 89, 93, 14, 1755),
	(1256, 229, 183, 93, 14, 1755),
	(1257, 230, 48, 43, 71, 2660),
	(1258, 230, 129, 43, 71, 2660),
	(1259, 230, 161, 43, 71, 2660),
	(1260, 230, 221, 43, 71, 2660),
	(1261, 230, 235, 43, 71, 2660),
	(1262, 230, 297, 43, 71, 2660),
	(1263, 231, 96, 56, 58, 3808),
	(1264, 231, 385, 56, 58, 3808),
	(1265, 232, 53, 94, 3, 2158),
	(1266, 232, 73, 94, 3, 2158),
	(1267, 232, 104, 94, 3, 2158),
	(1268, 232, 263, 94, 3, 2158),
	(1269, 232, 364, 94, 3, 2158),
	(1270, 232, 368, 94, 3, 2158),
	(1271, 233, 116, 14, 54, 1680),
	(1272, 233, 173, 14, 54, 1680),
	(1273, 233, 204, 14, 54, 1680),
	(1274, 233, 226, 14, 54, 1680),
	(1275, 233, 248, 14, 54, 1680),
	(1276, 233, 264, 14, 54, 1680),
	(1277, 233, 324, 14, 54, 1680),
	(1278, 233, 351, 14, 54, 1680),
	(1279, 233, 369, 14, 54, 1680),
	(1280, 234, 44, 4, 61, 7857),
	(1281, 234, 70, 4, 61, 7857),
	(1282, 234, 274, 4, 61, 7857),
	(1283, 234, 276, 4, 61, 7857),
	(1284, 234, 320, 4, 61, 7857),
	(1285, 234, 399, 4, 61, 7857),
	(1286, 235, 32, 99, 72, 1634),
	(1287, 235, 64, 99, 72, 1634),
	(1288, 235, 84, 99, 72, 1634),
	(1289, 235, 149, 99, 72, 1634),
	(1290, 235, 169, 99, 72, 1634),
	(1291, 235, 178, 99, 72, 1634),
	(1292, 235, 183, 99, 72, 1634),
	(1293, 235, 241, 99, 72, 1634),
	(1294, 235, 285, 99, 72, 1634),
	(1295, 236, 50, 11, 10, 1462),
	(1296, 236, 65, 11, 10, 1462),
	(1297, 236, 110, 11, 10, 1462),
	(1298, 236, 135, 11, 10, 1462),
	(1299, 236, 151, 11, 10, 1462),
	(1300, 236, 208, 11, 10, 1462),
	(1301, 236, 226, 11, 10, 1462),
	(1302, 236, 316, 11, 10, 1462),
	(1303, 236, 340, 11, 10, 1462),
	(1304, 237, 49, 62, 97, 7584),
	(1305, 237, 50, 62, 97, 7584),
	(1306, 237, 52, 62, 97, 7584),
	(1307, 237, 94, 62, 97, 7584),
	(1308, 237, 153, 62, 97, 7584),
	(1309, 237, 163, 62, 97, 7584),
	(1310, 237, 277, 62, 97, 7584),
	(1311, 237, 291, 62, 97, 7584),
	(1312, 238, 45, 91, 55, 4),
	(1313, 238, 138, 91, 55, 4),
	(1314, 238, 213, 91, 55, 4),
	(1315, 238, 253, 91, 55, 4),
	(1316, 238, 308, 91, 55, 4),
	(1317, 238, 360, 91, 55, 4),
	(1318, 238, 378, 91, 55, 4),
	(1319, 239, 32, 16, 28, 370),
	(1320, 239, 117, 16, 28, 370),
	(1321, 239, 168, 16, 28, 370),
	(1322, 239, 206, 16, 28, 370),
	(1323, 239, 231, 16, 28, 370),
	(1324, 239, 285, 16, 28, 370),
	(1325, 239, 372, 16, 28, 370),
	(1326, 240, 10, 43, 91, 4753),
	(1327, 240, 39, 43, 91, 4753),
	(1328, 240, 56, 43, 91, 4753),
	(1329, 240, 118, 43, 91, 4753),
	(1330, 240, 146, 43, 91, 4753),
	(1331, 240, 172, 43, 91, 4753),
	(1332, 240, 349, 43, 91, 4753),
	(1333, 240, 398, 43, 91, 4753),
	(1334, 241, 12, 68, 97, 2436),
	(1335, 241, 33, 68, 97, 2436),
	(1336, 241, 42, 68, 97, 2436),
	(1337, 241, 64, 68, 97, 2436),
	(1338, 241, 136, 68, 97, 2436),
	(1339, 241, 147, 68, 97, 2436),
	(1340, 241, 198, 68, 97, 2436),
	(1341, 241, 353, 68, 97, 2436),
	(1342, 241, 392, 68, 97, 2436),
	(1343, 242, 164, 56, 32, 8360),
	(1344, 242, 209, 56, 32, 8360),
	(1345, 242, 244, 56, 32, 8360),
	(1346, 242, 291, 56, 32, 8360),
	(1347, 242, 302, 56, 32, 8360),
	(1348, 242, 305, 56, 32, 8360),
	(1349, 242, 328, 56, 32, 8360),
	(1350, 243, 82, 95, 87, 544),
	(1351, 243, 91, 95, 87, 544),
	(1352, 243, 143, 95, 87, 544),
	(1353, 243, 238, 95, 87, 544),
	(1354, 243, 267, 95, 87, 544),
	(1355, 243, 363, 95, 87, 544),
	(1356, 244, 129, 1, 80, 1064),
	(1357, 244, 154, 1, 80, 1064),
	(1358, 244, 178, 1, 80, 1064),
	(1359, 244, 238, 1, 80, 1064),
	(1360, 244, 372, 1, 80, 1064),
	(1361, 245, 103, 44, 29, 6970),
	(1362, 245, 253, 44, 29, 6970),
	(1363, 245, 379, 44, 29, 6970),
	(1364, 246, 80, 81, 11, 2664),
	(1365, 246, 87, 81, 11, 2664),
	(1366, 246, 105, 81, 11, 2664),
	(1367, 246, 128, 81, 11, 2664),
	(1368, 246, 149, 81, 11, 2664),
	(1369, 246, 166, 81, 11, 2664),
	(1370, 246, 294, 81, 11, 2664),
	(1371, 246, 331, 81, 11, 2664),
	(1372, 246, 384, 81, 11, 2664),
	(1373, 246, 396, 81, 11, 2664),
	(1374, 247, 120, 93, 38, 665),
	(1375, 247, 123, 93, 38, 665),
	(1376, 248, 137, 61, 63, 4440),
	(1377, 248, 139, 61, 63, 4440),
	(1378, 248, 211, 61, 63, 4440),
	(1379, 248, 296, 61, 63, 4440),
	(1380, 248, 301, 61, 63, 4440),
	(1381, 248, 310, 61, 63, 4440),
	(1382, 248, 315, 61, 63, 4440),
	(1383, 249, 13, 73, 2, 5820),
	(1384, 249, 14, 73, 2, 5820),
	(1385, 249, 46, 73, 2, 5820),
	(1386, 249, 107, 73, 2, 5820),
	(1387, 249, 128, 73, 2, 5820),
	(1388, 249, 133, 73, 2, 5820),
	(1389, 249, 169, 73, 2, 5820),
	(1390, 250, 40, 8, 43, 3762),
	(1391, 250, 60, 8, 43, 3762),
	(1392, 250, 80, 8, 43, 3762),
	(1393, 250, 94, 8, 43, 3762),
	(1394, 250, 270, 8, 43, 3762),
	(1395, 250, 280, 8, 43, 3762),
	(1396, 250, 331, 8, 43, 3762),
	(1397, 251, 193, 19, 60, 418),
	(1398, 252, 16, 78, 6, 7081),
	(1399, 252, 118, 78, 6, 7081),
	(1400, 252, 156, 78, 6, 7081),
	(1401, 252, 183, 78, 6, 7081),
	(1402, 252, 199, 78, 6, 7081),
	(1403, 252, 207, 78, 6, 7081),
	(1404, 252, 212, 78, 6, 7081),
	(1405, 252, 327, 78, 6, 7081),
	(1406, 253, 2, 79, 95, 608),
	(1407, 253, 39, 79, 95, 608),
	(1408, 253, 140, 79, 95, 608),
	(1409, 253, 143, 79, 95, 608),
	(1410, 253, 278, 79, 95, 608),
	(1411, 253, 280, 79, 95, 608),
	(1412, 253, 315, 79, 95, 608),
	(1413, 253, 334, 79, 95, 608),
	(1414, 254, 75, 92, 79, 5300),
	(1415, 254, 84, 92, 79, 5300),
	(1416, 254, 143, 92, 79, 5300),
	(1417, 254, 288, 92, 79, 5300),
	(1418, 254, 293, 92, 79, 5300),
	(1419, 254, 379, 92, 79, 5300),
	(1420, 254, 391, 92, 79, 5300),
	(1421, 255, 226, 71, 46, 360),
	(1422, 256, 81, 16, 5, 1564),
	(1423, 256, 195, 16, 5, 1564),
	(1424, 256, 387, 16, 5, 1564),
	(1425, 257, 93, 60, 57, 1598),
	(1426, 257, 103, 60, 57, 1598),
	(1427, 257, 144, 60, 57, 1598),
	(1428, 257, 306, 60, 57, 1598),
	(1429, 257, 382, 60, 57, 1598),
	(1430, 258, 174, 74, 63, 3828),
	(1431, 258, 199, 74, 63, 3828),
	(1432, 258, 249, 74, 63, 3828),
	(1433, 258, 321, 74, 63, 3828),
	(1434, 258, 358, 74, 63, 3828),
	(1435, 259, 3, 78, 48, 420),
	(1436, 259, 61, 78, 48, 420),
	(1437, 259, 108, 78, 48, 420),
	(1438, 259, 154, 78, 48, 420),
	(1439, 259, 169, 78, 48, 420),
	(1440, 259, 195, 78, 48, 420),
	(1441, 259, 233, 78, 48, 420),
	(1442, 259, 353, 78, 48, 420),
	(1443, 259, 362, 78, 48, 420),
	(1444, 260, 53, 47, 47, 1505),
	(1445, 260, 69, 47, 47, 1505),
	(1446, 260, 71, 47, 47, 1505),
	(1447, 260, 93, 47, 47, 1505),
	(1448, 260, 110, 47, 47, 1505),
	(1449, 260, 118, 47, 47, 1505),
	(1450, 260, 299, 47, 47, 1505),
	(1451, 261, 3, 94, 13, 2640),
	(1452, 261, 55, 94, 13, 2640),
	(1453, 261, 132, 94, 13, 2640),
	(1454, 261, 280, 94, 13, 2640),
	(1455, 261, 295, 94, 13, 2640),
	(1456, 261, 321, 94, 13, 2640),
	(1457, 261, 338, 94, 13, 2640),
	(1458, 261, 350, 94, 13, 2640),
	(1459, 261, 379, 94, 13, 2640),
	(1460, 261, 396, 94, 13, 2640),
	(1461, 262, 195, 74, 41, 224),
	(1462, 262, 320, 74, 41, 224),
	(1463, 262, 321, 74, 41, 224),
	(1464, 262, 342, 74, 41, 224),
	(1465, 262, 361, 74, 41, 224),
	(1466, 262, 391, 74, 41, 224),
	(1467, 263, 146, 10, 13, 4350),
	(1468, 263, 218, 10, 13, 4350),
	(1469, 263, 230, 10, 13, 4350),
	(1470, 263, 235, 10, 13, 4350),
	(1471, 263, 258, 10, 13, 4350),
	(1472, 263, 280, 10, 13, 4350),
	(1473, 263, 332, 10, 13, 4350),
	(1474, 263, 399, 10, 13, 4350),
	(1475, 264, 213, 46, 40, 5046),
	(1476, 264, 382, 46, 40, 5046),
	(1477, 265, 147, 11, 46, 4048),
	(1478, 265, 173, 11, 46, 4048),
	(1479, 265, 208, 11, 46, 4048),
	(1480, 265, 220, 11, 46, 4048),
	(1481, 265, 239, 11, 46, 4048),
	(1482, 265, 259, 11, 46, 4048),
	(1483, 265, 386, 11, 46, 4048),
	(1484, 265, 398, 11, 46, 4048),
	(1485, 266, 193, 44, 63, 5168),
	(1486, 266, 225, 44, 63, 5168),
	(1487, 266, 286, 44, 63, 5168),
	(1488, 266, 371, 44, 63, 5168),
	(1489, 266, 373, 44, 63, 5168),
	(1490, 266, 375, 44, 63, 5168),
	(1491, 267, 28, 88, 34, 1088),
	(1492, 267, 178, 88, 34, 1088),
	(1493, 267, 184, 88, 34, 1088),
	(1494, 267, 220, 88, 34, 1088),
	(1495, 267, 335, 88, 34, 1088),
	(1496, 267, 367, 88, 34, 1088),
	(1497, 268, 28, 63, 23, 2542),
	(1498, 268, 44, 63, 23, 2542),
	(1499, 268, 65, 63, 23, 2542),
	(1500, 268, 92, 63, 23, 2542),
	(1501, 268, 126, 63, 23, 2542),
	(1502, 268, 163, 63, 23, 2542),
	(1503, 268, 338, 63, 23, 2542),
	(1504, 268, 342, 63, 23, 2542),
	(1505, 268, 345, 63, 23, 2542),
	(1506, 268, 355, 63, 23, 2542),
	(1507, 269, 100, 65, 94, 2600),
	(1508, 269, 157, 65, 94, 2600),
	(1509, 269, 188, 65, 94, 2600),
	(1510, 269, 216, 65, 94, 2600),
	(1511, 269, 235, 65, 94, 2600),
	(1512, 269, 251, 65, 94, 2600),
	(1513, 269, 258, 65, 94, 2600),
	(1514, 269, 321, 65, 94, 2600),
	(1515, 269, 394, 65, 94, 2600),
	(1516, 269, 399, 65, 94, 2600),
	(1517, 270, 108, 46, 72, 7544),
	(1518, 270, 149, 46, 72, 7544),
	(1519, 270, 283, 46, 72, 7544),
	(1520, 270, 296, 46, 72, 7544),
	(1521, 270, 378, 46, 72, 7544),
	(1522, 271, 31, 18, 69, 637),
	(1523, 271, 63, 18, 69, 637),
	(1524, 271, 85, 18, 69, 637),
	(1525, 271, 105, 18, 69, 637),
	(1526, 271, 107, 18, 69, 637),
	(1527, 271, 109, 18, 69, 637),
	(1528, 271, 165, 18, 69, 637),
	(1529, 271, 269, 18, 69, 637),
	(1530, 271, 376, 18, 69, 637),
	(1531, 272, 107, 85, 94, 1088),
	(1532, 272, 195, 85, 94, 1088),
	(1533, 272, 220, 85, 94, 1088),
	(1534, 272, 328, 85, 94, 1088),
	(1535, 273, 254, 35, 14, 336),
	(1536, 274, 375, 98, 92, 640),
	(1537, 275, 4, 61, 88, 164),
	(1538, 275, 68, 61, 88, 164),
	(1539, 275, 78, 61, 88, 164),
	(1540, 275, 115, 61, 88, 164),
	(1541, 275, 119, 61, 88, 164),
	(1542, 275, 158, 61, 88, 164),
	(1543, 275, 351, 61, 88, 164),
	(1544, 275, 356, 61, 88, 164),
	(1545, 276, 12, 89, 80, 750),
	(1546, 276, 25, 89, 80, 750),
	(1547, 276, 50, 89, 80, 750),
	(1548, 276, 75, 89, 80, 750),
	(1549, 276, 106, 89, 80, 750),
	(1550, 276, 210, 89, 80, 750),
	(1551, 276, 277, 89, 80, 750),
	(1552, 276, 289, 89, 80, 750),
	(1553, 276, 343, 89, 80, 750),
	(1554, 277, 112, 72, 54, 1855),
	(1555, 277, 206, 72, 54, 1855),
	(1556, 277, 321, 72, 54, 1855),
	(1557, 278, 7, 63, 76, 7138),
	(1558, 278, 14, 63, 76, 7138),
	(1559, 278, 58, 63, 76, 7138),
	(1560, 278, 69, 63, 76, 7138),
	(1561, 278, 190, 63, 76, 7138),
	(1562, 278, 209, 63, 76, 7138),
	(1563, 278, 365, 63, 76, 7138),
	(1564, 279, 136, 37, 16, 1128),
	(1565, 279, 210, 37, 16, 1128),
	(1566, 279, 221, 37, 16, 1128),
	(1567, 279, 231, 37, 16, 1128),
	(1568, 279, 395, 37, 16, 1128),
	(1569, 280, 17, 50, 71, 528),
	(1570, 280, 25, 50, 71, 528),
	(1571, 280, 29, 50, 71, 528),
	(1572, 280, 63, 50, 71, 528),
	(1573, 280, 74, 50, 71, 528),
	(1574, 280, 191, 50, 71, 528),
	(1575, 280, 219, 50, 71, 528),
	(1576, 280, 257, 50, 71, 528),
	(1577, 280, 274, 50, 71, 528),
	(1578, 281, 136, 80, 6, 6039),
	(1579, 282, 56, 22, 33, 2107),
	(1580, 282, 123, 22, 33, 2107),
	(1581, 282, 124, 22, 33, 2107),
	(1582, 282, 151, 22, 33, 2107),
	(1583, 282, 166, 22, 33, 2107),
	(1584, 282, 258, 22, 33, 2107),
	(1585, 282, 290, 22, 33, 2107),
	(1586, 282, 394, 22, 33, 2107),
	(1587, 283, 89, 53, 52, 3465),
	(1588, 283, 97, 53, 52, 3465),
	(1589, 283, 156, 53, 52, 3465),
	(1590, 283, 245, 53, 52, 3465),
	(1591, 283, 281, 53, 52, 3465),
	(1592, 283, 372, 53, 52, 3465),
	(1593, 283, 386, 53, 52, 3465),
	(1594, 284, 8, 13, 48, 1431),
	(1595, 284, 35, 13, 48, 1431),
	(1596, 284, 68, 13, 48, 1431),
	(1597, 284, 152, 13, 48, 1431),
	(1598, 284, 182, 13, 48, 1431),
	(1599, 284, 228, 13, 48, 1431),
	(1600, 284, 255, 13, 48, 1431),
	(1601, 284, 259, 13, 48, 1431),
	(1602, 284, 313, 13, 48, 1431),
	(1603, 284, 385, 13, 48, 1431),
	(1604, 285, 34, 55, 100, 4704),
	(1605, 285, 166, 55, 100, 4704),
	(1606, 285, 167, 55, 100, 4704),
	(1607, 285, 199, 55, 100, 4704),
	(1608, 285, 233, 55, 100, 4704),
	(1609, 285, 282, 55, 100, 4704),
	(1610, 285, 356, 55, 100, 4704),
	(1611, 285, 369, 55, 100, 4704),
	(1612, 285, 385, 55, 100, 4704),
	(1613, 286, 353, 40, 47, 2926),
	(1614, 286, 358, 40, 47, 2926),
	(1615, 287, 339, 58, 100, 168),
	(1616, 287, 400, 58, 100, 168),
	(1617, 288, 148, 30, 42, 468),
	(1618, 288, 211, 30, 42, 468),
	(1619, 288, 297, 30, 42, 468),
	(1620, 289, 115, 69, 90, 1974),
	(1621, 289, 156, 69, 90, 1974),
	(1622, 289, 158, 69, 90, 1974),
	(1623, 289, 169, 69, 90, 1974),
	(1624, 289, 185, 69, 90, 1974),
	(1625, 289, 211, 69, 90, 1974),
	(1626, 289, 216, 69, 90, 1974),
	(1627, 289, 298, 69, 90, 1974),
	(1628, 289, 370, 69, 90, 1974),
	(1629, 290, 10, 66, 98, 3069),
	(1630, 290, 11, 66, 98, 3069),
	(1631, 290, 33, 66, 98, 3069),
	(1632, 290, 52, 66, 98, 3069),
	(1633, 290, 53, 66, 98, 3069),
	(1634, 290, 65, 66, 98, 3069),
	(1635, 290, 78, 66, 98, 3069),
	(1636, 290, 248, 66, 98, 3069),
	(1637, 290, 250, 66, 98, 3069),
	(1638, 290, 283, 66, 98, 3069),
	(1639, 291, 45, 75, 19, 55),
	(1640, 291, 62, 75, 19, 55),
	(1641, 291, 137, 75, 19, 55),
	(1642, 291, 189, 75, 19, 55),
	(1643, 291, 279, 75, 19, 55),
	(1644, 291, 317, 75, 19, 55),
	(1645, 291, 348, 75, 19, 55),
	(1646, 292, 16, 65, 48, 270),
	(1647, 292, 72, 65, 48, 270),
	(1648, 292, 169, 65, 48, 270),
	(1649, 292, 247, 65, 48, 270),
	(1650, 292, 338, 65, 48, 270),
	(1651, 293, 74, 54, 20, 6816),
	(1652, 293, 135, 54, 20, 6816),
	(1653, 293, 248, 54, 20, 6816),
	(1654, 293, 306, 54, 20, 6816),
	(1655, 293, 365, 54, 20, 6816),
	(1656, 294, 101, 29, 76, 7776),
	(1657, 294, 105, 29, 76, 7776),
	(1658, 294, 139, 29, 76, 7776),
	(1659, 294, 150, 29, 76, 7776),
	(1660, 294, 326, 29, 76, 7776),
	(1661, 295, 6, 90, 14, 312),
	(1662, 295, 14, 90, 14, 312),
	(1663, 295, 162, 90, 14, 312),
	(1664, 295, 179, 90, 14, 312),
	(1665, 295, 221, 90, 14, 312),
	(1666, 295, 268, 90, 14, 312),
	(1667, 295, 350, 90, 14, 312),
	(1668, 296, 102, 90, 86, 1188),
	(1669, 297, 129, 40, 51, 3072),
	(1670, 297, 134, 40, 51, 3072),
	(1671, 297, 146, 40, 51, 3072),
	(1672, 297, 177, 40, 51, 3072),
	(1673, 297, 245, 40, 51, 3072),
	(1674, 297, 338, 40, 51, 3072),
	(1675, 297, 348, 40, 51, 3072),
	(1676, 298, 80, 18, 45, 2590),
	(1677, 298, 119, 18, 45, 2590),
	(1678, 298, 260, 18, 45, 2590),
	(1679, 298, 338, 18, 45, 2590),
	(1680, 298, 396, 18, 45, 2590),
	(1681, 299, 49, 21, 10, 3312),
	(1682, 299, 66, 21, 10, 3312),
	(1683, 299, 125, 21, 10, 3312),
	(1684, 299, 204, 21, 10, 3312),
	(1685, 299, 214, 21, 10, 3312),
	(1686, 299, 239, 21, 10, 3312),
	(1687, 300, 222, 73, 96, 272),
	(1688, 300, 231, 73, 96, 272),
	(1689, 300, 238, 73, 96, 272),
	(1690, 300, 279, 73, 96, 272),
	(1691, 301, 24, 48, 63, 456),
	(1692, 301, 26, 48, 63, 456),
	(1693, 301, 110, 48, 63, 456),
	(1694, 301, 119, 48, 63, 456),
	(1695, 301, 140, 48, 63, 456),
	(1696, 301, 159, 48, 63, 456),
	(1697, 301, 186, 48, 63, 456),
	(1698, 301, 227, 48, 63, 456),
	(1699, 301, 271, 48, 63, 456),
	(1700, 301, 339, 48, 63, 456),
	(1701, 302, 222, 7, 35, 378),
	(1702, 303, 17, 27, 71, 935),
	(1703, 303, 42, 27, 71, 935),
	(1704, 303, 78, 27, 71, 935),
	(1705, 303, 113, 27, 71, 935),
	(1706, 303, 210, 27, 71, 935),
	(1707, 303, 223, 27, 71, 935),
	(1708, 303, 397, 27, 71, 935),
	(1709, 304, 82, 65, 56, 8742),
	(1710, 304, 99, 65, 56, 8742),
	(1711, 304, 158, 65, 56, 8742),
	(1712, 304, 208, 65, 56, 8742),
	(1713, 304, 259, 65, 56, 8742),
	(1714, 304, 268, 65, 56, 8742),
	(1715, 304, 282, 65, 56, 8742),
	(1716, 305, 186, 63, 25, 240),
	(1717, 306, 47, 37, 77, 1501),
	(1718, 306, 76, 37, 77, 1501),
	(1719, 306, 118, 37, 77, 1501),
	(1720, 306, 220, 37, 77, 1501),
	(1721, 306, 229, 37, 77, 1501),
	(1722, 306, 242, 37, 77, 1501),
	(1723, 306, 366, 37, 77, 1501),
	(1724, 306, 372, 37, 77, 1501),
	(1725, 306, 376, 37, 77, 1501),
	(1726, 307, 14, 46, 4, 1155),
	(1727, 307, 37, 46, 4, 1155),
	(1728, 307, 78, 46, 4, 1155),
	(1729, 307, 127, 46, 4, 1155),
	(1730, 307, 283, 46, 4, 1155),
	(1731, 307, 375, 46, 4, 1155),
	(1732, 307, 397, 46, 4, 1155),
	(1733, 308, 18, 11, 48, 4095),
	(1734, 308, 27, 11, 48, 4095),
	(1735, 308, 88, 11, 48, 4095),
	(1736, 308, 144, 11, 48, 4095),
	(1737, 308, 159, 11, 48, 4095),
	(1738, 308, 208, 11, 48, 4095),
	(1739, 308, 353, 11, 48, 4095),
	(1740, 308, 369, 11, 48, 4095),
	(1741, 308, 391, 11, 48, 4095),
	(1742, 309, 103, 27, 61, 656),
	(1743, 309, 113, 27, 61, 656),
	(1744, 309, 134, 27, 61, 656),
	(1745, 309, 253, 27, 61, 656),
	(1746, 309, 254, 27, 61, 656),
	(1747, 309, 300, 27, 61, 656),
	(1748, 309, 316, 27, 61, 656),
	(1749, 309, 379, 27, 61, 656),
	(1750, 310, 231, 91, 25, 4644),
	(1751, 310, 343, 91, 25, 4644),
	(1752, 310, 359, 91, 25, 4644),
	(1753, 311, 11, 27, 61, 20),
	(1754, 311, 40, 27, 61, 20),
	(1755, 311, 154, 27, 61, 20),
	(1756, 311, 317, 27, 61, 20),
	(1757, 311, 331, 27, 61, 20),
	(1758, 311, 392, 27, 61, 20),
	(1759, 312, 22, 36, 62, 4171),
	(1760, 312, 41, 36, 62, 4171),
	(1761, 312, 176, 36, 62, 4171),
	(1762, 312, 269, 36, 62, 4171),
	(1763, 312, 274, 36, 62, 4171),
	(1764, 312, 283, 36, 62, 4171),
	(1765, 312, 285, 36, 62, 4171),
	(1766, 312, 306, 36, 62, 4171),
	(1767, 312, 320, 36, 62, 4171),
	(1768, 312, 352, 36, 62, 4171),
	(1769, 313, 179, 97, 86, 1104),
	(1770, 313, 272, 97, 86, 1104),
	(1771, 314, 68, 65, 51, 1040),
	(1772, 314, 105, 65, 51, 1040),
	(1773, 314, 136, 65, 51, 1040),
	(1774, 314, 156, 65, 51, 1040),
	(1775, 314, 253, 65, 51, 1040),
	(1776, 314, 333, 65, 51, 1040),
	(1777, 315, 211, 48, 71, 5336),
	(1778, 316, 30, 50, 67, 235),
	(1779, 316, 77, 50, 67, 235),
	(1780, 316, 86, 50, 67, 235),
	(1781, 316, 226, 50, 67, 235),
	(1782, 316, 244, 50, 67, 235),
	(1783, 316, 284, 50, 67, 235),
	(1784, 316, 377, 50, 67, 235),
	(1785, 317, 16, 29, 36, 741),
	(1786, 317, 94, 29, 36, 741),
	(1787, 317, 101, 29, 36, 741),
	(1788, 317, 169, 29, 36, 741),
	(1789, 317, 231, 29, 36, 741),
	(1790, 317, 381, 29, 36, 741),
	(1791, 318, 1, 80, 63, 1056),
	(1792, 318, 29, 80, 63, 1056),
	(1793, 318, 46, 80, 63, 1056),
	(1794, 318, 49, 80, 63, 1056),
	(1795, 318, 240, 80, 63, 1056),
	(1796, 318, 286, 80, 63, 1056),
	(1797, 318, 330, 80, 63, 1056),
	(1798, 319, 150, 30, 21, 336),
	(1799, 319, 190, 30, 21, 336),
	(1800, 319, 199, 30, 21, 336),
	(1801, 319, 277, 30, 21, 336),
	(1802, 319, 391, 30, 21, 336),
	(1803, 320, 62, 1, 64, 1292),
	(1804, 320, 79, 1, 64, 1292),
	(1805, 320, 133, 1, 64, 1292),
	(1806, 320, 139, 1, 64, 1292),
	(1807, 320, 263, 1, 64, 1292),
	(1808, 320, 334, 1, 64, 1292),
	(1809, 321, 352, 84, 59, 6708),
	(1810, 322, 112, 98, 68, 3116),
	(1811, 322, 249, 98, 68, 3116),
	(1812, 323, 41, 70, 50, 7216),
	(1813, 323, 53, 70, 50, 7216),
	(1814, 323, 63, 70, 50, 7216),
	(1815, 323, 104, 70, 50, 7216),
	(1816, 323, 119, 70, 50, 7216),
	(1817, 323, 152, 70, 50, 7216),
	(1818, 323, 226, 70, 50, 7216),
	(1819, 323, 239, 70, 50, 7216),
	(1820, 323, 262, 70, 50, 7216),
	(1821, 324, 358, 97, 97, 864),
	(1822, 325, 32, 78, 12, 5915),
	(1823, 325, 243, 78, 12, 5915),
	(1824, 325, 313, 78, 12, 5915),
	(1825, 326, 169, 58, 82, 490),
	(1826, 327, 24, 82, 10, 37),
	(1827, 327, 85, 82, 10, 37),
	(1828, 327, 139, 82, 10, 37),
	(1829, 327, 166, 82, 10, 37),
	(1830, 327, 261, 82, 10, 37),
	(1831, 328, 15, 10, 42, 1800),
	(1832, 328, 52, 10, 42, 1800),
	(1833, 328, 53, 10, 42, 1800),
	(1834, 328, 189, 10, 42, 1800),
	(1835, 328, 213, 10, 42, 1800),
	(1836, 328, 239, 10, 42, 1800),
	(1837, 328, 315, 10, 42, 1800),
	(1838, 328, 349, 10, 42, 1800),
	(1839, 328, 363, 10, 42, 1800),
	(1840, 328, 385, 10, 42, 1800),
	(1841, 329, 50, 95, 97, 429),
	(1842, 329, 86, 95, 97, 429),
	(1843, 329, 99, 95, 97, 429),
	(1844, 329, 100, 95, 97, 429),
	(1845, 329, 142, 95, 97, 429),
	(1846, 329, 143, 95, 97, 429),
	(1847, 329, 157, 95, 97, 429),
	(1848, 329, 182, 95, 97, 429),
	(1849, 329, 213, 95, 97, 429),
	(1850, 329, 395, 95, 97, 429),
	(1851, 330, 2, 89, 30, 2958),
	(1852, 330, 82, 89, 30, 2958),
	(1853, 330, 145, 89, 30, 2958),
	(1854, 330, 244, 89, 30, 2958),
	(1855, 330, 283, 89, 30, 2958),
	(1856, 331, 29, 46, 52, 8550),
	(1857, 331, 111, 46, 52, 8550),
	(1858, 331, 148, 46, 52, 8550),
	(1859, 331, 271, 46, 52, 8550),
	(1860, 331, 316, 46, 52, 8550),
	(1861, 331, 342, 46, 52, 8550),
	(1862, 331, 351, 46, 52, 8550),
	(1863, 332, 38, 95, 87, 2622),
	(1864, 332, 59, 95, 87, 2622),
	(1865, 332, 131, 95, 87, 2622),
	(1866, 332, 142, 95, 87, 2622),
	(1867, 332, 146, 95, 87, 2622),
	(1868, 332, 163, 95, 87, 2622),
	(1869, 332, 229, 95, 87, 2622),
	(1870, 332, 250, 95, 87, 2622),
	(1871, 332, 377, 95, 87, 2622),
	(1872, 333, 86, 4, 88, 1909),
	(1873, 333, 92, 4, 88, 1909),
	(1874, 333, 110, 4, 88, 1909),
	(1875, 333, 127, 4, 88, 1909),
	(1876, 333, 158, 4, 88, 1909),
	(1877, 333, 217, 4, 88, 1909),
	(1878, 333, 280, 4, 88, 1909),
	(1879, 333, 332, 4, 88, 1909),
	(1880, 333, 333, 4, 88, 1909),
	(1881, 333, 347, 4, 88, 1909),
	(1882, 334, 55, 45, 71, 3382),
	(1883, 334, 87, 45, 71, 3382),
	(1884, 334, 167, 45, 71, 3382),
	(1885, 334, 183, 45, 71, 3382),
	(1886, 334, 189, 45, 71, 3382),
	(1887, 334, 192, 45, 71, 3382),
	(1888, 334, 203, 45, 71, 3382),
	(1889, 334, 242, 45, 71, 3382),
	(1890, 334, 356, 45, 71, 3382),
	(1891, 335, 172, 25, 62, 980),
	(1892, 335, 315, 25, 62, 980),
	(1893, 336, 49, 12, 9, 2720),
	(1894, 336, 55, 12, 9, 2720),
	(1895, 336, 58, 12, 9, 2720),
	(1896, 336, 69, 12, 9, 2720),
	(1897, 336, 153, 12, 9, 2720),
	(1898, 336, 159, 12, 9, 2720),
	(1899, 336, 208, 12, 9, 2720),
	(1900, 336, 267, 12, 9, 2720),
	(1901, 336, 378, 12, 9, 2720),
	(1902, 336, 388, 12, 9, 2720),
	(1903, 337, 2, 79, 21, 170),
	(1904, 337, 40, 79, 21, 170),
	(1905, 337, 69, 79, 21, 170),
	(1906, 337, 138, 79, 21, 170),
	(1907, 337, 333, 79, 21, 170),
	(1908, 338, 400, 66, 78, 2964),
	(1909, 339, 30, 21, 55, 30),
	(1910, 339, 161, 21, 55, 30),
	(1911, 339, 184, 21, 55, 30),
	(1912, 339, 241, 21, 55, 30),
	(1913, 339, 275, 21, 55, 30),
	(1914, 339, 285, 21, 55, 30),
	(1915, 339, 369, 21, 55, 30),
	(1916, 339, 395, 21, 55, 30),
	(1917, 340, 73, 11, 14, 76),
	(1918, 340, 233, 11, 14, 76),
	(1919, 340, 287, 11, 14, 76),
	(1920, 340, 333, 11, 14, 76),
	(1921, 340, 400, 11, 14, 76),
	(1922, 341, 14, 96, 71, 952),
	(1923, 341, 88, 96, 71, 952),
	(1924, 341, 91, 96, 71, 952),
	(1925, 341, 149, 96, 71, 952),
	(1926, 341, 288, 96, 71, 952),
	(1927, 341, 289, 96, 71, 952),
	(1928, 341, 342, 96, 71, 952),
	(1929, 341, 365, 96, 71, 952),
	(1930, 342, 34, 71, 27, 4959),
	(1931, 342, 51, 71, 27, 4959),
	(1932, 342, 52, 71, 27, 4959),
	(1933, 343, 103, 98, 8, 244),
	(1934, 343, 145, 98, 8, 244),
	(1935, 343, 215, 98, 8, 244),
	(1936, 343, 227, 98, 8, 244),
	(1937, 343, 261, 98, 8, 244),
	(1938, 343, 309, 98, 8, 244),
	(1939, 343, 330, 98, 8, 244),
	(1940, 343, 336, 98, 8, 244),
	(1941, 343, 350, 98, 8, 244),
	(1942, 343, 396, 98, 8, 244),
	(1943, 344, 88, 48, 96, 6232),
	(1944, 344, 104, 48, 96, 6232),
	(1945, 344, 151, 48, 96, 6232),
	(1946, 344, 196, 48, 96, 6232),
	(1947, 344, 292, 48, 96, 6232),
	(1948, 344, 301, 48, 96, 6232),
	(1949, 344, 305, 48, 96, 6232),
	(1950, 344, 308, 48, 96, 6232),
	(1951, 345, 78, 35, 63, 3872),
	(1952, 345, 120, 35, 63, 3872),
	(1953, 345, 122, 35, 63, 3872),
	(1954, 345, 200, 35, 63, 3872),
	(1955, 345, 212, 35, 63, 3872),
	(1956, 345, 280, 35, 63, 3872),
	(1957, 345, 314, 35, 63, 3872),
	(1958, 346, 45, 4, 20, 3528),
	(1959, 346, 92, 4, 20, 3528),
	(1960, 346, 189, 4, 20, 3528),
	(1961, 346, 261, 4, 20, 3528),
	(1962, 346, 287, 4, 20, 3528),
	(1963, 346, 349, 4, 20, 3528),
	(1964, 346, 387, 4, 20, 3528),
	(1965, 347, 391, 74, 95, 3021),
	(1966, 348, 84, 29, 57, 510),
	(1967, 348, 141, 29, 57, 510),
	(1968, 348, 186, 29, 57, 510),
	(1969, 348, 208, 29, 57, 510),
	(1970, 348, 227, 29, 57, 510),
	(1971, 348, 281, 29, 57, 510),
	(1972, 348, 329, 29, 57, 510),
	(1973, 348, 359, 29, 57, 510),
	(1974, 348, 391, 29, 57, 510),
	(1975, 349, 83, 57, 89, 756),
	(1976, 349, 135, 57, 89, 756),
	(1977, 349, 176, 57, 89, 756),
	(1978, 349, 241, 57, 89, 756),
	(1979, 349, 341, 57, 89, 756),
	(1980, 349, 390, 57, 89, 756),
	(1981, 349, 398, 57, 89, 756),
	(1982, 350, 93, 65, 49, 2528),
	(1983, 350, 194, 65, 49, 2528),
	(1984, 350, 213, 65, 49, 2528),
	(1985, 350, 226, 65, 49, 2528),
	(1986, 350, 384, 65, 49, 2528),
	(1987, 351, 19, 10, 21, 3040),
	(1988, 351, 48, 10, 21, 3040),
	(1989, 351, 49, 10, 21, 3040),
	(1990, 351, 51, 10, 21, 3040),
	(1991, 351, 119, 10, 21, 3040),
	(1992, 351, 183, 10, 21, 3040),
	(1993, 351, 286, 10, 21, 3040),
	(1994, 351, 307, 10, 21, 3040),
	(1995, 351, 385, 10, 21, 3040),
	(1996, 351, 388, 10, 21, 3040),
	(1997, 352, 108, 9, 16, 1363),
	(1998, 352, 288, 9, 16, 1363),
	(1999, 353, 56, 84, 51, 4736),
	(2000, 353, 103, 84, 51, 4736),
	(2001, 353, 172, 84, 51, 4736),
	(2002, 353, 290, 84, 51, 4736),
	(2003, 353, 315, 84, 51, 4736),
	(2004, 354, 12, 67, 40, 224),
	(2005, 354, 31, 67, 40, 224),
	(2006, 354, 60, 67, 40, 224),
	(2007, 354, 87, 67, 40, 224),
	(2008, 354, 96, 67, 40, 224),
	(2009, 354, 138, 67, 40, 224),
	(2010, 354, 167, 67, 40, 224),
	(2011, 354, 269, 67, 40, 224),
	(2012, 355, 89, 82, 41, 168),
	(2013, 355, 152, 82, 41, 168),
	(2014, 355, 189, 82, 41, 168),
	(2015, 355, 191, 82, 41, 168),
	(2016, 355, 247, 82, 41, 168),
	(2017, 355, 299, 82, 41, 168),
	(2018, 355, 315, 82, 41, 168),
	(2019, 355, 391, 82, 41, 168),
	(2020, 356, 44, 7, 37, 2047),
	(2021, 356, 161, 7, 37, 2047),
	(2022, 356, 281, 7, 37, 2047),
	(2023, 356, 300, 7, 37, 2047),
	(2024, 356, 322, 7, 37, 2047),
	(2025, 356, 324, 7, 37, 2047),
	(2026, 356, 332, 7, 37, 2047),
	(2027, 357, 176, 97, 21, 4047),
	(2028, 358, 370, 35, 52, 5236),
	(2029, 359, 208, 79, 92, 5782),
	(2030, 359, 235, 79, 92, 5782),
	(2031, 359, 274, 79, 92, 5782),
	(2032, 360, 90, 64, 66, 4140),
	(2033, 360, 124, 64, 66, 4140),
	(2034, 360, 251, 64, 66, 4140),
	(2035, 360, 309, 64, 66, 4140),
	(2036, 360, 324, 64, 66, 4140),
	(2037, 360, 357, 64, 66, 4140),
	(2038, 360, 363, 64, 66, 4140),
	(2039, 360, 380, 64, 66, 4140),
	(2040, 360, 392, 64, 66, 4140),
	(2041, 361, 86, 84, 79, 1900),
	(2042, 362, 17, 94, 26, 4292),
	(2043, 362, 369, 94, 26, 4292),
	(2044, 363, 395, 48, 79, 1786),
	(2045, 364, 285, 52, 65, 82),
	(2046, 365, 6, 11, 82, 3577),
	(2047, 365, 67, 11, 82, 3577),
	(2048, 365, 76, 11, 82, 3577),
	(2049, 365, 137, 11, 82, 3577),
	(2050, 365, 172, 11, 82, 3577),
	(2051, 365, 320, 11, 82, 3577),
	(2052, 365, 347, 11, 82, 3577),
	(2053, 366, 114, 78, 94, 7600),
	(2054, 366, 116, 78, 94, 7600),
	(2055, 366, 196, 78, 94, 7600),
	(2056, 366, 200, 78, 94, 7600),
	(2057, 366, 213, 78, 94, 7600),
	(2058, 366, 270, 78, 94, 7600),
	(2059, 366, 282, 78, 94, 7600),
	(2060, 366, 383, 78, 94, 7600),
	(2061, 367, 38, 100, 85, 608),
	(2062, 367, 101, 100, 85, 608),
	(2063, 367, 236, 100, 85, 608),
	(2064, 367, 253, 100, 85, 608),
	(2065, 367, 311, 100, 85, 608),
	(2066, 368, 7, 66, 66, 1890),
	(2067, 368, 20, 66, 66, 1890),
	(2068, 368, 37, 66, 66, 1890),
	(2069, 368, 188, 66, 66, 1890),
	(2070, 369, 80, 57, 98, 368),
	(2071, 369, 125, 57, 98, 368),
	(2072, 369, 134, 57, 98, 368),
	(2073, 369, 138, 57, 98, 368),
	(2074, 369, 278, 57, 98, 368),
	(2075, 370, 76, 52, 85, 124),
	(2076, 370, 107, 52, 85, 124),
	(2077, 370, 146, 52, 85, 124),
	(2078, 370, 167, 52, 85, 124),
	(2079, 370, 182, 52, 85, 124),
	(2080, 370, 194, 52, 85, 124),
	(2081, 370, 259, 52, 85, 124),
	(2082, 371, 10, 11, 6, 72),
	(2083, 371, 54, 11, 6, 72),
	(2084, 371, 60, 11, 6, 72),
	(2085, 371, 78, 11, 6, 72),
	(2086, 371, 145, 11, 6, 72),
	(2087, 371, 148, 11, 6, 72),
	(2088, 371, 229, 11, 6, 72),
	(2089, 371, 333, 11, 6, 72),
	(2090, 371, 393, 11, 6, 72),
	(2091, 372, 12, 35, 76, 7),
	(2092, 372, 90, 35, 76, 7),
	(2093, 372, 96, 35, 76, 7),
	(2094, 372, 102, 35, 76, 7),
	(2095, 372, 105, 35, 76, 7),
	(2096, 372, 126, 35, 76, 7),
	(2097, 372, 145, 35, 76, 7),
	(2098, 372, 153, 35, 76, 7),
	(2099, 372, 389, 35, 76, 7),
	(2100, 373, 8, 87, 77, 2808),
	(2101, 373, 24, 87, 77, 2808),
	(2102, 373, 61, 87, 77, 2808),
	(2103, 373, 384, 87, 77, 2808),
	(2104, 374, 77, 8, 18, 1071),
	(2105, 374, 180, 8, 18, 1071),
	(2106, 374, 221, 8, 18, 1071),
	(2107, 374, 261, 8, 18, 1071),
	(2108, 375, 133, 72, 26, 4004),
	(2109, 376, 118, 13, 12, 441),
	(2110, 376, 218, 13, 12, 441),
	(2111, 376, 267, 13, 12, 441),
	(2112, 376, 305, 13, 12, 441),
	(2113, 377, 73, 3, 2, 784),
	(2114, 377, 97, 3, 2, 784),
	(2115, 377, 113, 3, 2, 784),
	(2116, 377, 131, 3, 2, 784),
	(2117, 377, 204, 3, 2, 784),
	(2118, 377, 206, 3, 2, 784),
	(2119, 377, 335, 3, 2, 784),
	(2120, 377, 396, 3, 2, 784),
	(2121, 377, 400, 3, 2, 784),
	(2122, 378, 1, 54, 61, 1365),
	(2123, 379, 85, 48, 71, 1032),
	(2124, 379, 102, 48, 71, 1032),
	(2125, 379, 210, 48, 71, 1032),
	(2126, 379, 255, 48, 71, 1032),
	(2127, 379, 372, 48, 71, 1032),
	(2128, 379, 381, 48, 71, 1032),
	(2129, 379, 388, 48, 71, 1032),
	(2130, 380, 1, 89, 45, 2835),
	(2131, 380, 39, 89, 45, 2835),
	(2132, 380, 58, 89, 45, 2835),
	(2133, 380, 113, 89, 45, 2835),
	(2134, 380, 122, 89, 45, 2835),
	(2135, 380, 222, 89, 45, 2835),
	(2136, 380, 290, 89, 45, 2835),
	(2137, 380, 385, 89, 45, 2835),
	(2138, 381, 168, 97, 7, 3528),
	(2139, 381, 263, 97, 7, 3528),
	(2140, 381, 345, 97, 7, 3528),
	(2141, 382, 100, 9, 47, 88),
	(2142, 382, 224, 9, 47, 88),
	(2143, 382, 227, 9, 47, 88),
	(2144, 382, 333, 9, 47, 88),
	(2145, 382, 377, 9, 47, 88),
	(2146, 383, 17, 32, 26, 7740),
	(2147, 383, 73, 32, 26, 7740),
	(2148, 383, 105, 32, 26, 7740),
	(2149, 383, 133, 32, 26, 7740),
	(2150, 383, 196, 32, 26, 7740),
	(2151, 383, 228, 32, 26, 7740),
	(2152, 383, 374, 32, 26, 7740),
	(2153, 383, 378, 32, 26, 7740),
	(2154, 384, 304, 7, 28, 2600),
	(2155, 384, 381, 7, 28, 2600),
	(2156, 385, 283, 34, 3, 2000),
	(2157, 386, 194, 35, 29, 6000),
	(2158, 386, 223, 35, 29, 6000),
	(2159, 386, 248, 35, 29, 6000),
	(2160, 387, 60, 70, 8, 1848),
	(2161, 387, 85, 70, 8, 1848),
	(2162, 387, 102, 70, 8, 1848),
	(2163, 387, 143, 70, 8, 1848),
	(2164, 387, 343, 70, 8, 1848),
	(2165, 387, 363, 70, 8, 1848),
	(2166, 388, 34, 82, 63, 2340),
	(2167, 388, 70, 82, 63, 2340),
	(2168, 388, 73, 82, 63, 2340),
	(2169, 388, 88, 82, 63, 2340),
	(2170, 388, 93, 82, 63, 2340),
	(2171, 388, 233, 82, 63, 2340),
	(2172, 388, 399, 82, 63, 2340),
	(2173, 389, 1, 100, 38, 3844),
	(2174, 389, 112, 100, 38, 3844),
	(2175, 389, 116, 100, 38, 3844),
	(2176, 389, 128, 100, 38, 3844),
	(2177, 389, 144, 100, 38, 3844),
	(2178, 389, 179, 100, 38, 3844),
	(2179, 389, 369, 100, 38, 3844),
	(2180, 389, 400, 100, 38, 3844),
	(2181, 390, 73, 68, 65, 3484),
	(2182, 390, 174, 68, 65, 3484),
	(2183, 390, 180, 68, 65, 3484),
	(2184, 390, 296, 68, 65, 3484),
	(2185, 390, 334, 68, 65, 3484),
	(2186, 390, 400, 68, 65, 3484),
	(2187, 391, 233, 9, 42, 3120),
	(2188, 392, 19, 81, 39, 513),
	(2189, 392, 246, 81, 39, 513),
	(2190, 393, 208, 72, 37, 3740),
	(2191, 393, 222, 72, 37, 3740),
	(2192, 393, 237, 72, 37, 3740),
	(2193, 393, 278, 72, 37, 3740),
	(2194, 393, 296, 72, 37, 3740),
	(2195, 393, 305, 72, 37, 3740),
	(2196, 393, 312, 72, 37, 3740),
	(2197, 393, 347, 72, 37, 3740),
	(2198, 393, 377, 72, 37, 3740),
	(2199, 394, 40, 74, 38, 68),
	(2200, 394, 161, 74, 38, 68),
	(2201, 394, 366, 74, 38, 68),
	(2202, 394, 369, 74, 38, 68),
	(2203, 395, 138, 27, 36, 3196),
	(2204, 395, 185, 27, 36, 3196),
	(2205, 395, 246, 27, 36, 3196),
	(2206, 396, 134, 32, 42, 6674),
	(2207, 397, 41, 25, 33, 756),
	(2208, 397, 316, 25, 33, 756),
	(2209, 397, 366, 25, 33, 756),
	(2210, 398, 56, 31, 46, 520),
	(2211, 398, 137, 31, 46, 520),
	(2212, 398, 154, 31, 46, 520),
	(2213, 398, 187, 31, 46, 520),
	(2214, 398, 199, 31, 46, 520),
	(2215, 398, 284, 31, 46, 520),
	(2216, 398, 363, 31, 46, 520),
	(2217, 399, 190, 90, 5, 4000),
	(2218, 399, 216, 90, 5, 4000),
	(2219, 399, 244, 90, 5, 4000),
	(2220, 399, 264, 90, 5, 4000),
	(2221, 400, 37, 5, 40, 590),
	(2222, 400, 97, 5, 40, 590),
	(2223, 400, 100, 5, 40, 590),
	(2224, 400, 138, 5, 40, 590),
	(2225, 400, 236, 5, 40, 590),
	(2226, 400, 248, 5, 40, 590),
	(2227, 400, 292, 5, 40, 590),
	(2228, 400, 358, 5, 40, 590),
	(2229, 400, 364, 5, 40, 590);

/*!40103 SET TIME_ZONE=IFNULL(@OLD_TIME_ZONE, 'system') */;
/*!40101 SET SQL_MODE=IFNULL(@OLD_SQL_MODE, '') */;
/*!40014 SET FOREIGN_KEY_CHECKS=IFNULL(@OLD_FOREIGN_KEY_CHECKS, 1) */;
/*!40101 SET CHARACTER_SET_CLIENT=@OLD_CHARACTER_SET_CLIENT */;
/*!40111 SET SQL_NOTES=IFNULL(@OLD_SQL_NOTES, 1) */;
