-- --------------------------------------------------------
-- Host:                         127.0.0.1
-- Server version:               11.3.2-MariaDB - mariadb.org binary distribution
-- Server OS:                    Win64
-- HeidiSQL Version:             12.6.0.6765
-- --------------------------------------------------------

/*!40101 SET @OLD_CHARACTER_SET_CLIENT=@@CHARACTER_SET_CLIENT */;
/*!40101 SET NAMES utf8 */;
/*!50503 SET NAMES utf8mb4 */;
/*!40103 SET @OLD_TIME_ZONE=@@TIME_ZONE */;
/*!40103 SET TIME_ZONE='+00:00' */;
/*!40014 SET @OLD_FOREIGN_KEY_CHECKS=@@FOREIGN_KEY_CHECKS, FOREIGN_KEY_CHECKS=0 */;
/*!40101 SET @OLD_SQL_MODE=@@SQL_MODE, SQL_MODE='NO_AUTO_VALUE_ON_ZERO' */;
/*!40111 SET @OLD_SQL_NOTES=@@SQL_NOTES, SQL_NOTES=0 */;


-- Dumping database structure for api_ventas
CREATE DATABASE IF NOT EXISTS `api_ventas` /*!40100 DEFAULT CHARACTER SET latin1 COLLATE latin1_swedish_ci */;
USE `api_ventas`;

-- Dumping structure for table api_ventas.clientes
CREATE TABLE IF NOT EXISTS `clientes` (
  `id` bigint(20) unsigned NOT NULL AUTO_INCREMENT,
  `nombres` varchar(255) NOT NULL,
  `apellidos` varchar(255) NOT NULL,
  `cedula` varchar(255) DEFAULT NULL,
  `direccion` varchar(255) DEFAULT NULL,
  `celular` varchar(255) DEFAULT NULL,
  PRIMARY KEY (`id`)
) ENGINE=InnoDB AUTO_INCREMENT=101 DEFAULT CHARSET=utf8mb4 COLLATE=utf8mb4_unicode_ci;

-- Dumping data for table api_ventas.clientes: ~100 rows (approximately)
DELETE FROM `clientes`;
INSERT INTO `clientes` (`id`, `nombres`, `apellidos`, `cedula`, `direccion`, `celular`) VALUES
	(1, 'Saúl', 'Rueda', '976-040588-6500P', 'Plaza Haro, 69, 4º D, 52678, Coronado del Vallès', '+34 915914090'),
	(2, 'Ian', 'Mayorga', '448-091848-3978U', 'Camiño Abeyta, 42, 8º F, 03256, As Pelayo de Lemos', '+34 992833136'),
	(3, 'Óscar', 'Matos', '919-012014-8724K', 'Camiño Olivárez, 437, 4º F, 04909, O Quesada', '956 357270'),
	(4, 'Cristian', 'Esteve', '655-020249-7630Z', 'Praza Cuesta, 628, Bajo 2º, 87285, Villa Sedillo', '+34 992636409'),
	(5, 'Nahia', 'Domínquez', '585-103131-8639Q', 'Avenida Cazares, 7, 8º D, 36749, Esquivel del Penedès', '928 873000'),
	(6, 'Valeria', 'Núñez', '386-030746-2164G', 'Rúa Aitana, 44, 46º C, 39773, Feliciano de Arriba', '+34 913-60-7768'),
	(7, 'Elsa', 'Duarte', '990-120186-9901C', 'Plaza Daniela, 68, 97º 3º, 28531, O Ochoa', '+34 964035570'),
	(8, 'Javier', 'Puga', '861-042538-2209F', 'Passeig Lorenzo, 239, Bajo 9º, 56579, Linares de Arriba', '907-32-2398'),
	(9, 'Rosa María', 'Delagarza', '251-062906-2187M', 'Passeig Rayan, 9, 2º, 65374, O Toro', '981 688742'),
	(10, 'Ainara', 'Quintero', '455-060890-5715H', 'Carrer Asensio, 861, 6º, 69569, Los Pabón', '948300978'),
	(11, 'Miguel Ángel', 'Villalpando', '159-060628-5531R', 'Praza Ander, 935, Bajos, 53724, A Santamaría del Vallès', '910 57 0995'),
	(12, 'Rafael', 'Tejeda', '071-110604-2925I', 'Passeig Andrés, 4, Entre suelo 2º, 89480, Villa Garay Baja', '+34 920904413'),
	(13, 'Aitor', 'Clemente', '863-080657-3613K', 'Praza Carolina, 59, 42º F, 98452, Los Armijo', '959-71-7373'),
	(14, 'Sofía', 'Delafuente', '442-092856-9181L', 'Rúa Antón, 5, 2º C, 74184, L\' Delapaz', '928114201'),
	(15, 'Lola', 'Manzano', '037-090122-5056T', 'Camino Olga, 4, 21º E, 42557, Haro del Penedès', '939-603301'),
	(16, 'Pedro', 'Calderón', '241-011880-6968R', 'Camino Santiago, 7, 0º A, 97287, Lucio del Bages', '+34 982-70-2052'),
	(17, 'David', 'Sola', '859-113152-5651U', 'Avinguda Eva, 82, 2º B, 86748, Los Oquendo', '993 092098'),
	(18, 'Luis', 'Carrera', '882-033025-7038H', 'Paseo Joel, 4, 2º 0º, 08518, Villa Navarro', '906-017785'),
	(19, 'Daniel', 'Patiño', '668-072410-1961H', 'Travesía Marcos, 66, 74º F, 57286, Vall Vera', '+34 990-05-8078'),
	(20, 'Verónica', 'Piña', '752-051478-9833U', 'Travesía Andrea, 966, Bajos, 28595, La Ramírez', '927-50-5526'),
	(21, 'Unai', 'Rincón', '439-100485-4278J', 'Plaça Rocío, 160, 00º 3º, 66205, Sancho Medio', '978 032775'),
	(22, 'Juana', 'Valverde', '362-061366-1584P', 'Camino Ángel, 36, 6º B, 31796, Los Miramontes de Lemos', '+34 996 389738'),
	(23, 'Diego', 'Valenzuela', '247-100684-6283D', 'Camino Zarate, 12, 8º A, 29207, As Franco', '915540317'),
	(24, 'Oliver', 'Ponce', '138-082658-4450C', 'Rúa Preciado, 680, Bajo 4º, 32746, Farías del Barco', '926 170855'),
	(25, 'Gael', 'Espino', '344-022205-3716V', 'Rúa Rayan, 141, 1º A, 52011, Villa Montemayor Medio', '+34 989 12 2392'),
	(26, 'Sonia', 'Loera', '469-021155-8092C', 'Camiño Ibáñez, 691, 2º B, 38813, Vall Perales del Pozo', '997 776886'),
	(27, 'Aleix', 'Sánchez', '784-111511-6828Q', 'Plaza Valencia, 943, 64º 3º, 11061, L\' Polo de Ulla', '+34 935-526405'),
	(28, 'Yago', 'Ruvalcaba', '526-060359-3837D', 'Calle Jaramillo, 77, 71º E, 90406, Caldera de Lemos', '973 915483'),
	(29, 'Asier', 'Montes', '626-082972-4899I', 'Rúa Nayara, 1, 0º C, 46645, Cavazos del Mirador', '925-085082'),
	(30, 'Yeray', 'Pagan', '918-032218-7944F', 'Camiño Erik, 798, 01º E, 88107, Os Asensio', '911-004045'),
	(31, 'Laia', 'Mena', '316-111301-3074V', 'Avenida Ángel, 2, 89º B, 07475, Villa Alicea', '991-40-3349'),
	(32, 'Jorge', 'Vergara', '727-012578-1212W', 'Passeig Jordi, 8, 4º, 15710, Villa Martos', '942-988047'),
	(33, 'Ainara', 'Pantoja', '627-030688-7476E', 'Plaça Longoria, 40, 2º E, 12530, La Camarillo del Penedès', '984-751608'),
	(34, 'Vega', 'Sancho', '435-101992-7446U', 'Camiño Daniel, 39, 26º D, 36118, La Mondragón', '979-159930'),
	(35, 'Enrique', 'Arreola', '587-081008-1758A', 'Travessera Martos, 4, 00º F, 73102, La Pedroza de Arriba', '+34 939-72-9906'),
	(36, 'Yaiza', 'Carmona', '668-030591-6133I', 'Calle Juárez, 6, 64º 8º, 05222, El Botello del Mirador', '992 844181'),
	(37, 'Luisa', 'Canales', '782-023010-3714R', 'Ruela Tello, 75, 8º F, 04632, Las Reina', '+34 940 723081'),
	(38, 'Yeray', 'Vallejo', '496-080106-7403I', 'Ruela Montez, 6, 27º 8º, 22059, O Muñiz Medio', '+34 960-156107'),
	(39, 'David', 'Chapa', '530-120164-2222C', 'Calle Laura, 5, Bajo 3º, 27234, Los Valles', '967-485522'),
	(40, 'Celia', 'Fonseca', '621-072957-8890X', 'Paseo Lidia, 898, 15º A, 76727, O Mateo del Vallès', '+34 975-00-9074'),
	(41, 'Rayan', 'Collazo', '220-043059-2234M', 'Travessera Arnau, 443, 31º E, 72681, A Bahena', '943-50-8442'),
	(42, 'Roberto', 'Terán', '174-011541-3707U', 'Camino Ávalos, 7, 0º D, 73939, Calvo de Lemos', '944372819'),
	(43, 'Bruno', 'Baeza', '923-042004-3163L', 'Paseo Nuria, 8, 18º C, 97011, Galindo del Pozo', '979-25-9103'),
	(44, 'Claudia', 'Mares', '585-060599-7296G', 'Passeig Díez, 9, Bajo 5º, 91252, Las Calderón del Barco', '913440841'),
	(45, 'Paula', 'Mercado', '140-070508-2032W', 'Travesía Manuela, 5, 5º C, 32025, Rosa del Mirador', '+34 994706513'),
	(46, 'Emilia', 'Lorenzo', '088-012022-5305H', 'Carrer Martos, 66, 4º D, 62412, As Guardado del Penedès', '970-02-9090'),
	(47, 'Olivia', 'Salvador', '286-062856-6974U', 'Praza Paola, 3, Bajo 5º, 10955, L\' Andreu', '+34 901 397333'),
	(48, 'Elsa', 'Santillán', '601-011991-2494O', 'Travessera Josefa, 63, Entre suelo 9º, 46681, Os Valle del Barco', '+34 967369199'),
	(49, 'Izan', 'Granado', '599-122917-6663R', 'Carrer Alonso, 42, 0º F, 41005, Urías de las Torres', '917 811944'),
	(50, 'Saúl', 'Tello', '563-092884-9175E', 'Ronda Candelaria, 883, 03º C, 84809, Las Ramírez de San Pedro', '+34 907-61-3307'),
	(51, 'Patricia', 'Delao', '592-112706-5924S', 'Avenida Esther, 83, Entre suelo 1º, 40605, Peláez Baja', '995 95 6919'),
	(52, 'Iker', 'Enríquez', '614-010977-4294V', 'Avinguda Elsa, 76, 15º A, 18192, Villa Salgado', '998 38 0699'),
	(53, 'Álvaro', 'Costa', '425-102733-7032F', 'Passeig Víctor, 327, 81º D, 57679, Carrero de Arriba', '944 311139'),
	(54, 'Paula', 'Valladares', '635-020695-2785X', 'Avenida Llorente, 9, 0º 5º, 07317, A Benavides del Mirador', '929 389056'),
	(55, 'Lucas', 'Vélez', '772-051538-4636C', 'Ruela Omar, 6, 06º 9º, 49063, El Zepeda', '+34 936116577'),
	(56, 'Asier', 'Sánchez', '990-071295-2450E', 'Travessera Martín, 932, 0º, 56887, El Alcala', '939 62 3421'),
	(57, 'Valentina', 'Nieves', '497-022165-3221O', 'Avinguda Úrsula, 5, 7º D, 85276, A Narváez Medio', '969315653'),
	(58, 'Aitor', 'Anaya', '229-032633-1629M', 'Avenida Gallardo, 41, 2º F, 70078, Os Cuevas Baja', '922982135'),
	(59, 'Martín', 'Andrés', '070-112092-3153M', 'Paseo Pérez, 591, 35º A, 65495, As Jaime del Bages', '+34 948 829976'),
	(60, 'Yeray', 'Botello', '512-011716-2092M', 'Camino Enrique, 684, 04º D, 86067, Villa Véliz Medio', '914742215'),
	(61, 'Alexia', 'Navarrete', '915-061151-1411Q', 'Paseo Armijo, 67, 31º C, 94539, Los Borrego', '+34 973 833437'),
	(62, 'Laura', 'Valdés', '727-082298-8273D', 'Travessera Lucía, 43, 60º B, 77609, Caballero del Puerto', '+34 945 31 4502'),
	(63, 'Rodrigo', 'Navarrete', '360-071989-4053Y', 'Ruela Ozuna, 2, Entre suelo 4º, 21296, Navarro de las Torres', '940 147818'),
	(64, 'Izan', 'Martínez', '970-101705-8452S', 'Ruela Eva, 4, Ático 8º, 03548, Adame del Puerto', '+34 975-002003'),
	(65, 'Nahia', 'Pereira', '502-012066-4997I', 'Carrer Jorge, 4, Bajo 0º, 34173, El Delgadillo', '950 072447'),
	(66, 'Nora', 'Monroy', '892-063090-2925U', 'Avenida Naiara, 551, 8º, 88986, Los Cintrón', '+34 965227967'),
	(67, 'Aitana', 'Barraza', '718-011768-4080T', 'Paseo Marc, 87, 38º C, 55028, La Guerra del Barco', '+34 953-75-8513'),
	(68, 'Adrián', 'Esteve', '602-122449-1305O', 'Ronda Lovato, 1, 8º F, 07574, Lozano del Mirador', '+34 989 096700'),
	(69, 'Miguel Ángel', 'Jurado', '788-052971-2938R', 'Calle Luna, 14, 4º A, 57662, El Sancho del Barco', '+34 930 257302'),
	(70, 'Enrique', 'Alanis', '912-122012-3959U', 'Avenida Quiroz, 4, 5º, 90654, Otero del Vallès', '+34 923660772'),
	(71, 'Malak', 'Romero', '453-121462-5523A', 'Camino Vela, 912, 0º D, 17977, Los Valle', '937-674428'),
	(72, 'Cristian', 'Silva', '527-032255-9605N', 'Avenida Vera, 55, Ático 6º, 09446, A Garrido de Ulla', '+34 989-89-0496'),
	(73, 'Aleix', 'Castro', '599-050355-3298U', 'Camino Baca, 77, 94º E, 27785, Estévez del Pozo', '969 96 7490'),
	(74, 'Jordi', 'Rivas', '953-083086-5839R', 'Camiño Uribe, 3, 7º F, 79034, Los Feliciano de Lemos', '+34 958-739114'),
	(75, 'Manuel', 'Zaragoza', '790-082765-7368K', 'Passeig Elizondo, 6, 03º A, 98505, San Armas', '941-855673'),
	(76, 'Josefa', 'Carrasco', '598-042674-3225P', 'Avenida Pastor, 3, 7º B, 81364, Los Alba del Pozo', '+34 993-05-8527'),
	(77, 'Óscar', 'Delgado', '508-032323-8196K', 'Plaza Montes, 84, 1º D, 77195, San Mena', '952 26 2486'),
	(78, 'Nicolás', 'Meza', '435-011528-8101K', 'Calle Apodaca, 7, 1º, 01134, Villa Salvador', '+34 937 45 8237'),
	(79, 'Álvaro', 'Tijerina', '177-040270-8789U', 'Camino Quintanilla, 8, 1º D, 18554, Caro del Pozo', '991-533539'),
	(80, 'Alicia', 'Vigil', '075-021857-7308V', 'Plaça Bonilla, 41, 4º B, 35625, Henríquez de San Pedro', '940 936169'),
	(81, 'Gabriela', 'Sarabia', '897-051259-2770W', 'Rúa Jan, 63, Bajos, 90009, O Tello de Arriba', '967 065508'),
	(82, 'José', 'Zambrano', '458-052477-2411P', 'Calle Alonso, 1, 7º, 48684, La Lebrón del Vallès', '+34 923974186'),
	(83, 'Adriana', 'Carrión', '914-110957-1957O', 'Paseo Zambrano, 71, 11º D, 65693, L\' Zepeda', '+34 940-90-5506'),
	(84, 'Luna', 'Navarro', '556-022186-1921H', 'Calle Benítez, 29, 5º 0º, 81459, Vicente Baja', '909-971282'),
	(85, 'Mar', 'Navas', '735-061649-4613J', 'Passeig Luisa, 904, 74º F, 71936, L\' Monroy', '905 81 8681'),
	(86, 'Fátima', 'Nieves', '718-121816-5028Q', 'Camiño Mara, 42, 4º 9º, 21273, San Jaramillo', '983239487'),
	(87, 'Candela', 'Tapia', '784-050611-6383G', 'Camiño Yago, 3, 65º B, 05605, Vergara de la Sierra', '+34 902-63-4640'),
	(88, 'David', 'Reyes', '975-110615-1962T', 'Ruela Victoria, 6, 2º B, 03935, Las Costa', '+34 952-50-8622'),
	(89, 'Fernando', 'Carreón', '939-101384-5700R', 'Avinguda Andrés, 979, 8º C, 69350, Arreola de Lemos', '+34 963-95-9975'),
	(90, 'Miguel', 'Prieto', '778-041204-4784P', 'Carrer Baca, 50, Bajos, 57443, Collado de la Sierra', '995313586'),
	(91, 'Vera', 'Bañuelos', '060-050695-5804X', 'Avinguda Rayan, 7, 1º, 47901, Alcaráz de Arriba', '+34 979 40 1304'),
	(92, 'Pablo', 'Sevilla', '868-080568-7358W', 'Carrer Manuela, 79, Bajos, 71359, Cepeda del Mirador', '+34 930 880776'),
	(93, 'Alonso', 'Olivas', '102-110814-3764M', 'Praza Toledo, 99, 40º E, 84084, Vila de Arriba', '+34 923 95 8139'),
	(94, 'Omar', 'Valverde', '671-021101-4102D', 'Camiño Fátima, 76, Ático 9º, 11307, Paz de Arriba', '988-12-4087'),
	(95, 'Natalia', 'Gallardo', '825-110910-4315V', 'Avinguda Osorio, 8, 6º, 71689, Os Silva de Ulla', '+34 952549979'),
	(96, 'Erik', 'Brito', '503-081005-3799A', 'Travessera Eva, 42, 64º B, 29475, Betancourt de Arriba', '+34 951640485'),
	(97, 'Hugo', 'Uribe', '460-032242-5458L', 'Plaza Bonilla, 632, 76º B, 50441, García Medio', '919-336111'),
	(98, 'Josefa', 'Olvera', '078-010781-6165K', 'Camiño Valdivia, 41, 3º 1º, 01129, Las Linares', '936-771494'),
	(99, 'Eric', 'Negrete', '154-021299-4159P', 'Praza Barragán, 530, Ático 8º, 08011, Orosco de la Sierra', '+34 996 40 2744'),
	(100, 'Alex', 'Carballo', '273-061767-1230P', 'Rúa Erik, 272, 8º C, 56239, Mejía del Vallès', '+34 965-915566');

-- Dumping structure for table api_ventas.compras
CREATE TABLE IF NOT EXISTS `compras` (
  `id` bigint(20) unsigned NOT NULL AUTO_INCREMENT,
  `proveedor_id` bigint(20) unsigned DEFAULT NULL,
  `fecha` varchar(255) NOT NULL,
  `monto` double DEFAULT NULL,
  PRIMARY KEY (`id`),
  KEY `compras_proveedor_id_foreign` (`proveedor_id`),
  CONSTRAINT `compras_proveedor_id_foreign` FOREIGN KEY (`proveedor_id`) REFERENCES `proveedores` (`id`)
) ENGINE=InnoDB AUTO_INCREMENT=401 DEFAULT CHARSET=utf8mb4 COLLATE=utf8mb4_unicode_ci;

-- Dumping data for table api_ventas.compras: ~400 rows (approximately)
DELETE FROM `compras`;
INSERT INTO `compras` (`id`, `proveedor_id`, `fecha`, `monto`) VALUES
	(1, 39, '1980-03-14', 86),
	(2, 11, '1983-11-14', 28),
	(3, 49, '1984-02-25', 93),
	(4, 15, '1986-08-21', 86),
	(5, 91, '2023-12-26', 68),
	(6, 23, '2012-02-21', 29),
	(7, 16, '1976-08-16', 59),
	(8, 22, '2015-09-27', 9),
	(9, 4, '1972-09-29', 16),
	(10, 86, '1984-01-18', 5),
	(11, 72, '2010-02-08', 54),
	(12, 51, '1986-06-20', 83),
	(13, 91, '2015-05-21', 29),
	(14, 32, '1987-04-04', 59),
	(15, 69, '2019-08-02', 74),
	(16, 41, '1984-04-23', 62),
	(17, 64, '1981-02-24', 13),
	(18, 28, '2001-01-17', 94),
	(19, 83, '1997-02-26', 51),
	(20, 87, '1971-05-30', 10),
	(21, 20, '1995-11-02', 39),
	(22, 43, '2022-05-13', 39),
	(23, 98, '2017-11-23', 87),
	(24, 50, '2019-04-03', 47),
	(25, 28, '1985-12-15', 98),
	(26, 6, '2013-02-22', 48),
	(27, 66, '1996-01-20', 91),
	(28, 72, '2008-10-25', 8),
	(29, 70, '1988-07-11', 61),
	(30, 72, '2006-10-25', 15),
	(31, 19, '1984-10-04', 89),
	(32, 64, '2022-03-28', 80),
	(33, 7, '2014-01-22', 44),
	(34, 28, '2000-01-04', 50),
	(35, 14, '2016-07-17', 86),
	(36, 76, '2017-03-24', 46),
	(37, 56, '1998-07-04', 12),
	(38, 63, '1974-05-05', 55),
	(39, 32, '1990-03-04', 55),
	(40, 65, '1983-03-01', 69),
	(41, 13, '2016-12-21', 97),
	(42, 41, '1993-03-19', 4),
	(43, 64, '2007-03-25', 52),
	(44, 43, '1987-03-11', 60),
	(45, 46, '1998-06-04', 22),
	(46, 13, '1997-07-12', 2),
	(47, 30, '2001-08-09', 6),
	(48, 63, '1973-07-17', 69),
	(49, 75, '1995-04-20', 80),
	(50, 82, '2019-05-03', 97),
	(51, 9, '1978-02-25', 82),
	(52, 13, '2017-03-17', 63),
	(53, 7, '2023-11-14', 80),
	(54, 9, '1986-07-03', 37),
	(55, 32, '1993-02-25', 93),
	(56, 46, '1997-12-01', 31),
	(57, 53, '1987-11-12', 39),
	(58, 45, '2015-08-22', 40),
	(59, 62, '1971-12-10', 22),
	(60, 75, '2015-11-29', 2),
	(61, 93, '1972-09-01', 62),
	(62, 72, '2015-07-13', 68),
	(63, 73, '1994-11-07', 93),
	(64, 10, '1980-01-16', 93),
	(65, 48, '2020-04-24', 64),
	(66, 98, '2016-05-05', 2),
	(67, 99, '2001-11-02', 43),
	(68, 22, '1995-02-22', 67),
	(69, 7, '1999-07-08', 25),
	(70, 9, '1999-11-14', 24),
	(71, 79, '1977-01-07', 60),
	(72, 5, '1999-08-14', 81),
	(73, 24, '2003-08-26', 25),
	(74, 78, '1983-01-18', 7),
	(75, 79, '1995-01-26', 83),
	(76, 8, '1991-12-13', 79),
	(77, 5, '1988-03-22', 76),
	(78, 86, '1995-07-25', 7),
	(79, 41, '2000-08-13', 36),
	(80, 74, '1989-04-06', 86),
	(81, 100, '1974-07-05', 70),
	(82, 72, '1998-01-14', 47),
	(83, 81, '1990-12-03', 70),
	(84, 81, '1999-12-08', 53),
	(85, 12, '1973-02-08', 23),
	(86, 31, '2014-03-14', 55),
	(87, 33, '1989-03-18', 9),
	(88, 43, '2022-11-08', 31),
	(89, 39, '1996-08-30', 41),
	(90, 49, '1987-04-26', 71),
	(91, 41, '1990-07-13', 71),
	(92, 89, '1987-05-23', 89),
	(93, 35, '1993-01-24', 95),
	(94, 70, '1987-11-27', 75),
	(95, 88, '2003-10-10', 47),
	(96, 81, '2024-02-06', 84),
	(97, 76, '1997-12-16', 37),
	(98, 28, '2000-08-18', 32),
	(99, 71, '2002-06-12', 9),
	(100, 48, '1990-11-28', 92),
	(101, 1, '2018-06-05', 70),
	(102, 87, '2002-01-14', 65),
	(103, 33, '2007-10-17', 33),
	(104, 27, '1992-07-18', 84),
	(105, 97, '2021-12-14', 37),
	(106, 50, '1983-12-16', 71),
	(107, 11, '1983-02-11', 62),
	(108, 14, '2020-02-18', 69),
	(109, 20, '2018-04-01', 16),
	(110, 58, '1973-12-25', 25),
	(111, 31, '2014-12-22', 25),
	(112, 43, '1982-07-13', 89),
	(113, 42, '2007-11-02', 48),
	(114, 97, '1996-09-19', 58),
	(115, 18, '2005-06-02', 93),
	(116, 1, '1997-10-02', 56),
	(117, 67, '1981-06-30', 85),
	(118, 48, '1977-09-05', 94),
	(119, 85, '2021-08-13', 84),
	(120, 56, '1994-06-01', 99),
	(121, 99, '1990-05-24', 76),
	(122, 82, '1978-03-08', 28),
	(123, 95, '2023-10-28', 76),
	(124, 89, '1978-08-24', 50),
	(125, 14, '2006-10-29', 100),
	(126, 46, '2019-07-19', 17),
	(127, 72, '2011-12-11', 32),
	(128, 29, '2010-04-01', 99),
	(129, 100, '1979-06-30', 43),
	(130, 29, '2005-09-25', 4),
	(131, 99, '1984-07-19', 56),
	(132, 12, '1972-07-06', 91),
	(133, 96, '1992-10-02', 41),
	(134, 70, '1980-04-15', 49),
	(135, 33, '1978-07-13', 7),
	(136, 58, '2021-03-17', 11),
	(137, 24, '2006-02-18', 14),
	(138, 67, '1991-08-21', 55),
	(139, 6, '1991-08-13', 84),
	(140, 60, '1990-03-27', 21),
	(141, 11, '1971-07-27', 100),
	(142, 16, '1970-05-12', 88),
	(143, 2, '2022-05-07', 100),
	(144, 76, '1991-07-15', 1),
	(145, 22, '1970-08-22', 59),
	(146, 3, '2014-09-03', 7),
	(147, 77, '1996-07-04', 58),
	(148, 42, '2002-08-28', 19),
	(149, 54, '1986-01-01', 52),
	(150, 48, '2023-09-06', 12),
	(151, 6, '2007-10-10', 21),
	(152, 37, '1981-03-03', 89),
	(153, 30, '1988-07-11', 56),
	(154, 67, '2000-09-05', 36),
	(155, 50, '2010-07-29', 39),
	(156, 99, '1979-01-31', 67),
	(157, 13, '2003-04-10', 49),
	(158, 11, '1984-02-04', 15),
	(159, 11, '2018-03-11', 31),
	(160, 13, '2015-03-28', 96),
	(161, 6, '1991-01-21', 31),
	(162, 24, '2019-10-30', 95),
	(163, 44, '1996-03-02', 95),
	(164, 9, '1984-02-09', 89),
	(165, 6, '2019-04-18', 35),
	(166, 98, '1975-09-22', 15),
	(167, 85, '1972-09-12', 17),
	(168, 8, '1984-12-08', 23),
	(169, 20, '2020-06-29', 20),
	(170, 15, '1992-05-23', 26),
	(171, 93, '1972-04-27', 23),
	(172, 57, '2022-12-27', 97),
	(173, 12, '2021-03-15', 19),
	(174, 95, '1971-08-09', 18),
	(175, 22, '1990-08-06', 73),
	(176, 91, '1973-01-13', 98),
	(177, 8, '1970-07-02', 52),
	(178, 11, '1999-07-13', 64),
	(179, 64, '1985-02-13', 49),
	(180, 67, '1997-06-17', 35),
	(181, 29, '1972-01-08', 51),
	(182, 7, '1979-04-24', 83),
	(183, 91, '1978-09-23', 24),
	(184, 54, '1990-02-21', 86),
	(185, 95, '2015-01-06', 74),
	(186, 31, '1991-05-01', 90),
	(187, 71, '2008-12-27', 53),
	(188, 55, '2003-01-24', 16),
	(189, 86, '1970-01-12', 81),
	(190, 60, '1975-12-04', 24),
	(191, 53, '1999-06-04', 68),
	(192, 64, '1979-12-17', 98),
	(193, 10, '1999-10-30', 46),
	(194, 15, '2008-03-21', 88),
	(195, 92, '2019-06-19', 53),
	(196, 4, '1971-01-27', 53),
	(197, 11, '2016-09-10', 69),
	(198, 4, '2005-11-20', 12),
	(199, 86, '1992-02-05', 79),
	(200, 71, '1995-12-23', 11),
	(201, 7, '1998-09-12', 57),
	(202, 32, '2017-05-22', 19),
	(203, 76, '1977-04-22', 68),
	(204, 66, '2016-12-30', 44),
	(205, 49, '1994-07-18', 94),
	(206, 8, '2015-03-17', 71),
	(207, 95, '1981-09-17', 71),
	(208, 43, '2022-11-07', 93),
	(209, 10, '2021-11-20', 31),
	(210, 78, '1996-09-24', 37),
	(211, 10, '1997-07-15', 28),
	(212, 55, '1977-04-06', 24),
	(213, 40, '2017-08-15', 30),
	(214, 68, '1971-07-18', 15),
	(215, 5, '2010-08-27', 97),
	(216, 35, '1998-09-25', 5),
	(217, 73, '2010-04-30', 65),
	(218, 94, '1992-02-21', 87),
	(219, 73, '2008-11-01', 72),
	(220, 10, '1995-08-15', 32),
	(221, 31, '2010-03-03', 74),
	(222, 37, '1984-12-09', 97),
	(223, 36, '2007-09-26', 46),
	(224, 38, '1994-05-31', 53),
	(225, 9, '2007-07-02', 73),
	(226, 27, '2000-08-30', 6),
	(227, 26, '2013-05-04', 33),
	(228, 1, '1978-09-01', 8),
	(229, 31, '2010-04-18', 6),
	(230, 56, '1976-03-31', 9),
	(231, 72, '1971-06-20', 1),
	(232, 92, '1975-06-25', 70),
	(233, 76, '2011-11-30', 39),
	(234, 19, '2011-08-18', 90),
	(235, 21, '1978-08-13', 77),
	(236, 88, '1993-01-08', 99),
	(237, 8, '2007-02-20', 60),
	(238, 2, '2004-09-01', 51),
	(239, 44, '1984-12-03', 69),
	(240, 11, '1983-07-11', 43),
	(241, 54, '2015-06-17', 60),
	(242, 9, '1993-07-29', 38),
	(243, 62, '1994-12-16', 3),
	(244, 72, '2005-09-10', 57),
	(245, 32, '2005-12-05', 21),
	(246, 45, '2016-07-21', 47),
	(247, 6, '1976-09-02', 14),
	(248, 85, '1988-04-11', 9),
	(249, 45, '2002-11-19', 42),
	(250, 36, '2007-02-02', 13),
	(251, 4, '2017-02-19', 21),
	(252, 94, '2023-02-16', 36),
	(253, 44, '1971-06-10', 91),
	(254, 55, '1993-04-04', 20),
	(255, 24, '2001-09-12', 97),
	(256, 11, '2008-12-18', 32),
	(257, 65, '2003-03-06', 31),
	(258, 38, '2017-03-20', 90),
	(259, 78, '2001-12-09', 46),
	(260, 16, '1985-08-09', 9),
	(261, 52, '2023-10-22', 59),
	(262, 41, '1973-01-28', 76),
	(263, 91, '1983-05-25', 58),
	(264, 49, '2002-02-21', 48),
	(265, 7, '1993-12-15', 54),
	(266, 22, '1982-11-16', 32),
	(267, 72, '2014-03-24', 12),
	(268, 5, '1989-09-09', 28),
	(269, 22, '1994-07-20', 16),
	(270, 88, '1993-10-30', 37),
	(271, 64, '1990-03-02', 35),
	(272, 82, '1997-08-13', 26),
	(273, 42, '1984-12-04', 98),
	(274, 63, '2013-08-12', 73),
	(275, 38, '1974-09-30', 17),
	(276, 71, '2009-09-13', 89),
	(277, 15, '1973-07-18', 78),
	(278, 10, '1992-01-11', 7),
	(279, 14, '2002-10-14', 75),
	(280, 43, '1999-07-26', 37),
	(281, 20, '1978-01-23', 58),
	(282, 43, '2017-05-09', 78),
	(283, 40, '2020-10-27', 21),
	(284, 7, '2021-07-04', 68),
	(285, 13, '1980-04-13', 15),
	(286, 22, '2023-02-17', 90),
	(287, 36, '2014-09-16', 88),
	(288, 16, '1991-01-19', 44),
	(289, 82, '2019-07-27', 37),
	(290, 51, '1978-08-28', 21),
	(291, 38, '1978-12-26', 55),
	(292, 75, '1972-07-22', 62),
	(293, 81, '1980-07-28', 68),
	(294, 97, '2014-07-05', 30),
	(295, 92, '1984-04-17', 66),
	(296, 88, '1986-06-18', 15),
	(297, 38, '2020-12-14', 83),
	(298, 1, '1971-08-06', 4),
	(299, 23, '1976-07-09', 65),
	(300, 88, '2017-01-16', 30),
	(301, 31, '1971-01-27', 99),
	(302, 49, '1993-09-22', 68),
	(303, 24, '2023-08-08', 75),
	(304, 9, '1975-09-26', 85),
	(305, 46, '1981-02-11', 25),
	(306, 36, '1987-10-31', 32),
	(307, 75, '2007-12-20', 94),
	(308, 65, '2007-10-17', 71),
	(309, 55, '2015-08-28', 60),
	(310, 21, '2005-07-23', 37),
	(311, 11, '2006-06-17', 65),
	(312, 62, '1994-04-08', 25),
	(313, 18, '2023-11-21', 16),
	(314, 84, '1992-03-16', 6),
	(315, 29, '1970-03-03', 33),
	(316, 27, '1989-11-17', 12),
	(317, 80, '2003-03-29', 40),
	(318, 33, '2020-12-01', 25),
	(319, 18, '1974-05-26', 100),
	(320, 71, '1986-06-30', 51),
	(321, 93, '1975-05-18', 68),
	(322, 14, '1991-09-22', 45),
	(323, 21, '1977-06-26', 12),
	(324, 81, '1999-01-26', 65),
	(325, 92, '2023-01-28', 88),
	(326, 50, '2003-10-04', 7),
	(327, 25, '1988-08-29', 93),
	(328, 91, '1970-08-03', 66),
	(329, 20, '1970-06-09', 35),
	(330, 1, '2018-09-26', 97),
	(331, 16, '1977-11-15', 81),
	(332, 39, '2023-05-07', 83),
	(333, 58, '2009-11-04', 18),
	(334, 68, '1996-04-04', 64),
	(335, 100, '1996-03-24', 85),
	(336, 8, '1977-05-08', 31),
	(337, 84, '1988-01-04', 68),
	(338, 37, '1978-06-19', 66),
	(339, 94, '2024-02-19', 29),
	(340, 97, '2005-06-09', 92),
	(341, 22, '2004-04-27', 26),
	(342, 82, '1978-01-14', 71),
	(343, 58, '1987-10-07', 8),
	(344, 90, '2007-04-29', 98),
	(345, 48, '2007-09-08', 58),
	(346, 78, '1992-01-17', 23),
	(347, 43, '1982-04-21', 67),
	(348, 4, '1995-01-03', 30),
	(349, 56, '2014-03-27', 51),
	(350, 32, '2012-01-20', 95),
	(351, 37, '1995-07-10', 66),
	(352, 45, '1999-11-12', 9),
	(353, 26, '1998-05-31', 95),
	(354, 52, '1988-12-12', 8),
	(355, 15, '1990-08-22', 28),
	(356, 82, '2013-02-09', 73),
	(357, 8, '2005-08-26', 87),
	(358, 20, '1988-07-30', 41),
	(359, 51, '2002-01-21', 9),
	(360, 5, '2000-12-23', 71),
	(361, 85, '1983-01-13', 46),
	(362, 7, '1999-04-03', 94),
	(363, 5, '2020-09-29', 98),
	(364, 53, '1999-05-04', 26),
	(365, 12, '2004-10-22', 90),
	(366, 46, '2018-05-20', 91),
	(367, 15, '2017-10-23', 48),
	(368, 16, '1988-02-25', 13),
	(369, 15, '2002-02-05', 5),
	(370, 25, '1970-02-22', 71),
	(371, 46, '2002-01-15', 42),
	(372, 92, '1990-12-25', 52),
	(373, 53, '1989-11-01', 51),
	(374, 94, '2010-08-06', 60),
	(375, 5, '2016-05-18', 47),
	(376, 43, '2008-12-04', 57),
	(377, 10, '2013-02-02', 92),
	(378, 11, '2001-12-25', 60),
	(379, 90, '1991-04-20', 64),
	(380, 9, '1987-06-11', 18),
	(381, 55, '2024-01-19', 58),
	(382, 9, '2006-05-11', 52),
	(383, 21, '1998-05-27', 66),
	(384, 7, '2017-04-18', 25),
	(385, 62, '1984-08-16', 74),
	(386, 37, '1980-11-26', 8),
	(387, 56, '1986-04-29', 51),
	(388, 24, '1999-04-03', 68),
	(389, 54, '1973-09-04', 6),
	(390, 89, '1972-05-21', 19),
	(391, 55, '1988-06-29', 71),
	(392, 45, '1989-11-22', 62),
	(393, 72, '2017-07-16', 53),
	(394, 17, '2023-04-14', 38),
	(395, 43, '1983-12-05', 63),
	(396, 60, '1974-09-26', 68),
	(397, 85, '1976-03-10', 88),
	(398, 93, '1992-11-10', 3),
	(399, 93, '1974-03-09', 4),
	(400, 15, '1994-07-26', 88);

-- Dumping structure for table api_ventas.compra_detalle
CREATE TABLE IF NOT EXISTS `compra_detalle` (
  `id` bigint(20) unsigned NOT NULL AUTO_INCREMENT,
  `producto_id` bigint(20) unsigned DEFAULT NULL,
  `compra_id` bigint(20) unsigned DEFAULT NULL,
  `cantidad` double DEFAULT NULL,
  `precio` double DEFAULT NULL,
  `subtotal` double DEFAULT NULL,
  PRIMARY KEY (`id`),
  KEY `compra_detalle_producto_id_foreign` (`producto_id`),
  KEY `compra_detalle_compra_id_foreign` (`compra_id`),
  CONSTRAINT `compra_detalle_compra_id_foreign` FOREIGN KEY (`compra_id`) REFERENCES `compras` (`id`),
  CONSTRAINT `compra_detalle_producto_id_foreign` FOREIGN KEY (`producto_id`) REFERENCES `productos` (`id`)
) ENGINE=InnoDB AUTO_INCREMENT=2187 DEFAULT CHARSET=utf8mb4 COLLATE=utf8mb4_unicode_ci;

-- Dumping data for table api_ventas.compra_detalle: ~2,149 rows (approximately)
DELETE FROM `compra_detalle`;
INSERT INTO `compra_detalle` (`id`, `producto_id`, `compra_id`, `cantidad`, `precio`, `subtotal`) VALUES
	(1, 35, 1, 21, 64, '1344'),
	(2, 40, 1, 21, 64, '1344'),
	(3, 126, 1, 21, 64, '1344'),
	(4, 248, 1, 21, 64, '1344'),
	(5, 308, 1, 21, 64, '1344'),
	(6, 340, 2, 48, 24, '1152'),
	(7, 379, 2, 48, 24, '1152'),
	(8, 30, 3, 48, 89, '4272'),
	(9, 370, 4, 63, 77, '4851'),
	(10, 48, 5, 88, 32, '2816'),
	(11, 83, 5, 88, 32, '2816'),
	(12, 103, 5, 88, 32, '2816'),
	(13, 165, 5, 88, 32, '2816'),
	(14, 280, 5, 88, 32, '2816'),
	(15, 336, 5, 88, 32, '2816'),
	(16, 44, 6, 94, 25, '2350'),
	(17, 71, 6, 94, 25, '2350'),
	(18, 102, 6, 94, 25, '2350'),
	(19, 138, 6, 94, 25, '2350'),
	(20, 253, 6, 94, 25, '2350'),
	(21, 352, 6, 94, 25, '2350'),
	(22, 389, 6, 94, 25, '2350'),
	(23, 190, 7, 16, 92, '1472'),
	(24, 201, 7, 16, 92, '1472'),
	(25, 317, 7, 16, 92, '1472'),
	(26, 191, 8, 62, 3, '186'),
	(27, 294, 8, 62, 3, '186'),
	(28, 327, 9, 49, 77, '3773'),
	(29, 58, 10, 75, 13, '975'),
	(30, 90, 10, 75, 13, '975'),
	(31, 103, 10, 75, 13, '975'),
	(32, 221, 10, 75, 13, '975'),
	(33, 233, 10, 75, 13, '975'),
	(34, 362, 10, 75, 13, '975'),
	(35, 393, 10, 75, 13, '975'),
	(36, 156, 11, 35, 72, '2520'),
	(37, 203, 11, 35, 72, '2520'),
	(38, 212, 11, 35, 72, '2520'),
	(39, 270, 11, 35, 72, '2520'),
	(40, 277, 11, 35, 72, '2520'),
	(41, 7, 12, 20, 24, '480'),
	(42, 88, 12, 20, 24, '480'),
	(43, 112, 12, 20, 24, '480'),
	(44, 163, 12, 20, 24, '480'),
	(45, 271, 12, 20, 24, '480'),
	(46, 277, 12, 20, 24, '480'),
	(47, 347, 12, 20, 24, '480'),
	(48, 391, 12, 20, 24, '480'),
	(49, 17, 13, 37, 14, '518'),
	(50, 60, 13, 37, 14, '518'),
	(51, 342, 13, 37, 14, '518'),
	(52, 351, 13, 37, 14, '518'),
	(53, 68, 14, 23, 74, '1702'),
	(54, 189, 14, 23, 74, '1702'),
	(55, 212, 14, 23, 74, '1702'),
	(56, 319, 14, 23, 74, '1702'),
	(57, 367, 14, 23, 74, '1702'),
	(58, 315, 15, 65, 92, '5980'),
	(59, 397, 15, 65, 92, '5980'),
	(60, 52, 16, 25, 41, '1025'),
	(61, 81, 16, 25, 41, '1025'),
	(62, 146, 16, 25, 41, '1025'),
	(63, 165, 16, 25, 41, '1025'),
	(64, 185, 16, 25, 41, '1025'),
	(65, 259, 16, 25, 41, '1025'),
	(66, 315, 16, 25, 41, '1025'),
	(67, 372, 16, 25, 41, '1025'),
	(68, 26, 17, 23, 25, '575'),
	(69, 66, 17, 23, 25, '575'),
	(70, 77, 17, 23, 25, '575'),
	(71, 251, 17, 23, 25, '575'),
	(72, 78, 18, 91, 93, '8463'),
	(73, 17, 19, 6, 97, '582'),
	(74, 210, 19, 6, 97, '582'),
	(75, 243, 19, 6, 97, '582'),
	(76, 361, 19, 6, 97, '582'),
	(77, 19, 20, 76, 35, '2660'),
	(78, 37, 20, 76, 35, '2660'),
	(79, 126, 20, 76, 35, '2660'),
	(80, 180, 20, 76, 35, '2660'),
	(81, 206, 20, 76, 35, '2660'),
	(82, 273, 20, 76, 35, '2660'),
	(83, 297, 20, 76, 35, '2660'),
	(84, 340, 20, 76, 35, '2660'),
	(85, 124, 21, 53, 75, '3975'),
	(86, 183, 21, 53, 75, '3975'),
	(87, 196, 21, 53, 75, '3975'),
	(88, 261, 21, 53, 75, '3975'),
	(89, 351, 21, 53, 75, '3975'),
	(90, 17, 22, 35, 10, '350'),
	(91, 268, 22, 35, 10, '350'),
	(92, 37, 23, 25, 18, '450'),
	(93, 18, 24, 61, 56, '3416'),
	(94, 64, 24, 61, 56, '3416'),
	(95, 77, 24, 61, 56, '3416'),
	(96, 89, 24, 61, 56, '3416'),
	(97, 116, 24, 61, 56, '3416'),
	(98, 132, 24, 61, 56, '3416'),
	(99, 136, 24, 61, 56, '3416'),
	(100, 247, 24, 61, 56, '3416'),
	(101, 324, 24, 61, 56, '3416'),
	(102, 332, 24, 61, 56, '3416'),
	(103, 299, 25, 61, 12, '732'),
	(104, 8, 26, 10, 66, '660'),
	(105, 42, 26, 10, 66, '660'),
	(106, 50, 26, 10, 66, '660'),
	(107, 85, 26, 10, 66, '660'),
	(108, 137, 26, 10, 66, '660'),
	(109, 211, 26, 10, 66, '660'),
	(110, 271, 26, 10, 66, '660'),
	(111, 300, 26, 10, 66, '660'),
	(112, 313, 26, 10, 66, '660'),
	(113, 397, 26, 10, 66, '660'),
	(114, 3, 27, 81, 4, '324'),
	(115, 187, 27, 81, 4, '324'),
	(116, 10, 28, 88, 60, '5280'),
	(117, 12, 28, 88, 60, '5280'),
	(118, 31, 28, 88, 60, '5280'),
	(119, 249, 28, 88, 60, '5280'),
	(120, 6, 29, 15, 80, '1200'),
	(121, 164, 29, 15, 80, '1200'),
	(122, 220, 29, 15, 80, '1200'),
	(123, 257, 29, 15, 80, '1200'),
	(124, 326, 29, 15, 80, '1200'),
	(125, 354, 29, 15, 80, '1200'),
	(126, 358, 29, 15, 80, '1200'),
	(127, 383, 29, 15, 80, '1200'),
	(128, 12, 30, 3, 18, '54'),
	(129, 101, 30, 3, 18, '54'),
	(130, 116, 30, 3, 18, '54'),
	(131, 121, 30, 3, 18, '54'),
	(132, 169, 30, 3, 18, '54'),
	(133, 218, 30, 3, 18, '54'),
	(134, 321, 30, 3, 18, '54'),
	(135, 345, 30, 3, 18, '54'),
	(136, 350, 30, 3, 18, '54'),
	(137, 62, 31, 45, 19, '855'),
	(138, 170, 31, 45, 19, '855'),
	(139, 187, 31, 45, 19, '855'),
	(140, 355, 31, 45, 19, '855'),
	(141, 12, 32, 40, 48, '1920'),
	(142, 56, 32, 40, 48, '1920'),
	(143, 262, 32, 40, 48, '1920'),
	(144, 275, 32, 40, 48, '1920'),
	(145, 296, 32, 40, 48, '1920'),
	(146, 308, 32, 40, 48, '1920'),
	(147, 311, 32, 40, 48, '1920'),
	(148, 342, 32, 40, 48, '1920'),
	(149, 357, 32, 40, 48, '1920'),
	(150, 360, 32, 40, 48, '1920'),
	(151, 45, 33, 95, 26, '2470'),
	(152, 46, 33, 95, 26, '2470'),
	(153, 286, 33, 95, 26, '2470'),
	(154, 381, 33, 95, 26, '2470'),
	(155, 394, 33, 95, 26, '2470'),
	(156, 93, 34, 30, 75, '2250'),
	(157, 152, 34, 30, 75, '2250'),
	(158, 213, 34, 30, 75, '2250'),
	(159, 233, 34, 30, 75, '2250'),
	(160, 239, 34, 30, 75, '2250'),
	(161, 286, 34, 30, 75, '2250'),
	(162, 307, 34, 30, 75, '2250'),
	(163, 359, 34, 30, 75, '2250'),
	(164, 379, 34, 30, 75, '2250'),
	(165, 79, 35, 14, 94, '1316'),
	(166, 151, 35, 14, 94, '1316'),
	(167, 193, 35, 14, 94, '1316'),
	(168, 199, 35, 14, 94, '1316'),
	(169, 254, 35, 14, 94, '1316'),
	(170, 278, 35, 14, 94, '1316'),
	(171, 346, 35, 14, 94, '1316'),
	(172, 360, 35, 14, 94, '1316'),
	(173, 5, 36, 79, 47, '3713'),
	(174, 49, 36, 79, 47, '3713'),
	(175, 104, 36, 79, 47, '3713'),
	(176, 141, 36, 79, 47, '3713'),
	(177, 152, 36, 79, 47, '3713'),
	(178, 196, 36, 79, 47, '3713'),
	(179, 242, 36, 79, 47, '3713'),
	(180, 340, 36, 79, 47, '3713'),
	(181, 354, 36, 79, 47, '3713'),
	(182, 359, 36, 79, 47, '3713'),
	(183, 110, 37, 94, 74, '6956'),
	(184, 382, 37, 94, 74, '6956'),
	(185, 65, 38, 67, 27, '1809'),
	(186, 70, 38, 67, 27, '1809'),
	(187, 286, 38, 67, 27, '1809'),
	(188, 321, 38, 67, 27, '1809'),
	(189, 95, 39, 30, 17, '510'),
	(190, 205, 39, 30, 17, '510'),
	(191, 271, 40, 94, 9, '846'),
	(192, 33, 41, 24, 24, '576'),
	(193, 141, 41, 24, 24, '576'),
	(194, 123, 42, 98, 81, '7938'),
	(195, 180, 42, 98, 81, '7938'),
	(196, 237, 42, 98, 81, '7938'),
	(197, 262, 42, 98, 81, '7938'),
	(198, 238, 43, 44, 49, '2156'),
	(199, 284, 43, 44, 49, '2156'),
	(200, 22, 44, 11, 27, '297'),
	(201, 42, 44, 11, 27, '297'),
	(202, 18, 45, 47, 60, '2820'),
	(203, 25, 45, 47, 60, '2820'),
	(204, 86, 45, 47, 60, '2820'),
	(205, 342, 45, 47, 60, '2820'),
	(206, 121, 46, 94, 98, '9212'),
	(207, 321, 46, 94, 98, '9212'),
	(208, 300, 47, 25, 35, '875'),
	(209, 362, 47, 25, 35, '875'),
	(210, 21, 48, 5, 24, '120'),
	(211, 67, 48, 5, 24, '120'),
	(212, 188, 48, 5, 24, '120'),
	(213, 280, 48, 5, 24, '120'),
	(214, 343, 48, 5, 24, '120'),
	(215, 24, 49, 94, 5, '470'),
	(216, 112, 49, 94, 5, '470'),
	(217, 163, 49, 94, 5, '470'),
	(218, 234, 49, 94, 5, '470'),
	(219, 348, 49, 94, 5, '470'),
	(220, 373, 49, 94, 5, '470'),
	(221, 87, 50, 55, 85, '4675'),
	(222, 304, 50, 55, 85, '4675'),
	(223, 340, 50, 55, 85, '4675'),
	(224, 394, 50, 55, 85, '4675'),
	(225, 19, 51, 85, 58, '4930'),
	(226, 66, 51, 85, 58, '4930'),
	(227, 77, 51, 85, 58, '4930'),
	(228, 185, 51, 85, 58, '4930'),
	(229, 138, 52, 96, 40, '3840'),
	(230, 301, 52, 96, 40, '3840'),
	(231, 334, 52, 96, 40, '3840'),
	(232, 236, 53, 87, 94, '8178'),
	(233, 247, 53, 87, 94, '8178'),
	(234, 334, 53, 87, 94, '8178'),
	(235, 339, 53, 87, 94, '8178'),
	(236, 384, 53, 87, 94, '8178'),
	(237, 79, 54, 63, 75, '4725'),
	(238, 193, 55, 28, 34, '952'),
	(239, 284, 55, 28, 34, '952'),
	(240, 29, 56, 21, 38, '798'),
	(241, 120, 56, 21, 38, '798'),
	(242, 142, 56, 21, 38, '798'),
	(243, 156, 56, 21, 38, '798'),
	(244, 215, 56, 21, 38, '798'),
	(245, 260, 56, 21, 38, '798'),
	(246, 21, 57, 12, 55, '660'),
	(247, 262, 57, 12, 55, '660'),
	(248, 265, 57, 12, 55, '660'),
	(249, 300, 57, 12, 55, '660'),
	(250, 368, 57, 12, 55, '660'),
	(251, 8, 58, 90, 4, '360'),
	(252, 27, 58, 90, 4, '360'),
	(253, 38, 58, 90, 4, '360'),
	(254, 124, 58, 90, 4, '360'),
	(255, 201, 58, 90, 4, '360'),
	(256, 207, 58, 90, 4, '360'),
	(257, 278, 58, 90, 4, '360'),
	(258, 370, 58, 90, 4, '360'),
	(259, 385, 58, 90, 4, '360'),
	(260, 45, 59, 54, 28, '1512'),
	(261, 136, 59, 54, 28, '1512'),
	(262, 137, 59, 54, 28, '1512'),
	(263, 256, 59, 54, 28, '1512'),
	(264, 271, 59, 54, 28, '1512'),
	(265, 287, 59, 54, 28, '1512'),
	(266, 288, 59, 54, 28, '1512'),
	(267, 306, 59, 54, 28, '1512'),
	(268, 341, 59, 54, 28, '1512'),
	(269, 370, 59, 54, 28, '1512'),
	(270, 10, 60, 14, 62, '868'),
	(271, 14, 60, 14, 62, '868'),
	(272, 172, 60, 14, 62, '868'),
	(273, 226, 60, 14, 62, '868'),
	(274, 294, 60, 14, 62, '868'),
	(275, 334, 60, 14, 62, '868'),
	(276, 379, 60, 14, 62, '868'),
	(277, 120, 61, 18, 35, '630'),
	(278, 8, 62, 17, 12, '204'),
	(279, 30, 62, 17, 12, '204'),
	(280, 64, 62, 17, 12, '204'),
	(281, 116, 62, 17, 12, '204'),
	(282, 132, 62, 17, 12, '204'),
	(283, 295, 62, 17, 12, '204'),
	(284, 340, 62, 17, 12, '204'),
	(285, 27, 63, 40, 59, '2360'),
	(286, 34, 63, 40, 59, '2360'),
	(287, 62, 63, 40, 59, '2360'),
	(288, 127, 63, 40, 59, '2360'),
	(289, 262, 63, 40, 59, '2360'),
	(290, 276, 63, 40, 59, '2360'),
	(291, 371, 63, 40, 59, '2360'),
	(292, 374, 63, 40, 59, '2360'),
	(293, 386, 63, 40, 59, '2360'),
	(294, 88, 64, 92, 82, '7544'),
	(295, 223, 64, 92, 82, '7544'),
	(296, 307, 64, 92, 82, '7544'),
	(297, 308, 64, 92, 82, '7544'),
	(298, 359, 64, 92, 82, '7544'),
	(299, 367, 64, 92, 82, '7544'),
	(300, 28, 65, 27, 27, '729'),
	(301, 73, 65, 27, 27, '729'),
	(302, 152, 65, 27, 27, '729'),
	(303, 235, 65, 27, 27, '729'),
	(304, 257, 65, 27, 27, '729'),
	(305, 277, 65, 27, 27, '729'),
	(306, 296, 65, 27, 27, '729'),
	(307, 68, 66, 49, 43, '2107'),
	(308, 108, 66, 49, 43, '2107'),
	(309, 145, 66, 49, 43, '2107'),
	(310, 161, 66, 49, 43, '2107'),
	(311, 253, 66, 49, 43, '2107'),
	(312, 383, 66, 49, 43, '2107'),
	(313, 250, 67, 12, 91, '1092'),
	(314, 14, 68, 52, 90, '4680'),
	(315, 18, 68, 52, 90, '4680'),
	(316, 78, 68, 52, 90, '4680'),
	(317, 172, 68, 52, 90, '4680'),
	(318, 202, 68, 52, 90, '4680'),
	(319, 257, 68, 52, 90, '4680'),
	(320, 310, 68, 52, 90, '4680'),
	(321, 335, 68, 52, 90, '4680'),
	(322, 61, 69, 38, 95, '3610'),
	(323, 170, 69, 38, 95, '3610'),
	(324, 240, 69, 38, 95, '3610'),
	(325, 297, 69, 38, 95, '3610'),
	(326, 386, 69, 38, 95, '3610'),
	(327, 24, 70, 99, 58, '5742'),
	(328, 95, 70, 99, 58, '5742'),
	(329, 130, 70, 99, 58, '5742'),
	(330, 319, 70, 99, 58, '5742'),
	(331, 16, 71, 90, 15, '1350'),
	(332, 131, 71, 90, 15, '1350'),
	(333, 151, 71, 90, 15, '1350'),
	(334, 222, 71, 90, 15, '1350'),
	(335, 250, 71, 90, 15, '1350'),
	(336, 337, 71, 90, 15, '1350'),
	(337, 377, 71, 90, 15, '1350'),
	(338, 381, 71, 90, 15, '1350'),
	(339, 28, 72, 26, 18, '468'),
	(340, 41, 72, 26, 18, '468'),
	(341, 56, 72, 26, 18, '468'),
	(342, 113, 72, 26, 18, '468'),
	(343, 124, 72, 26, 18, '468'),
	(344, 140, 72, 26, 18, '468'),
	(345, 201, 72, 26, 18, '468'),
	(346, 241, 72, 26, 18, '468'),
	(347, 252, 72, 26, 18, '468'),
	(348, 285, 72, 26, 18, '468'),
	(349, 29, 73, 29, 48, '1392'),
	(350, 39, 73, 29, 48, '1392'),
	(351, 100, 73, 29, 48, '1392'),
	(352, 285, 73, 29, 48, '1392'),
	(353, 322, 73, 29, 48, '1392'),
	(354, 344, 73, 29, 48, '1392'),
	(355, 19, 74, 95, 38, '3610'),
	(356, 330, 74, 95, 38, '3610'),
	(357, 344, 74, 95, 38, '3610'),
	(358, 363, 74, 95, 38, '3610'),
	(359, 196, 75, 28, 64, '1792'),
	(360, 200, 75, 28, 64, '1792'),
	(361, 292, 75, 28, 64, '1792'),
	(362, 398, 75, 28, 64, '1792'),
	(363, 1, 76, 81, 25, '2025'),
	(364, 36, 76, 81, 25, '2025'),
	(365, 54, 76, 81, 25, '2025'),
	(366, 66, 76, 81, 25, '2025'),
	(367, 217, 76, 81, 25, '2025'),
	(368, 270, 76, 81, 25, '2025'),
	(369, 305, 76, 81, 25, '2025'),
	(370, 345, 76, 81, 25, '2025'),
	(371, 346, 77, 21, 58, '1218'),
	(372, 156, 78, 18, 66, '1188'),
	(373, 275, 78, 18, 66, '1188'),
	(374, 56, 79, 8, 31, '248'),
	(375, 63, 79, 8, 31, '248'),
	(376, 92, 79, 8, 31, '248'),
	(377, 94, 79, 8, 31, '248'),
	(378, 115, 79, 8, 31, '248'),
	(379, 204, 79, 8, 31, '248'),
	(380, 214, 79, 8, 31, '248'),
	(381, 1, 80, 22, 50, '1100'),
	(382, 18, 80, 22, 50, '1100'),
	(383, 97, 80, 22, 50, '1100'),
	(384, 158, 80, 22, 50, '1100'),
	(385, 168, 80, 22, 50, '1100'),
	(386, 177, 80, 22, 50, '1100'),
	(387, 299, 80, 22, 50, '1100'),
	(388, 40, 81, 52, 2, '104'),
	(389, 75, 81, 52, 2, '104'),
	(390, 101, 81, 52, 2, '104'),
	(391, 118, 81, 52, 2, '104'),
	(392, 141, 81, 52, 2, '104'),
	(393, 151, 81, 52, 2, '104'),
	(394, 184, 81, 52, 2, '104'),
	(395, 210, 81, 52, 2, '104'),
	(396, 364, 81, 52, 2, '104'),
	(397, 27, 82, 55, 55, '3025'),
	(398, 119, 82, 55, 55, '3025'),
	(399, 190, 82, 55, 55, '3025'),
	(400, 198, 82, 55, 55, '3025'),
	(401, 256, 82, 55, 55, '3025'),
	(402, 135, 83, 12, 59, '708'),
	(403, 220, 83, 12, 59, '708'),
	(404, 399, 83, 12, 59, '708'),
	(405, 18, 84, 27, 85, '2295'),
	(406, 21, 84, 27, 85, '2295'),
	(407, 215, 84, 27, 85, '2295'),
	(408, 245, 84, 27, 85, '2295'),
	(409, 91, 85, 19, 69, '1311'),
	(410, 148, 85, 19, 69, '1311'),
	(411, 302, 85, 19, 69, '1311'),
	(412, 161, 86, 26, 95, '2470'),
	(413, 171, 86, 26, 95, '2470'),
	(414, 174, 86, 26, 95, '2470'),
	(415, 181, 86, 26, 95, '2470'),
	(416, 210, 86, 26, 95, '2470'),
	(417, 101, 87, 16, 11, '176'),
	(418, 217, 87, 16, 11, '176'),
	(419, 231, 87, 16, 11, '176'),
	(420, 348, 88, 10, 43, '430'),
	(421, 378, 88, 10, 43, '430'),
	(422, 46, 89, 85, 51, '4335'),
	(423, 91, 90, 90, 48, '4320'),
	(424, 121, 90, 90, 48, '4320'),
	(425, 168, 90, 90, 48, '4320'),
	(426, 213, 90, 90, 48, '4320'),
	(427, 274, 90, 90, 48, '4320'),
	(428, 293, 90, 90, 48, '4320'),
	(429, 339, 90, 90, 48, '4320'),
	(430, 380, 90, 90, 48, '4320'),
	(431, 19, 91, 98, 82, '8036'),
	(432, 22, 91, 98, 82, '8036'),
	(433, 166, 91, 98, 82, '8036'),
	(434, 168, 91, 98, 82, '8036'),
	(435, 293, 91, 98, 82, '8036'),
	(436, 44, 92, 35, 61, '2135'),
	(437, 77, 92, 35, 61, '2135'),
	(438, 122, 92, 35, 61, '2135'),
	(439, 53, 93, 21, 62, '1302'),
	(440, 57, 93, 21, 62, '1302'),
	(441, 93, 93, 21, 62, '1302'),
	(442, 97, 93, 21, 62, '1302'),
	(443, 316, 93, 21, 62, '1302'),
	(444, 180, 94, 90, 25, '2250'),
	(445, 246, 94, 90, 25, '2250'),
	(446, 369, 94, 90, 25, '2250'),
	(447, 67, 95, 45, 4, '180'),
	(448, 69, 95, 45, 4, '180'),
	(449, 94, 95, 45, 4, '180'),
	(450, 103, 95, 45, 4, '180'),
	(451, 120, 95, 45, 4, '180'),
	(452, 188, 95, 45, 4, '180'),
	(453, 318, 95, 45, 4, '180'),
	(454, 350, 95, 45, 4, '180'),
	(455, 397, 95, 45, 4, '180'),
	(456, 36, 96, 85, 39, '3315'),
	(457, 42, 96, 85, 39, '3315'),
	(458, 48, 96, 85, 39, '3315'),
	(459, 155, 96, 85, 39, '3315'),
	(460, 170, 96, 85, 39, '3315'),
	(461, 265, 96, 85, 39, '3315'),
	(462, 269, 96, 85, 39, '3315'),
	(463, 299, 96, 85, 39, '3315'),
	(464, 62, 97, 5, 28, '140'),
	(465, 70, 97, 5, 28, '140'),
	(466, 121, 97, 5, 28, '140'),
	(467, 213, 97, 5, 28, '140'),
	(468, 47, 98, 6, 29, '174'),
	(469, 78, 98, 6, 29, '174'),
	(470, 240, 98, 6, 29, '174'),
	(471, 366, 98, 6, 29, '174'),
	(472, 369, 98, 6, 29, '174'),
	(473, 394, 98, 6, 29, '174'),
	(474, 37, 99, 46, 23, '1058'),
	(475, 133, 99, 46, 23, '1058'),
	(476, 141, 99, 46, 23, '1058'),
	(477, 250, 99, 46, 23, '1058'),
	(478, 280, 99, 46, 23, '1058'),
	(479, 111, 100, 12, 47, '564'),
	(480, 152, 101, 2, 22, '44'),
	(481, 44, 102, 97, 97, '9409'),
	(482, 237, 102, 97, 97, '9409'),
	(483, 305, 102, 97, 97, '9409'),
	(484, 393, 102, 97, 97, '9409'),
	(485, 12, 103, 2, 70, '140'),
	(486, 140, 103, 2, 70, '140'),
	(487, 3, 104, 89, 10, '890'),
	(488, 35, 104, 89, 10, '890'),
	(489, 126, 104, 89, 10, '890'),
	(490, 193, 104, 89, 10, '890'),
	(491, 238, 104, 89, 10, '890'),
	(492, 304, 104, 89, 10, '890'),
	(493, 354, 104, 89, 10, '890'),
	(494, 392, 104, 89, 10, '890'),
	(495, 313, 105, 8, 4, '32'),
	(496, 353, 105, 8, 4, '32'),
	(497, 118, 106, 67, 17, '1139'),
	(498, 285, 106, 67, 17, '1139'),
	(499, 54, 107, 49, 8, '392'),
	(500, 56, 107, 49, 8, '392'),
	(501, 65, 107, 49, 8, '392'),
	(502, 138, 107, 49, 8, '392'),
	(503, 158, 107, 49, 8, '392'),
	(504, 166, 107, 49, 8, '392'),
	(505, 247, 107, 49, 8, '392'),
	(506, 396, 107, 49, 8, '392'),
	(507, 151, 108, 97, 74, '7178'),
	(508, 214, 108, 97, 74, '7178'),
	(509, 302, 108, 97, 74, '7178'),
	(510, 358, 108, 97, 74, '7178'),
	(511, 13, 109, 32, 4, '128'),
	(512, 78, 109, 32, 4, '128'),
	(513, 84, 109, 32, 4, '128'),
	(514, 210, 109, 32, 4, '128'),
	(515, 48, 110, 21, 97, '2037'),
	(516, 392, 110, 21, 97, '2037'),
	(517, 36, 111, 16, 85, '1360'),
	(518, 89, 111, 16, 85, '1360'),
	(519, 120, 111, 16, 85, '1360'),
	(520, 149, 111, 16, 85, '1360'),
	(521, 253, 111, 16, 85, '1360'),
	(522, 265, 111, 16, 85, '1360'),
	(523, 290, 111, 16, 85, '1360'),
	(524, 324, 112, 8, 4, '32'),
	(525, 238, 113, 61, 43, '2623'),
	(526, 55, 114, 30, 9, '270'),
	(527, 219, 114, 30, 9, '270'),
	(528, 288, 114, 30, 9, '270'),
	(529, 34, 115, 82, 99, '8118'),
	(530, 117, 115, 82, 99, '8118'),
	(531, 385, 115, 82, 99, '8118'),
	(532, 196, 116, 72, 23, '1656'),
	(533, 305, 116, 72, 23, '1656'),
	(534, 53, 117, 70, 1, '70'),
	(535, 234, 117, 70, 1, '70'),
	(536, 250, 117, 70, 1, '70'),
	(537, 283, 117, 70, 1, '70'),
	(538, 313, 117, 70, 1, '70'),
	(539, 356, 117, 70, 1, '70'),
	(540, 386, 117, 70, 1, '70'),
	(541, 56, 118, 41, 88, '3608'),
	(542, 66, 118, 41, 88, '3608'),
	(543, 317, 118, 41, 88, '3608'),
	(544, 357, 118, 41, 88, '3608'),
	(545, 3, 119, 68, 29, '1972'),
	(546, 60, 119, 68, 29, '1972'),
	(547, 75, 119, 68, 29, '1972'),
	(548, 192, 119, 68, 29, '1972'),
	(549, 252, 119, 68, 29, '1972'),
	(550, 289, 119, 68, 29, '1972'),
	(551, 338, 119, 68, 29, '1972'),
	(552, 76, 120, 44, 77, '3388'),
	(553, 145, 120, 44, 77, '3388'),
	(554, 149, 120, 44, 77, '3388'),
	(555, 271, 120, 44, 77, '3388'),
	(556, 288, 120, 44, 77, '3388'),
	(557, 311, 120, 44, 77, '3388'),
	(558, 390, 120, 44, 77, '3388'),
	(559, 393, 120, 44, 77, '3388'),
	(560, 56, 121, 46, 99, '4554'),
	(561, 64, 121, 46, 99, '4554'),
	(562, 98, 121, 46, 99, '4554'),
	(563, 114, 121, 46, 99, '4554'),
	(564, 121, 121, 46, 99, '4554'),
	(565, 133, 121, 46, 99, '4554'),
	(566, 161, 121, 46, 99, '4554'),
	(567, 275, 121, 46, 99, '4554'),
	(568, 280, 121, 46, 99, '4554'),
	(569, 40, 122, 46, 16, '736'),
	(570, 172, 122, 46, 16, '736'),
	(571, 183, 122, 46, 16, '736'),
	(572, 218, 122, 46, 16, '736'),
	(573, 317, 122, 46, 16, '736'),
	(574, 349, 122, 46, 16, '736'),
	(575, 351, 122, 46, 16, '736'),
	(576, 9, 123, 91, 30, '2730'),
	(577, 32, 123, 91, 30, '2730'),
	(578, 71, 123, 91, 30, '2730'),
	(579, 86, 123, 91, 30, '2730'),
	(580, 87, 123, 91, 30, '2730'),
	(581, 91, 123, 91, 30, '2730'),
	(582, 119, 123, 91, 30, '2730'),
	(583, 189, 123, 91, 30, '2730'),
	(584, 398, 123, 91, 30, '2730'),
	(585, 71, 124, 35, 58, '2030'),
	(586, 107, 124, 35, 58, '2030'),
	(587, 163, 124, 35, 58, '2030'),
	(588, 170, 124, 35, 58, '2030'),
	(589, 239, 124, 35, 58, '2030'),
	(590, 263, 124, 35, 58, '2030'),
	(591, 268, 124, 35, 58, '2030'),
	(592, 330, 124, 35, 58, '2030'),
	(593, 353, 124, 35, 58, '2030'),
	(594, 35, 125, 55, 11, '605'),
	(595, 75, 125, 55, 11, '605'),
	(596, 178, 125, 55, 11, '605'),
	(597, 282, 125, 55, 11, '605'),
	(598, 338, 125, 55, 11, '605'),
	(599, 150, 126, 76, 41, '3116'),
	(600, 191, 126, 76, 41, '3116'),
	(601, 393, 126, 76, 41, '3116'),
	(602, 100, 127, 90, 54, '4860'),
	(603, 102, 127, 90, 54, '4860'),
	(604, 126, 127, 90, 54, '4860'),
	(605, 139, 127, 90, 54, '4860'),
	(606, 140, 127, 90, 54, '4860'),
	(607, 199, 127, 90, 54, '4860'),
	(608, 287, 127, 90, 54, '4860'),
	(609, 330, 127, 90, 54, '4860'),
	(610, 344, 127, 90, 54, '4860'),
	(611, 364, 127, 90, 54, '4860'),
	(612, 166, 128, 53, 32, '1696'),
	(613, 176, 128, 53, 32, '1696'),
	(614, 61, 129, 41, 87, '3567'),
	(615, 74, 129, 41, 87, '3567'),
	(616, 75, 129, 41, 87, '3567'),
	(617, 217, 129, 41, 87, '3567'),
	(618, 273, 129, 41, 87, '3567'),
	(619, 350, 129, 41, 87, '3567'),
	(620, 374, 129, 41, 87, '3567'),
	(621, 92, 130, 100, 10, '1000'),
	(622, 99, 130, 100, 10, '1000'),
	(623, 232, 130, 100, 10, '1000'),
	(624, 249, 130, 100, 10, '1000'),
	(625, 286, 130, 100, 10, '1000'),
	(626, 305, 131, 59, 72, '4248'),
	(627, 36, 132, 98, 49, '4802'),
	(628, 103, 132, 98, 49, '4802'),
	(629, 203, 132, 98, 49, '4802'),
	(630, 236, 132, 98, 49, '4802'),
	(631, 299, 132, 98, 49, '4802'),
	(632, 41, 133, 39, 47, '1833'),
	(633, 243, 133, 39, 47, '1833'),
	(634, 394, 133, 39, 47, '1833'),
	(635, 5, 134, 57, 35, '1995'),
	(636, 37, 134, 57, 35, '1995'),
	(637, 55, 134, 57, 35, '1995'),
	(638, 96, 134, 57, 35, '1995'),
	(639, 159, 134, 57, 35, '1995'),
	(640, 179, 134, 57, 35, '1995'),
	(641, 339, 134, 57, 35, '1995'),
	(642, 10, 135, 2, 85, '170'),
	(643, 37, 135, 2, 85, '170'),
	(644, 64, 135, 2, 85, '170'),
	(645, 90, 135, 2, 85, '170'),
	(646, 92, 135, 2, 85, '170'),
	(647, 95, 135, 2, 85, '170'),
	(648, 109, 135, 2, 85, '170'),
	(649, 195, 135, 2, 85, '170'),
	(650, 269, 135, 2, 85, '170'),
	(651, 80, 136, 21, 32, '672'),
	(652, 87, 136, 21, 32, '672'),
	(653, 144, 136, 21, 32, '672'),
	(654, 209, 136, 21, 32, '672'),
	(655, 237, 136, 21, 32, '672'),
	(656, 333, 136, 21, 32, '672'),
	(657, 339, 136, 21, 32, '672'),
	(658, 361, 136, 21, 32, '672'),
	(659, 372, 136, 21, 32, '672'),
	(660, 11, 137, 89, 18, '1602'),
	(661, 63, 137, 89, 18, '1602'),
	(662, 196, 137, 89, 18, '1602'),
	(663, 213, 137, 89, 18, '1602'),
	(664, 277, 137, 89, 18, '1602'),
	(665, 279, 137, 89, 18, '1602'),
	(666, 285, 137, 89, 18, '1602'),
	(667, 363, 137, 89, 18, '1602'),
	(668, 29, 138, 34, 90, '3060'),
	(669, 100, 138, 34, 90, '3060'),
	(670, 113, 138, 34, 90, '3060'),
	(671, 157, 138, 34, 90, '3060'),
	(672, 231, 138, 34, 90, '3060'),
	(673, 243, 138, 34, 90, '3060'),
	(674, 308, 138, 34, 90, '3060'),
	(675, 21, 139, 28, 57, '1596'),
	(676, 110, 139, 28, 57, '1596'),
	(677, 168, 139, 28, 57, '1596'),
	(678, 175, 139, 28, 57, '1596'),
	(679, 183, 139, 28, 57, '1596'),
	(680, 216, 139, 28, 57, '1596'),
	(681, 6, 140, 79, 64, '5056'),
	(682, 161, 140, 79, 64, '5056'),
	(683, 169, 140, 79, 64, '5056'),
	(684, 207, 140, 79, 64, '5056'),
	(685, 380, 140, 79, 64, '5056'),
	(686, 391, 140, 79, 64, '5056'),
	(687, 14, 141, 38, 83, '3154'),
	(688, 62, 141, 38, 83, '3154'),
	(689, 93, 141, 38, 83, '3154'),
	(690, 209, 141, 38, 83, '3154'),
	(691, 284, 141, 38, 83, '3154'),
	(692, 292, 141, 38, 83, '3154'),
	(693, 333, 141, 38, 83, '3154'),
	(694, 22, 142, 87, 93, '8091'),
	(695, 70, 142, 87, 93, '8091'),
	(696, 84, 142, 87, 93, '8091'),
	(697, 87, 142, 87, 93, '8091'),
	(698, 112, 142, 87, 93, '8091'),
	(699, 207, 142, 87, 93, '8091'),
	(700, 283, 142, 87, 93, '8091'),
	(701, 400, 142, 87, 93, '8091'),
	(702, 242, 143, 13, 33, '429'),
	(703, 350, 143, 13, 33, '429'),
	(704, 398, 143, 13, 33, '429'),
	(705, 18, 144, 43, 32, '1376'),
	(706, 143, 144, 43, 32, '1376'),
	(707, 226, 144, 43, 32, '1376'),
	(708, 86, 145, 18, 57, '1026'),
	(709, 129, 145, 18, 57, '1026'),
	(710, 369, 145, 18, 57, '1026'),
	(711, 396, 145, 18, 57, '1026'),
	(712, 183, 146, 21, 20, '420'),
	(713, 241, 146, 21, 20, '420'),
	(714, 58, 147, 24, 38, '912'),
	(715, 133, 147, 24, 38, '912'),
	(716, 321, 147, 24, 38, '912'),
	(717, 32, 148, 10, 71, '710'),
	(718, 69, 148, 10, 71, '710'),
	(719, 355, 148, 10, 71, '710'),
	(720, 62, 149, 38, 16, '608'),
	(721, 193, 149, 38, 16, '608'),
	(722, 175, 150, 33, 80, '2640'),
	(723, 268, 150, 33, 80, '2640'),
	(724, 138, 151, 33, 12, '396'),
	(725, 328, 151, 33, 12, '396'),
	(726, 391, 151, 33, 12, '396'),
	(727, 123, 152, 30, 87, '2610'),
	(728, 152, 152, 30, 87, '2610'),
	(729, 167, 152, 30, 87, '2610'),
	(730, 192, 152, 30, 87, '2610'),
	(731, 327, 152, 30, 87, '2610'),
	(732, 366, 152, 30, 87, '2610'),
	(733, 110, 153, 27, 8, '216'),
	(734, 145, 153, 27, 8, '216'),
	(735, 212, 153, 27, 8, '216'),
	(736, 229, 153, 27, 8, '216'),
	(737, 238, 153, 27, 8, '216'),
	(738, 242, 153, 27, 8, '216'),
	(739, 299, 153, 27, 8, '216'),
	(740, 316, 153, 27, 8, '216'),
	(741, 338, 153, 27, 8, '216'),
	(742, 383, 153, 27, 8, '216'),
	(743, 31, 154, 92, 61, '5612'),
	(744, 36, 154, 92, 61, '5612'),
	(745, 47, 154, 92, 61, '5612'),
	(746, 56, 154, 92, 61, '5612'),
	(747, 123, 155, 80, 41, '3280'),
	(748, 125, 155, 80, 41, '3280'),
	(749, 229, 155, 80, 41, '3280'),
	(750, 310, 155, 80, 41, '3280'),
	(751, 59, 156, 84, 28, '2352'),
	(752, 167, 156, 84, 28, '2352'),
	(753, 194, 156, 84, 28, '2352'),
	(754, 356, 156, 84, 28, '2352'),
	(755, 70, 157, 18, 9, '162'),
	(756, 93, 157, 18, 9, '162'),
	(757, 115, 157, 18, 9, '162'),
	(758, 138, 157, 18, 9, '162'),
	(759, 229, 157, 18, 9, '162'),
	(760, 239, 157, 18, 9, '162'),
	(761, 291, 157, 18, 9, '162'),
	(762, 346, 157, 18, 9, '162'),
	(763, 359, 157, 18, 9, '162'),
	(764, 381, 157, 18, 9, '162'),
	(765, 8, 158, 69, 49, '3381'),
	(766, 139, 158, 69, 49, '3381'),
	(767, 170, 158, 69, 49, '3381'),
	(768, 223, 158, 69, 49, '3381'),
	(769, 357, 158, 69, 49, '3381'),
	(770, 363, 158, 69, 49, '3381'),
	(771, 380, 158, 69, 49, '3381'),
	(772, 54, 159, 14, 29, '406'),
	(773, 175, 159, 14, 29, '406'),
	(774, 194, 159, 14, 29, '406'),
	(775, 202, 159, 14, 29, '406'),
	(776, 229, 159, 14, 29, '406'),
	(777, 367, 159, 14, 29, '406'),
	(778, 380, 159, 14, 29, '406'),
	(779, 375, 160, 96, 14, '1344'),
	(780, 150, 161, 57, 2, '114'),
	(781, 81, 162, 94, 51, '4794'),
	(782, 87, 162, 94, 51, '4794'),
	(783, 179, 162, 94, 51, '4794'),
	(784, 203, 162, 94, 51, '4794'),
	(785, 79, 163, 25, 18, '450'),
	(786, 165, 163, 25, 18, '450'),
	(787, 356, 163, 25, 18, '450'),
	(788, 58, 164, 77, 58, '4466'),
	(789, 186, 164, 77, 58, '4466'),
	(790, 266, 164, 77, 58, '4466'),
	(791, 310, 164, 77, 58, '4466'),
	(792, 335, 164, 77, 58, '4466'),
	(793, 382, 164, 77, 58, '4466'),
	(794, 17, 165, 47, 87, '4089'),
	(795, 209, 165, 47, 87, '4089'),
	(796, 221, 165, 47, 87, '4089'),
	(797, 252, 165, 47, 87, '4089'),
	(798, 273, 165, 47, 87, '4089'),
	(799, 322, 165, 47, 87, '4089'),
	(800, 342, 165, 47, 87, '4089'),
	(801, 393, 165, 47, 87, '4089'),
	(802, 10, 166, 35, 82, '2870'),
	(803, 41, 166, 35, 82, '2870'),
	(804, 171, 166, 35, 82, '2870'),
	(805, 188, 166, 35, 82, '2870'),
	(806, 209, 166, 35, 82, '2870'),
	(807, 273, 166, 35, 82, '2870'),
	(808, 50, 167, 45, 78, '3510'),
	(809, 72, 167, 45, 78, '3510'),
	(810, 131, 167, 45, 78, '3510'),
	(811, 150, 167, 45, 78, '3510'),
	(812, 202, 167, 45, 78, '3510'),
	(813, 207, 167, 45, 78, '3510'),
	(814, 276, 167, 45, 78, '3510'),
	(815, 315, 167, 45, 78, '3510'),
	(816, 336, 167, 45, 78, '3510'),
	(817, 2, 168, 24, 31, '744'),
	(818, 6, 168, 24, 31, '744'),
	(819, 47, 168, 24, 31, '744'),
	(820, 67, 168, 24, 31, '744'),
	(821, 73, 168, 24, 31, '744'),
	(822, 124, 168, 24, 31, '744'),
	(823, 139, 168, 24, 31, '744'),
	(824, 179, 168, 24, 31, '744'),
	(825, 244, 168, 24, 31, '744'),
	(826, 252, 168, 24, 31, '744'),
	(827, 54, 169, 29, 90, '2610'),
	(828, 207, 169, 29, 90, '2610'),
	(829, 135, 170, 69, 79, '5451'),
	(830, 225, 170, 69, 79, '5451'),
	(831, 349, 170, 69, 79, '5451'),
	(832, 380, 170, 69, 79, '5451'),
	(833, 391, 170, 69, 79, '5451'),
	(834, 2, 171, 91, 50, '4550'),
	(835, 7, 171, 91, 50, '4550'),
	(836, 136, 171, 91, 50, '4550'),
	(837, 152, 171, 91, 50, '4550'),
	(838, 158, 171, 91, 50, '4550'),
	(839, 249, 171, 91, 50, '4550'),
	(840, 317, 171, 91, 50, '4550'),
	(841, 337, 171, 91, 50, '4550'),
	(842, 374, 171, 91, 50, '4550'),
	(843, 376, 171, 91, 50, '4550'),
	(844, 7, 172, 60, 44, '2640'),
	(845, 285, 172, 60, 44, '2640'),
	(846, 32, 173, 4, 46, '184'),
	(847, 37, 173, 4, 46, '184'),
	(848, 243, 173, 4, 46, '184'),
	(849, 17, 174, 79, 47, '3713'),
	(850, 107, 174, 79, 47, '3713'),
	(851, 118, 174, 79, 47, '3713'),
	(852, 121, 174, 79, 47, '3713'),
	(853, 299, 174, 79, 47, '3713'),
	(854, 26, 175, 78, 88, '6864'),
	(855, 88, 175, 78, 88, '6864'),
	(856, 172, 175, 78, 88, '6864'),
	(857, 229, 175, 78, 88, '6864'),
	(858, 243, 175, 78, 88, '6864'),
	(859, 257, 175, 78, 88, '6864'),
	(860, 380, 175, 78, 88, '6864'),
	(861, 2, 176, 37, 73, '2701'),
	(862, 56, 176, 37, 73, '2701'),
	(863, 95, 176, 37, 73, '2701'),
	(864, 199, 176, 37, 73, '2701'),
	(865, 248, 176, 37, 73, '2701'),
	(866, 264, 176, 37, 73, '2701'),
	(867, 310, 176, 37, 73, '2701'),
	(868, 383, 176, 37, 73, '2701'),
	(869, 46, 177, 37, 73, '2701'),
	(870, 174, 177, 37, 73, '2701'),
	(871, 284, 177, 37, 73, '2701'),
	(872, 394, 177, 37, 73, '2701'),
	(873, 44, 178, 28, 85, '2380'),
	(874, 52, 178, 28, 85, '2380'),
	(875, 93, 178, 28, 85, '2380'),
	(876, 135, 178, 28, 85, '2380'),
	(877, 210, 178, 28, 85, '2380'),
	(878, 263, 178, 28, 85, '2380'),
	(879, 321, 178, 28, 85, '2380'),
	(880, 13, 179, 37, 77, '2849'),
	(881, 30, 179, 37, 77, '2849'),
	(882, 131, 179, 37, 77, '2849'),
	(883, 132, 179, 37, 77, '2849'),
	(884, 293, 179, 37, 77, '2849'),
	(885, 330, 179, 37, 77, '2849'),
	(886, 346, 179, 37, 77, '2849'),
	(887, 373, 179, 37, 77, '2849'),
	(888, 381, 179, 37, 77, '2849'),
	(889, 27, 180, 22, 58, '1276'),
	(890, 221, 180, 22, 58, '1276'),
	(891, 262, 180, 22, 58, '1276'),
	(892, 296, 180, 22, 58, '1276'),
	(893, 344, 180, 22, 58, '1276'),
	(894, 383, 180, 22, 58, '1276'),
	(895, 20, 181, 70, 6, '420'),
	(896, 60, 181, 70, 6, '420'),
	(897, 126, 181, 70, 6, '420'),
	(898, 191, 181, 70, 6, '420'),
	(899, 203, 181, 70, 6, '420'),
	(900, 315, 181, 70, 6, '420'),
	(901, 319, 181, 70, 6, '420'),
	(902, 322, 181, 70, 6, '420'),
	(903, 351, 181, 70, 6, '420'),
	(904, 366, 181, 70, 6, '420'),
	(905, 42, 182, 51, 79, '4029'),
	(906, 57, 182, 51, 79, '4029'),
	(907, 64, 182, 51, 79, '4029'),
	(908, 76, 182, 51, 79, '4029'),
	(909, 154, 182, 51, 79, '4029'),
	(910, 192, 182, 51, 79, '4029'),
	(911, 226, 182, 51, 79, '4029'),
	(912, 279, 182, 51, 79, '4029'),
	(913, 297, 182, 51, 79, '4029'),
	(914, 395, 182, 51, 79, '4029'),
	(915, 7, 183, 11, 72, '792'),
	(916, 381, 183, 11, 72, '792'),
	(917, 74, 184, 50, 19, '950'),
	(918, 116, 184, 50, 19, '950'),
	(919, 205, 184, 50, 19, '950'),
	(920, 278, 184, 50, 19, '950'),
	(921, 310, 184, 50, 19, '950'),
	(922, 361, 184, 50, 19, '950'),
	(923, 10, 185, 62, 17, '1054'),
	(924, 11, 185, 62, 17, '1054'),
	(925, 154, 185, 62, 17, '1054'),
	(926, 161, 185, 62, 17, '1054'),
	(927, 183, 185, 62, 17, '1054'),
	(928, 290, 185, 62, 17, '1054'),
	(929, 342, 185, 62, 17, '1054'),
	(930, 388, 185, 62, 17, '1054'),
	(931, 260, 186, 37, 92, '3404'),
	(932, 6, 187, 76, 23, '1748'),
	(933, 58, 187, 76, 23, '1748'),
	(934, 134, 187, 76, 23, '1748'),
	(935, 163, 187, 76, 23, '1748'),
	(936, 72, 188, 11, 70, '770'),
	(937, 172, 188, 11, 70, '770'),
	(938, 315, 188, 11, 70, '770'),
	(939, 24, 189, 17, 50, '850'),
	(940, 254, 189, 17, 50, '850'),
	(941, 256, 189, 17, 50, '850'),
	(942, 266, 189, 17, 50, '850'),
	(943, 280, 189, 17, 50, '850'),
	(944, 294, 189, 17, 50, '850'),
	(945, 295, 189, 17, 50, '850'),
	(946, 309, 189, 17, 50, '850'),
	(947, 296, 190, 35, 66, '2310'),
	(948, 104, 191, 80, 28, '2240'),
	(949, 152, 191, 80, 28, '2240'),
	(950, 363, 191, 80, 28, '2240'),
	(951, 197, 192, 23, 84, '1932'),
	(952, 231, 193, 82, 11, '902'),
	(953, 322, 193, 82, 11, '902'),
	(954, 380, 193, 82, 11, '902'),
	(955, 387, 193, 82, 11, '902'),
	(956, 54, 194, 49, 15, '735'),
	(957, 40, 195, 61, 65, '3965'),
	(958, 125, 195, 61, 65, '3965'),
	(959, 198, 195, 61, 65, '3965'),
	(960, 130, 196, 16, 11, '176'),
	(961, 151, 196, 16, 11, '176'),
	(962, 83, 197, 19, 26, '494'),
	(963, 134, 197, 19, 26, '494'),
	(964, 136, 197, 19, 26, '494'),
	(965, 255, 197, 19, 26, '494'),
	(966, 283, 197, 19, 26, '494'),
	(967, 290, 197, 19, 26, '494'),
	(968, 321, 197, 19, 26, '494'),
	(969, 345, 197, 19, 26, '494'),
	(970, 359, 197, 19, 26, '494'),
	(971, 212, 198, 38, 9, '342'),
	(972, 248, 198, 38, 9, '342'),
	(973, 289, 198, 38, 9, '342'),
	(974, 328, 198, 38, 9, '342'),
	(975, 12, 199, 15, 98, '1470'),
	(976, 22, 199, 15, 98, '1470'),
	(977, 39, 199, 15, 98, '1470'),
	(978, 87, 199, 15, 98, '1470'),
	(979, 100, 199, 15, 98, '1470'),
	(980, 221, 199, 15, 98, '1470'),
	(981, 284, 199, 15, 98, '1470'),
	(982, 295, 199, 15, 98, '1470'),
	(983, 12, 200, 46, 8, '368'),
	(984, 16, 200, 46, 8, '368'),
	(985, 52, 200, 46, 8, '368'),
	(986, 114, 200, 46, 8, '368'),
	(987, 165, 200, 46, 8, '368'),
	(988, 250, 200, 46, 8, '368'),
	(989, 275, 200, 46, 8, '368'),
	(990, 291, 200, 46, 8, '368'),
	(991, 322, 200, 46, 8, '368'),
	(992, 387, 200, 46, 8, '368'),
	(993, 7, 201, 55, 97, '5335'),
	(994, 32, 201, 55, 97, '5335'),
	(995, 44, 201, 55, 97, '5335'),
	(996, 110, 201, 55, 97, '5335'),
	(997, 168, 201, 55, 97, '5335'),
	(998, 175, 201, 55, 97, '5335'),
	(999, 276, 201, 55, 97, '5335'),
	(1000, 288, 201, 55, 97, '5335'),
	(1001, 353, 201, 55, 97, '5335'),
	(1002, 356, 201, 55, 97, '5335'),
	(1003, 74, 202, 46, 80, '3680'),
	(1004, 76, 202, 46, 80, '3680'),
	(1005, 80, 202, 46, 80, '3680'),
	(1006, 107, 202, 46, 80, '3680'),
	(1007, 170, 202, 46, 80, '3680'),
	(1008, 197, 202, 46, 80, '3680'),
	(1009, 262, 202, 46, 80, '3680'),
	(1010, 298, 202, 46, 80, '3680'),
	(1011, 310, 202, 46, 80, '3680'),
	(1012, 358, 202, 46, 80, '3680'),
	(1013, 107, 203, 13, 67, '871'),
	(1014, 124, 203, 13, 67, '871'),
	(1015, 149, 203, 13, 67, '871'),
	(1016, 218, 203, 13, 67, '871'),
	(1017, 297, 203, 13, 67, '871'),
	(1018, 311, 203, 13, 67, '871'),
	(1019, 351, 203, 13, 67, '871'),
	(1020, 392, 203, 13, 67, '871'),
	(1021, 3, 204, 42, 63, '2646'),
	(1022, 20, 204, 42, 63, '2646'),
	(1023, 92, 204, 42, 63, '2646'),
	(1024, 290, 204, 42, 63, '2646'),
	(1025, 299, 204, 42, 63, '2646'),
	(1026, 333, 204, 42, 63, '2646'),
	(1027, 16, 205, 77, 9, '693'),
	(1028, 39, 205, 77, 9, '693'),
	(1029, 58, 205, 77, 9, '693'),
	(1030, 111, 205, 77, 9, '693'),
	(1031, 176, 205, 77, 9, '693'),
	(1032, 188, 205, 77, 9, '693'),
	(1033, 230, 205, 77, 9, '693'),
	(1034, 294, 205, 77, 9, '693'),
	(1035, 344, 205, 77, 9, '693'),
	(1036, 378, 205, 77, 9, '693'),
	(1037, 77, 206, 93, 8, '744'),
	(1038, 112, 206, 93, 8, '744'),
	(1039, 343, 206, 93, 8, '744'),
	(1040, 386, 206, 93, 8, '744'),
	(1041, 9, 207, 39, 98, '3822'),
	(1042, 26, 207, 39, 98, '3822'),
	(1043, 74, 207, 39, 98, '3822'),
	(1044, 103, 207, 39, 98, '3822'),
	(1045, 117, 207, 39, 98, '3822'),
	(1046, 210, 207, 39, 98, '3822'),
	(1047, 387, 207, 39, 98, '3822'),
	(1048, 204, 208, 7, 86, '602'),
	(1049, 336, 209, 26, 29, '754'),
	(1050, 7, 210, 52, 51, '2652'),
	(1051, 13, 211, 53, 58, '3074'),
	(1052, 93, 211, 53, 58, '3074'),
	(1053, 123, 211, 53, 58, '3074'),
	(1054, 162, 211, 53, 58, '3074'),
	(1055, 381, 211, 53, 58, '3074'),
	(1056, 382, 211, 53, 58, '3074'),
	(1057, 400, 211, 53, 58, '3074'),
	(1058, 195, 212, 70, 18, '1260'),
	(1059, 160, 213, 52, 7, '364'),
	(1060, 320, 213, 52, 7, '364'),
	(1061, 362, 213, 52, 7, '364'),
	(1062, 376, 213, 52, 7, '364'),
	(1063, 5, 214, 2, 79, '158'),
	(1064, 113, 214, 2, 79, '158'),
	(1065, 271, 214, 2, 79, '158'),
	(1066, 315, 214, 2, 79, '158'),
	(1067, 341, 215, 17, 53, '901'),
	(1068, 19, 216, 64, 34, '2176'),
	(1069, 156, 216, 64, 34, '2176'),
	(1070, 290, 216, 64, 34, '2176'),
	(1071, 330, 216, 64, 34, '2176'),
	(1072, 358, 216, 64, 34, '2176'),
	(1073, 375, 216, 64, 34, '2176'),
	(1074, 376, 216, 64, 34, '2176'),
	(1075, 385, 216, 64, 34, '2176'),
	(1076, 393, 216, 64, 34, '2176'),
	(1077, 81, 217, 22, 65, '1430'),
	(1078, 184, 217, 22, 65, '1430'),
	(1079, 355, 218, 76, 21, '1596'),
	(1080, 97, 219, 60, 54, '3240'),
	(1081, 98, 219, 60, 54, '3240'),
	(1082, 303, 219, 60, 54, '3240'),
	(1083, 350, 219, 60, 54, '3240'),
	(1084, 385, 219, 60, 54, '3240'),
	(1085, 391, 219, 60, 54, '3240'),
	(1086, 27, 220, 57, 56, '3192'),
	(1087, 119, 221, 32, 9, '288'),
	(1088, 241, 221, 32, 9, '288'),
	(1089, 12, 222, 79, 6, '474'),
	(1090, 28, 222, 79, 6, '474'),
	(1091, 64, 222, 79, 6, '474'),
	(1092, 102, 222, 79, 6, '474'),
	(1093, 138, 222, 79, 6, '474'),
	(1094, 204, 222, 79, 6, '474'),
	(1095, 263, 222, 79, 6, '474'),
	(1096, 54, 223, 84, 65, '5460'),
	(1097, 119, 223, 84, 65, '5460'),
	(1098, 225, 223, 84, 65, '5460'),
	(1099, 270, 223, 84, 65, '5460'),
	(1100, 299, 223, 84, 65, '5460'),
	(1101, 367, 223, 84, 65, '5460'),
	(1102, 92, 224, 41, 57, '2337'),
	(1103, 202, 224, 41, 57, '2337'),
	(1104, 204, 224, 41, 57, '2337'),
	(1105, 222, 224, 41, 57, '2337'),
	(1106, 373, 224, 41, 57, '2337'),
	(1107, 388, 224, 41, 57, '2337'),
	(1108, 10, 225, 96, 100, '9600'),
	(1109, 11, 225, 96, 100, '9600'),
	(1110, 374, 225, 96, 100, '9600'),
	(1111, 383, 225, 96, 100, '9600'),
	(1112, 387, 225, 96, 100, '9600'),
	(1113, 400, 225, 96, 100, '9600'),
	(1114, 244, 226, 94, 59, '5546'),
	(1115, 260, 226, 94, 59, '5546'),
	(1116, 327, 226, 94, 59, '5546'),
	(1117, 384, 226, 94, 59, '5546'),
	(1118, 33, 227, 94, 36, '3384'),
	(1119, 55, 227, 94, 36, '3384'),
	(1120, 61, 227, 94, 36, '3384'),
	(1121, 233, 227, 94, 36, '3384'),
	(1122, 274, 227, 94, 36, '3384'),
	(1123, 371, 227, 94, 36, '3384'),
	(1124, 21, 228, 90, 55, '4950'),
	(1125, 94, 228, 90, 55, '4950'),
	(1126, 318, 229, 11, 18, '198'),
	(1127, 13, 230, 30, 59, '1770'),
	(1128, 55, 230, 30, 59, '1770'),
	(1129, 56, 230, 30, 59, '1770'),
	(1130, 148, 230, 30, 59, '1770'),
	(1131, 178, 230, 30, 59, '1770'),
	(1132, 232, 230, 30, 59, '1770'),
	(1133, 239, 230, 30, 59, '1770'),
	(1134, 301, 230, 30, 59, '1770'),
	(1135, 316, 230, 30, 59, '1770'),
	(1136, 367, 230, 30, 59, '1770'),
	(1137, 15, 231, 83, 52, '4316'),
	(1138, 27, 231, 83, 52, '4316'),
	(1139, 86, 231, 83, 52, '4316'),
	(1140, 92, 231, 83, 52, '4316'),
	(1141, 124, 231, 83, 52, '4316'),
	(1142, 133, 231, 83, 52, '4316'),
	(1143, 216, 231, 83, 52, '4316'),
	(1144, 135, 232, 68, 7, '476'),
	(1145, 188, 232, 68, 7, '476'),
	(1146, 308, 232, 68, 7, '476'),
	(1147, 328, 232, 68, 7, '476'),
	(1148, 366, 232, 68, 7, '476'),
	(1149, 369, 232, 68, 7, '476'),
	(1150, 376, 232, 68, 7, '476'),
	(1151, 392, 232, 68, 7, '476'),
	(1152, 398, 232, 68, 7, '476'),
	(1153, 16, 233, 36, 61, '2196'),
	(1154, 68, 233, 36, 61, '2196'),
	(1155, 71, 233, 36, 61, '2196'),
	(1156, 124, 233, 36, 61, '2196'),
	(1157, 172, 233, 36, 61, '2196'),
	(1158, 276, 233, 36, 61, '2196'),
	(1159, 314, 233, 36, 61, '2196'),
	(1160, 316, 233, 36, 61, '2196'),
	(1161, 107, 234, 91, 1, '91'),
	(1162, 124, 234, 91, 1, '91'),
	(1163, 338, 234, 91, 1, '91'),
	(1164, 339, 234, 91, 1, '91'),
	(1165, 342, 234, 91, 1, '91'),
	(1166, 344, 234, 91, 1, '91'),
	(1167, 350, 234, 91, 1, '91'),
	(1168, 231, 235, 42, 43, '1806'),
	(1169, 262, 235, 42, 43, '1806'),
	(1170, 346, 235, 42, 43, '1806'),
	(1171, 5, 236, 82, 61, '5002'),
	(1172, 29, 236, 82, 61, '5002'),
	(1173, 186, 236, 82, 61, '5002'),
	(1174, 249, 236, 82, 61, '5002'),
	(1175, 268, 236, 82, 61, '5002'),
	(1176, 337, 236, 82, 61, '5002'),
	(1177, 357, 236, 82, 61, '5002'),
	(1178, 398, 236, 82, 61, '5002'),
	(1179, 42, 237, 84, 86, '7224'),
	(1180, 317, 237, 84, 86, '7224'),
	(1181, 353, 237, 84, 86, '7224'),
	(1182, 24, 238, 66, 87, '5742'),
	(1183, 97, 238, 66, 87, '5742'),
	(1184, 105, 238, 66, 87, '5742'),
	(1185, 141, 238, 66, 87, '5742'),
	(1186, 162, 238, 66, 87, '5742'),
	(1187, 240, 238, 66, 87, '5742'),
	(1188, 243, 238, 66, 87, '5742'),
	(1189, 317, 238, 66, 87, '5742'),
	(1190, 13, 239, 24, 18, '432'),
	(1191, 139, 239, 24, 18, '432'),
	(1192, 143, 239, 24, 18, '432'),
	(1193, 165, 239, 24, 18, '432'),
	(1194, 182, 239, 24, 18, '432'),
	(1195, 243, 239, 24, 18, '432'),
	(1196, 269, 239, 24, 18, '432'),
	(1197, 274, 239, 24, 18, '432'),
	(1198, 294, 239, 24, 18, '432'),
	(1199, 343, 239, 24, 18, '432'),
	(1200, 265, 240, 50, 70, '3500'),
	(1201, 109, 241, 96, 10, '960'),
	(1202, 179, 241, 96, 10, '960'),
	(1203, 387, 241, 96, 10, '960'),
	(1204, 77, 242, 60, 77, '4620'),
	(1205, 156, 242, 60, 77, '4620'),
	(1206, 77, 243, 72, 21, '1512'),
	(1207, 131, 243, 72, 21, '1512'),
	(1208, 166, 243, 72, 21, '1512'),
	(1209, 201, 243, 72, 21, '1512'),
	(1210, 314, 243, 72, 21, '1512'),
	(1211, 399, 243, 72, 21, '1512'),
	(1212, 168, 244, 80, 84, '6720'),
	(1213, 174, 244, 80, 84, '6720'),
	(1214, 309, 244, 80, 84, '6720'),
	(1215, 332, 245, 86, 85, '7310'),
	(1216, 140, 246, 94, 61, '5734'),
	(1217, 163, 246, 94, 61, '5734'),
	(1218, 179, 246, 94, 61, '5734'),
	(1219, 180, 246, 94, 61, '5734'),
	(1220, 231, 246, 94, 61, '5734'),
	(1221, 300, 246, 94, 61, '5734'),
	(1222, 379, 246, 94, 61, '5734'),
	(1223, 100, 247, 6, 90, '540'),
	(1224, 61, 248, 21, 32, '672'),
	(1225, 119, 248, 21, 32, '672'),
	(1226, 166, 248, 21, 32, '672'),
	(1227, 228, 248, 21, 32, '672'),
	(1228, 243, 248, 21, 32, '672'),
	(1229, 284, 248, 21, 32, '672'),
	(1230, 361, 248, 21, 32, '672'),
	(1231, 393, 248, 21, 32, '672'),
	(1232, 174, 249, 52, 21, '1092'),
	(1233, 231, 249, 52, 21, '1092'),
	(1234, 268, 249, 52, 21, '1092'),
	(1235, 287, 249, 52, 21, '1092'),
	(1236, 295, 249, 52, 21, '1092'),
	(1237, 318, 249, 52, 21, '1092'),
	(1238, 146, 250, 49, 100, '4900'),
	(1239, 359, 250, 49, 100, '4900'),
	(1240, 51, 251, 24, 65, '1560'),
	(1241, 83, 251, 24, 65, '1560'),
	(1242, 133, 251, 24, 65, '1560'),
	(1243, 291, 251, 24, 65, '1560'),
	(1244, 308, 251, 24, 65, '1560'),
	(1245, 326, 251, 24, 65, '1560'),
	(1246, 327, 251, 24, 65, '1560'),
	(1247, 96, 252, 99, 42, '4158'),
	(1248, 107, 252, 99, 42, '4158'),
	(1249, 219, 252, 99, 42, '4158'),
	(1250, 390, 252, 99, 42, '4158'),
	(1251, 72, 253, 71, 60, '4260'),
	(1252, 172, 253, 71, 60, '4260'),
	(1253, 215, 253, 71, 60, '4260'),
	(1254, 239, 253, 71, 60, '4260'),
	(1255, 65, 254, 34, 22, '748'),
	(1256, 104, 254, 34, 22, '748'),
	(1257, 110, 254, 34, 22, '748'),
	(1258, 171, 254, 34, 22, '748'),
	(1259, 227, 254, 34, 22, '748'),
	(1260, 315, 254, 34, 22, '748'),
	(1261, 325, 254, 34, 22, '748'),
	(1262, 334, 254, 34, 22, '748'),
	(1263, 389, 254, 34, 22, '748'),
	(1264, 60, 255, 6, 88, '528'),
	(1265, 114, 255, 6, 88, '528'),
	(1266, 128, 255, 6, 88, '528'),
	(1267, 138, 255, 6, 88, '528'),
	(1268, 144, 255, 6, 88, '528'),
	(1269, 192, 255, 6, 88, '528'),
	(1270, 215, 255, 6, 88, '528'),
	(1271, 280, 255, 6, 88, '528'),
	(1272, 399, 255, 6, 88, '528'),
	(1273, 62, 256, 59, 42, '2478'),
	(1274, 81, 256, 59, 42, '2478'),
	(1275, 77, 257, 31, 55, '1705'),
	(1276, 140, 257, 31, 55, '1705'),
	(1277, 221, 257, 31, 55, '1705'),
	(1278, 260, 257, 31, 55, '1705'),
	(1279, 297, 257, 31, 55, '1705'),
	(1280, 351, 257, 31, 55, '1705'),
	(1281, 362, 257, 31, 55, '1705'),
	(1282, 76, 258, 86, 66, '5676'),
	(1283, 97, 258, 86, 66, '5676'),
	(1284, 151, 258, 86, 66, '5676'),
	(1285, 313, 258, 86, 66, '5676'),
	(1286, 323, 258, 86, 66, '5676'),
	(1287, 392, 258, 86, 66, '5676'),
	(1288, 174, 259, 30, 51, '1530'),
	(1289, 252, 259, 30, 51, '1530'),
	(1290, 307, 259, 30, 51, '1530'),
	(1291, 324, 259, 30, 51, '1530'),
	(1292, 327, 259, 30, 51, '1530'),
	(1293, 368, 259, 30, 51, '1530'),
	(1294, 29, 260, 57, 74, '4218'),
	(1295, 30, 260, 57, 74, '4218'),
	(1296, 93, 260, 57, 74, '4218'),
	(1297, 124, 260, 57, 74, '4218'),
	(1298, 126, 260, 57, 74, '4218'),
	(1299, 184, 260, 57, 74, '4218'),
	(1300, 191, 260, 57, 74, '4218'),
	(1301, 353, 260, 57, 74, '4218'),
	(1302, 161, 261, 12, 98, '1176'),
	(1303, 377, 261, 12, 98, '1176'),
	(1304, 16, 262, 31, 96, '2976'),
	(1305, 122, 262, 31, 96, '2976'),
	(1306, 154, 262, 31, 96, '2976'),
	(1307, 202, 262, 31, 96, '2976'),
	(1308, 295, 262, 31, 96, '2976'),
	(1309, 350, 262, 31, 96, '2976'),
	(1310, 365, 262, 31, 96, '2976'),
	(1311, 374, 262, 31, 96, '2976'),
	(1312, 57, 263, 46, 23, '1058'),
	(1313, 101, 263, 46, 23, '1058'),
	(1314, 295, 263, 46, 23, '1058'),
	(1315, 368, 263, 46, 23, '1058'),
	(1316, 113, 264, 19, 74, '1406'),
	(1317, 218, 264, 19, 74, '1406'),
	(1318, 266, 264, 19, 74, '1406'),
	(1319, 320, 264, 19, 74, '1406'),
	(1320, 31, 265, 10, 77, '770'),
	(1321, 131, 265, 10, 77, '770'),
	(1322, 200, 265, 10, 77, '770'),
	(1323, 282, 265, 10, 77, '770'),
	(1324, 365, 265, 10, 77, '770'),
	(1325, 164, 266, 39, 74, '2886'),
	(1326, 264, 266, 39, 74, '2886'),
	(1327, 274, 266, 39, 74, '2886'),
	(1328, 19, 267, 53, 73, '3869'),
	(1329, 68, 267, 53, 73, '3869'),
	(1330, 72, 267, 53, 73, '3869'),
	(1331, 98, 267, 53, 73, '3869'),
	(1332, 122, 267, 53, 73, '3869'),
	(1333, 147, 267, 53, 73, '3869'),
	(1334, 284, 267, 53, 73, '3869'),
	(1335, 132, 268, 46, 39, '1794'),
	(1336, 136, 268, 46, 39, '1794'),
	(1337, 263, 268, 46, 39, '1794'),
	(1338, 310, 268, 46, 39, '1794'),
	(1339, 357, 268, 46, 39, '1794'),
	(1340, 362, 268, 46, 39, '1794'),
	(1341, 11, 269, 2, 63, '126'),
	(1342, 45, 269, 2, 63, '126'),
	(1343, 75, 269, 2, 63, '126'),
	(1344, 140, 269, 2, 63, '126'),
	(1345, 196, 269, 2, 63, '126'),
	(1346, 231, 269, 2, 63, '126'),
	(1347, 312, 269, 2, 63, '126'),
	(1348, 327, 269, 2, 63, '126'),
	(1349, 47, 270, 26, 52, '1352'),
	(1350, 125, 270, 26, 52, '1352'),
	(1351, 140, 270, 26, 52, '1352'),
	(1352, 150, 270, 26, 52, '1352'),
	(1353, 235, 270, 26, 52, '1352'),
	(1354, 248, 270, 26, 52, '1352'),
	(1355, 299, 270, 26, 52, '1352'),
	(1356, 389, 270, 26, 52, '1352'),
	(1357, 397, 270, 26, 52, '1352'),
	(1358, 40, 271, 69, 41, '2829'),
	(1359, 144, 271, 69, 41, '2829'),
	(1360, 310, 271, 69, 41, '2829'),
	(1361, 193, 272, 61, 76, '4636'),
	(1362, 347, 272, 61, 76, '4636'),
	(1363, 372, 272, 61, 76, '4636'),
	(1364, 383, 272, 61, 76, '4636'),
	(1365, 77, 273, 67, 51, '3417'),
	(1366, 17, 274, 24, 4, '96'),
	(1367, 84, 274, 24, 4, '96'),
	(1368, 119, 274, 24, 4, '96'),
	(1369, 167, 274, 24, 4, '96'),
	(1370, 203, 274, 24, 4, '96'),
	(1371, 207, 274, 24, 4, '96'),
	(1372, 216, 274, 24, 4, '96'),
	(1373, 256, 274, 24, 4, '96'),
	(1374, 334, 274, 24, 4, '96'),
	(1375, 3, 275, 90, 48, '4320'),
	(1376, 49, 275, 90, 48, '4320'),
	(1377, 294, 275, 90, 48, '4320'),
	(1378, 367, 275, 90, 48, '4320'),
	(1379, 213, 276, 61, 90, '5490'),
	(1380, 297, 276, 61, 90, '5490'),
	(1381, 90, 277, 74, 56, '4144'),
	(1382, 175, 277, 74, 56, '4144'),
	(1383, 215, 277, 74, 56, '4144'),
	(1384, 307, 277, 74, 56, '4144'),
	(1385, 368, 277, 74, 56, '4144'),
	(1386, 372, 277, 74, 56, '4144'),
	(1387, 101, 278, 30, 64, '1920'),
	(1388, 238, 278, 30, 64, '1920'),
	(1389, 241, 278, 30, 64, '1920'),
	(1390, 246, 278, 30, 64, '1920'),
	(1391, 324, 278, 30, 64, '1920'),
	(1392, 345, 278, 30, 64, '1920'),
	(1393, 133, 279, 81, 2, '162'),
	(1394, 235, 279, 81, 2, '162'),
	(1395, 316, 279, 81, 2, '162'),
	(1396, 328, 279, 81, 2, '162'),
	(1397, 114, 280, 94, 9, '846'),
	(1398, 83, 281, 60, 81, '4860'),
	(1399, 118, 281, 60, 81, '4860'),
	(1400, 188, 281, 60, 81, '4860'),
	(1401, 235, 281, 60, 81, '4860'),
	(1402, 354, 281, 60, 81, '4860'),
	(1403, 24, 282, 34, 70, '2380'),
	(1404, 93, 282, 34, 70, '2380'),
	(1405, 191, 282, 34, 70, '2380'),
	(1406, 307, 282, 34, 70, '2380'),
	(1407, 21, 283, 81, 62, '5022'),
	(1408, 23, 283, 81, 62, '5022'),
	(1409, 28, 283, 81, 62, '5022'),
	(1410, 47, 283, 81, 62, '5022'),
	(1411, 107, 283, 81, 62, '5022'),
	(1412, 109, 283, 81, 62, '5022'),
	(1413, 261, 283, 81, 62, '5022'),
	(1414, 329, 283, 81, 62, '5022'),
	(1415, 25, 284, 3, 70, '210'),
	(1416, 160, 284, 3, 70, '210'),
	(1417, 275, 284, 3, 70, '210'),
	(1418, 5, 285, 31, 52, '1612'),
	(1419, 63, 285, 31, 52, '1612'),
	(1420, 128, 285, 31, 52, '1612'),
	(1421, 156, 285, 31, 52, '1612'),
	(1422, 192, 285, 31, 52, '1612'),
	(1423, 289, 285, 31, 52, '1612'),
	(1424, 378, 285, 31, 52, '1612'),
	(1425, 382, 285, 31, 52, '1612'),
	(1426, 389, 285, 31, 52, '1612'),
	(1427, 47, 286, 95, 14, '1330'),
	(1428, 84, 286, 95, 14, '1330'),
	(1429, 116, 286, 95, 14, '1330'),
	(1430, 182, 286, 95, 14, '1330'),
	(1431, 246, 286, 95, 14, '1330'),
	(1432, 248, 286, 95, 14, '1330'),
	(1433, 257, 286, 95, 14, '1330'),
	(1434, 342, 286, 95, 14, '1330'),
	(1435, 378, 286, 95, 14, '1330'),
	(1436, 398, 286, 95, 14, '1330'),
	(1437, 9, 287, 49, 63, '3087'),
	(1438, 83, 287, 49, 63, '3087'),
	(1439, 152, 287, 49, 63, '3087'),
	(1440, 162, 287, 49, 63, '3087'),
	(1441, 392, 287, 49, 63, '3087'),
	(1442, 174, 288, 45, 1, '45'),
	(1443, 341, 288, 45, 1, '45'),
	(1444, 167, 289, 94, 2, '188'),
	(1445, 196, 290, 3, 19, '57'),
	(1446, 317, 290, 3, 19, '57'),
	(1447, 5, 291, 7, 99, '693'),
	(1448, 23, 291, 7, 99, '693'),
	(1449, 33, 291, 7, 99, '693'),
	(1450, 50, 291, 7, 99, '693'),
	(1451, 200, 291, 7, 99, '693'),
	(1452, 262, 291, 7, 99, '693'),
	(1453, 281, 291, 7, 99, '693'),
	(1454, 308, 291, 7, 99, '693'),
	(1455, 334, 291, 7, 99, '693'),
	(1456, 387, 291, 7, 99, '693'),
	(1457, 6, 292, 9, 92, '828'),
	(1458, 74, 292, 9, 92, '828'),
	(1459, 182, 292, 9, 92, '828'),
	(1460, 215, 292, 9, 92, '828'),
	(1461, 244, 292, 9, 92, '828'),
	(1462, 310, 292, 9, 92, '828'),
	(1463, 328, 292, 9, 92, '828'),
	(1464, 329, 292, 9, 92, '828'),
	(1465, 330, 292, 9, 92, '828'),
	(1466, 393, 292, 9, 92, '828'),
	(1467, 341, 293, 22, 47, '1034'),
	(1468, 37, 294, 96, 64, '6144'),
	(1469, 109, 294, 96, 64, '6144'),
	(1470, 114, 294, 96, 64, '6144'),
	(1471, 217, 294, 96, 64, '6144'),
	(1472, 231, 294, 96, 64, '6144'),
	(1473, 383, 294, 96, 64, '6144'),
	(1474, 110, 295, 91, 73, '6643'),
	(1475, 131, 295, 91, 73, '6643'),
	(1476, 156, 295, 91, 73, '6643'),
	(1477, 210, 295, 91, 73, '6643'),
	(1478, 224, 295, 91, 73, '6643'),
	(1479, 235, 295, 91, 73, '6643'),
	(1480, 296, 295, 91, 73, '6643'),
	(1481, 325, 295, 91, 73, '6643'),
	(1482, 368, 295, 91, 73, '6643'),
	(1483, 14, 296, 64, 90, '5760'),
	(1484, 39, 296, 64, 90, '5760'),
	(1485, 74, 296, 64, 90, '5760'),
	(1486, 101, 296, 64, 90, '5760'),
	(1487, 148, 296, 64, 90, '5760'),
	(1488, 170, 296, 64, 90, '5760'),
	(1489, 185, 296, 64, 90, '5760'),
	(1490, 231, 296, 64, 90, '5760'),
	(1491, 291, 296, 64, 90, '5760'),
	(1492, 363, 296, 64, 90, '5760'),
	(1493, 211, 297, 72, 28, '2016'),
	(1494, 257, 297, 72, 28, '2016'),
	(1495, 300, 297, 72, 28, '2016'),
	(1496, 343, 297, 72, 28, '2016'),
	(1497, 96, 298, 38, 69, '2622'),
	(1498, 148, 298, 38, 69, '2622'),
	(1499, 301, 298, 38, 69, '2622'),
	(1500, 16, 299, 73, 98, '7154'),
	(1501, 105, 299, 73, 98, '7154'),
	(1502, 292, 300, 48, 59, '2832'),
	(1503, 36, 301, 43, 38, '1634'),
	(1504, 39, 301, 43, 38, '1634'),
	(1505, 46, 301, 43, 38, '1634'),
	(1506, 135, 301, 43, 38, '1634'),
	(1507, 152, 301, 43, 38, '1634'),
	(1508, 179, 301, 43, 38, '1634'),
	(1509, 210, 301, 43, 38, '1634'),
	(1510, 310, 301, 43, 38, '1634'),
	(1511, 320, 301, 43, 38, '1634'),
	(1512, 348, 301, 43, 38, '1634'),
	(1513, 15, 302, 51, 53, '2703'),
	(1514, 48, 302, 51, 53, '2703'),
	(1515, 51, 302, 51, 53, '2703'),
	(1516, 61, 302, 51, 53, '2703'),
	(1517, 180, 302, 51, 53, '2703'),
	(1518, 243, 302, 51, 53, '2703'),
	(1519, 281, 302, 51, 53, '2703'),
	(1520, 348, 302, 51, 53, '2703'),
	(1521, 183, 303, 36, 90, '3240'),
	(1522, 190, 303, 36, 90, '3240'),
	(1523, 202, 303, 36, 90, '3240'),
	(1524, 217, 303, 36, 90, '3240'),
	(1525, 285, 303, 36, 90, '3240'),
	(1526, 290, 303, 36, 90, '3240'),
	(1527, 379, 303, 36, 90, '3240'),
	(1528, 336, 304, 12, 96, '1152'),
	(1529, 68, 305, 70, 45, '3150'),
	(1530, 160, 305, 70, 45, '3150'),
	(1531, 168, 305, 70, 45, '3150'),
	(1532, 197, 305, 70, 45, '3150'),
	(1533, 264, 305, 70, 45, '3150'),
	(1534, 385, 305, 70, 45, '3150'),
	(1535, 354, 306, 89, 95, '8455'),
	(1536, 146, 307, 6, 85, '510'),
	(1537, 6, 308, 84, 94, '7896'),
	(1538, 88, 308, 84, 94, '7896'),
	(1539, 132, 308, 84, 94, '7896'),
	(1540, 208, 308, 84, 94, '7896'),
	(1541, 302, 308, 84, 94, '7896'),
	(1542, 342, 308, 84, 94, '7896'),
	(1543, 351, 308, 84, 94, '7896'),
	(1544, 382, 308, 84, 94, '7896'),
	(1545, 383, 308, 84, 94, '7896'),
	(1546, 388, 308, 84, 94, '7896'),
	(1547, 48, 309, 65, 25, '1625'),
	(1548, 77, 309, 65, 25, '1625'),
	(1549, 193, 309, 65, 25, '1625'),
	(1550, 230, 309, 65, 25, '1625'),
	(1551, 288, 309, 65, 25, '1625'),
	(1552, 311, 309, 65, 25, '1625'),
	(1553, 352, 309, 65, 25, '1625'),
	(1554, 72, 310, 21, 24, '504'),
	(1555, 168, 310, 21, 24, '504'),
	(1556, 194, 310, 21, 24, '504'),
	(1557, 219, 310, 21, 24, '504'),
	(1558, 238, 310, 21, 24, '504'),
	(1559, 342, 310, 21, 24, '504'),
	(1560, 361, 310, 21, 24, '504'),
	(1561, 374, 310, 21, 24, '504'),
	(1562, 40, 311, 26, 72, '1872'),
	(1563, 56, 311, 26, 72, '1872'),
	(1564, 97, 311, 26, 72, '1872'),
	(1565, 106, 311, 26, 72, '1872'),
	(1566, 179, 311, 26, 72, '1872'),
	(1567, 302, 311, 26, 72, '1872'),
	(1568, 308, 311, 26, 72, '1872'),
	(1569, 356, 311, 26, 72, '1872'),
	(1570, 357, 311, 26, 72, '1872'),
	(1571, 359, 311, 26, 72, '1872'),
	(1572, 23, 312, 12, 37, '444'),
	(1573, 38, 312, 12, 37, '444'),
	(1574, 105, 312, 12, 37, '444'),
	(1575, 153, 312, 12, 37, '444'),
	(1576, 239, 312, 12, 37, '444'),
	(1577, 284, 312, 12, 37, '444'),
	(1578, 287, 312, 12, 37, '444'),
	(1579, 372, 312, 12, 37, '444'),
	(1580, 40, 313, 77, 43, '3311'),
	(1581, 65, 313, 77, 43, '3311'),
	(1582, 400, 313, 77, 43, '3311'),
	(1583, 14, 314, 24, 82, '1968'),
	(1584, 89, 314, 24, 82, '1968'),
	(1585, 99, 314, 24, 82, '1968'),
	(1586, 103, 314, 24, 82, '1968'),
	(1587, 247, 314, 24, 82, '1968'),
	(1588, 255, 314, 24, 82, '1968'),
	(1589, 336, 314, 24, 82, '1968'),
	(1590, 144, 315, 66, 63, '4158'),
	(1591, 238, 315, 66, 63, '4158'),
	(1592, 306, 315, 66, 63, '4158'),
	(1593, 161, 316, 73, 5, '365'),
	(1594, 40, 317, 79, 22, '1738'),
	(1595, 69, 317, 79, 22, '1738'),
	(1596, 95, 317, 79, 22, '1738'),
	(1597, 122, 317, 79, 22, '1738'),
	(1598, 153, 317, 79, 22, '1738'),
	(1599, 317, 317, 79, 22, '1738'),
	(1600, 72, 318, 27, 33, '891'),
	(1601, 150, 318, 27, 33, '891'),
	(1602, 180, 318, 27, 33, '891'),
	(1603, 223, 318, 27, 33, '891'),
	(1604, 237, 318, 27, 33, '891'),
	(1605, 347, 318, 27, 33, '891'),
	(1606, 354, 318, 27, 33, '891'),
	(1607, 373, 318, 27, 33, '891'),
	(1608, 224, 319, 78, 64, '4992'),
	(1609, 20, 320, 50, 21, '1050'),
	(1610, 111, 320, 50, 21, '1050'),
	(1611, 166, 320, 50, 21, '1050'),
	(1612, 263, 320, 50, 21, '1050'),
	(1613, 365, 320, 50, 21, '1050'),
	(1614, 34, 321, 96, 28, '2688'),
	(1615, 44, 321, 96, 28, '2688'),
	(1616, 245, 321, 96, 28, '2688'),
	(1617, 274, 321, 96, 28, '2688'),
	(1618, 7, 322, 37, 33, '1221'),
	(1619, 79, 323, 32, 70, '2240'),
	(1620, 178, 323, 32, 70, '2240'),
	(1621, 240, 323, 32, 70, '2240'),
	(1622, 294, 323, 32, 70, '2240'),
	(1623, 342, 323, 32, 70, '2240'),
	(1624, 28, 324, 91, 6, '546'),
	(1625, 110, 324, 91, 6, '546'),
	(1626, 132, 324, 91, 6, '546'),
	(1627, 144, 324, 91, 6, '546'),
	(1628, 154, 324, 91, 6, '546'),
	(1629, 295, 324, 91, 6, '546'),
	(1630, 297, 324, 91, 6, '546'),
	(1631, 308, 324, 91, 6, '546'),
	(1632, 387, 324, 91, 6, '546'),
	(1633, 127, 325, 20, 77, '1540'),
	(1634, 120, 326, 48, 8, '384'),
	(1635, 91, 327, 25, 36, '900'),
	(1636, 288, 327, 25, 36, '900'),
	(1637, 367, 327, 25, 36, '900'),
	(1638, 60, 328, 76, 49, '3724'),
	(1639, 261, 328, 76, 49, '3724'),
	(1640, 280, 328, 76, 49, '3724'),
	(1641, 312, 328, 76, 49, '3724'),
	(1642, 113, 329, 87, 47, '4089'),
	(1643, 117, 329, 87, 47, '4089'),
	(1644, 180, 329, 87, 47, '4089'),
	(1645, 346, 329, 87, 47, '4089'),
	(1646, 367, 329, 87, 47, '4089'),
	(1647, 372, 329, 87, 47, '4089'),
	(1648, 21, 330, 46, 45, '2070'),
	(1649, 66, 330, 46, 45, '2070'),
	(1650, 217, 330, 46, 45, '2070'),
	(1651, 292, 330, 46, 45, '2070'),
	(1652, 308, 330, 46, 45, '2070'),
	(1653, 357, 330, 46, 45, '2070'),
	(1654, 96, 331, 69, 33, '2277'),
	(1655, 123, 331, 69, 33, '2277'),
	(1656, 142, 331, 69, 33, '2277'),
	(1657, 164, 331, 69, 33, '2277'),
	(1658, 210, 331, 69, 33, '2277'),
	(1659, 271, 331, 69, 33, '2277'),
	(1660, 321, 331, 69, 33, '2277'),
	(1661, 336, 331, 69, 33, '2277'),
	(1662, 353, 331, 69, 33, '2277'),
	(1663, 14, 332, 30, 57, '1710'),
	(1664, 29, 332, 30, 57, '1710'),
	(1665, 117, 332, 30, 57, '1710'),
	(1666, 163, 332, 30, 57, '1710'),
	(1667, 184, 332, 30, 57, '1710'),
	(1668, 239, 332, 30, 57, '1710'),
	(1669, 258, 332, 30, 57, '1710'),
	(1670, 284, 332, 30, 57, '1710'),
	(1671, 293, 332, 30, 57, '1710'),
	(1672, 313, 332, 30, 57, '1710'),
	(1673, 52, 333, 5, 27, '135'),
	(1674, 362, 333, 5, 27, '135'),
	(1675, 34, 334, 43, 9, '387'),
	(1676, 78, 334, 43, 9, '387'),
	(1677, 94, 334, 43, 9, '387'),
	(1678, 163, 334, 43, 9, '387'),
	(1679, 211, 334, 43, 9, '387'),
	(1680, 218, 334, 43, 9, '387'),
	(1681, 281, 334, 43, 9, '387'),
	(1682, 129, 335, 1, 16, '16'),
	(1683, 370, 335, 1, 16, '16'),
	(1684, 11, 336, 75, 67, '5025'),
	(1685, 30, 336, 75, 67, '5025'),
	(1686, 100, 336, 75, 67, '5025'),
	(1687, 119, 336, 75, 67, '5025'),
	(1688, 231, 336, 75, 67, '5025'),
	(1689, 256, 336, 75, 67, '5025'),
	(1690, 287, 336, 75, 67, '5025'),
	(1691, 376, 336, 75, 67, '5025'),
	(1692, 394, 336, 75, 67, '5025'),
	(1693, 396, 336, 75, 67, '5025'),
	(1694, 17, 337, 23, 90, '2070'),
	(1695, 187, 337, 23, 90, '2070'),
	(1696, 189, 337, 23, 90, '2070'),
	(1697, 213, 337, 23, 90, '2070'),
	(1698, 231, 337, 23, 90, '2070'),
	(1699, 51, 338, 61, 39, '2379'),
	(1700, 83, 338, 61, 39, '2379'),
	(1701, 108, 338, 61, 39, '2379'),
	(1702, 191, 338, 61, 39, '2379'),
	(1703, 215, 338, 61, 39, '2379'),
	(1704, 225, 338, 61, 39, '2379'),
	(1705, 277, 338, 61, 39, '2379'),
	(1706, 298, 338, 61, 39, '2379'),
	(1707, 342, 338, 61, 39, '2379'),
	(1708, 30, 339, 72, 95, '6840'),
	(1709, 118, 339, 72, 95, '6840'),
	(1710, 266, 339, 72, 95, '6840'),
	(1711, 382, 339, 72, 95, '6840'),
	(1712, 399, 339, 72, 95, '6840'),
	(1713, 31, 340, 56, 71, '3976'),
	(1714, 36, 340, 56, 71, '3976'),
	(1715, 72, 340, 56, 71, '3976'),
	(1716, 97, 340, 56, 71, '3976'),
	(1717, 120, 340, 56, 71, '3976'),
	(1718, 128, 340, 56, 71, '3976'),
	(1719, 161, 340, 56, 71, '3976'),
	(1720, 185, 340, 56, 71, '3976'),
	(1721, 228, 340, 56, 71, '3976'),
	(1722, 281, 340, 56, 71, '3976'),
	(1723, 51, 341, 95, 23, '2185'),
	(1724, 71, 341, 95, 23, '2185'),
	(1725, 177, 341, 95, 23, '2185'),
	(1726, 182, 341, 95, 23, '2185'),
	(1727, 218, 341, 95, 23, '2185'),
	(1728, 308, 341, 95, 23, '2185'),
	(1729, 353, 341, 95, 23, '2185'),
	(1730, 129, 342, 34, 67, '2278'),
	(1731, 136, 342, 34, 67, '2278'),
	(1732, 154, 342, 34, 67, '2278'),
	(1733, 267, 342, 34, 67, '2278'),
	(1734, 310, 342, 34, 67, '2278'),
	(1735, 313, 342, 34, 67, '2278'),
	(1736, 360, 342, 34, 67, '2278'),
	(1737, 374, 342, 34, 67, '2278'),
	(1738, 387, 342, 34, 67, '2278'),
	(1739, 45, 343, 10, 84, '840'),
	(1740, 74, 343, 10, 84, '840'),
	(1741, 87, 343, 10, 84, '840'),
	(1742, 284, 343, 10, 84, '840'),
	(1743, 369, 343, 10, 84, '840'),
	(1744, 371, 343, 10, 84, '840'),
	(1745, 38, 344, 56, 92, '5152'),
	(1746, 52, 344, 56, 92, '5152'),
	(1747, 177, 344, 56, 92, '5152'),
	(1748, 344, 344, 56, 92, '5152'),
	(1749, 96, 345, 57, 37, '2109'),
	(1750, 123, 345, 57, 37, '2109'),
	(1751, 130, 345, 57, 37, '2109'),
	(1752, 223, 345, 57, 37, '2109'),
	(1753, 10, 346, 78, 10, '780'),
	(1754, 19, 346, 78, 10, '780'),
	(1755, 23, 346, 78, 10, '780'),
	(1756, 135, 346, 78, 10, '780'),
	(1757, 200, 346, 78, 10, '780'),
	(1758, 255, 346, 78, 10, '780'),
	(1759, 262, 346, 78, 10, '780'),
	(1760, 309, 346, 78, 10, '780'),
	(1761, 362, 346, 78, 10, '780'),
	(1762, 366, 346, 78, 10, '780'),
	(1763, 39, 347, 68, 35, '2380'),
	(1764, 51, 347, 68, 35, '2380'),
	(1765, 189, 347, 68, 35, '2380'),
	(1766, 279, 347, 68, 35, '2380'),
	(1767, 289, 347, 68, 35, '2380'),
	(1768, 291, 347, 68, 35, '2380'),
	(1769, 341, 347, 68, 35, '2380'),
	(1770, 385, 347, 68, 35, '2380'),
	(1771, 28, 348, 57, 37, '2109'),
	(1772, 55, 348, 57, 37, '2109'),
	(1773, 62, 348, 57, 37, '2109'),
	(1774, 66, 348, 57, 37, '2109'),
	(1775, 120, 348, 57, 37, '2109'),
	(1776, 133, 348, 57, 37, '2109'),
	(1777, 134, 348, 57, 37, '2109'),
	(1778, 293, 348, 57, 37, '2109'),
	(1779, 312, 348, 57, 37, '2109'),
	(1780, 162, 349, 84, 21, '1764'),
	(1781, 314, 349, 84, 21, '1764'),
	(1782, 328, 349, 84, 21, '1764'),
	(1783, 330, 349, 84, 21, '1764'),
	(1784, 78, 350, 30, 4, '120'),
	(1785, 93, 350, 30, 4, '120'),
	(1786, 137, 350, 30, 4, '120'),
	(1787, 239, 350, 30, 4, '120'),
	(1788, 269, 350, 30, 4, '120'),
	(1789, 189, 351, 77, 88, '6776'),
	(1790, 209, 351, 77, 88, '6776'),
	(1791, 240, 351, 77, 88, '6776'),
	(1792, 320, 351, 77, 88, '6776'),
	(1793, 338, 351, 77, 88, '6776'),
	(1794, 70, 352, 55, 68, '3740'),
	(1795, 98, 352, 55, 68, '3740'),
	(1796, 200, 352, 55, 68, '3740'),
	(1797, 251, 352, 55, 68, '3740'),
	(1798, 19, 353, 13, 51, '663'),
	(1799, 144, 353, 13, 51, '663'),
	(1800, 183, 353, 13, 51, '663'),
	(1801, 253, 353, 13, 51, '663'),
	(1802, 375, 353, 13, 51, '663'),
	(1803, 74, 354, 6, 76, '456'),
	(1804, 131, 354, 6, 76, '456'),
	(1805, 283, 354, 6, 76, '456'),
	(1806, 104, 355, 1, 20, '20'),
	(1807, 184, 355, 1, 20, '20'),
	(1808, 390, 355, 1, 20, '20'),
	(1809, 171, 356, 10, 91, '910'),
	(1810, 182, 356, 10, 91, '910'),
	(1811, 260, 356, 10, 91, '910'),
	(1812, 391, 356, 10, 91, '910'),
	(1813, 52, 357, 99, 78, '7722'),
	(1814, 65, 357, 99, 78, '7722'),
	(1815, 121, 357, 99, 78, '7722'),
	(1816, 153, 357, 99, 78, '7722'),
	(1817, 220, 357, 99, 78, '7722'),
	(1818, 222, 357, 99, 78, '7722'),
	(1819, 224, 357, 99, 78, '7722'),
	(1820, 240, 357, 99, 78, '7722'),
	(1821, 241, 357, 99, 78, '7722'),
	(1822, 325, 357, 99, 78, '7722'),
	(1823, 83, 358, 92, 75, '6900'),
	(1824, 164, 358, 92, 75, '6900'),
	(1825, 384, 358, 92, 75, '6900'),
	(1826, 392, 358, 92, 75, '6900'),
	(1827, 35, 359, 48, 91, '4368'),
	(1828, 187, 359, 48, 91, '4368'),
	(1829, 101, 360, 80, 65, '5200'),
	(1830, 122, 360, 80, 65, '5200'),
	(1831, 36, 361, 55, 61, '3355'),
	(1832, 97, 361, 55, 61, '3355'),
	(1833, 190, 361, 55, 61, '3355'),
	(1834, 273, 361, 55, 61, '3355'),
	(1835, 290, 361, 55, 61, '3355'),
	(1836, 22, 362, 49, 36, '1764'),
	(1837, 93, 362, 49, 36, '1764'),
	(1838, 122, 362, 49, 36, '1764'),
	(1839, 163, 362, 49, 36, '1764'),
	(1840, 191, 362, 49, 36, '1764'),
	(1841, 250, 362, 49, 36, '1764'),
	(1842, 268, 362, 49, 36, '1764'),
	(1843, 271, 362, 49, 36, '1764'),
	(1844, 290, 362, 49, 36, '1764'),
	(1845, 394, 362, 49, 36, '1764'),
	(1846, 154, 363, 37, 71, '2627'),
	(1847, 204, 363, 37, 71, '2627'),
	(1848, 211, 363, 37, 71, '2627'),
	(1849, 231, 363, 37, 71, '2627'),
	(1850, 233, 363, 37, 71, '2627'),
	(1851, 305, 363, 37, 71, '2627'),
	(1852, 325, 363, 37, 71, '2627'),
	(1853, 365, 363, 37, 71, '2627'),
	(1854, 371, 363, 37, 71, '2627'),
	(1855, 374, 363, 37, 71, '2627'),
	(1856, 16, 364, 4, 55, '220'),
	(1857, 24, 364, 4, 55, '220'),
	(1858, 160, 364, 4, 55, '220'),
	(1859, 216, 364, 4, 55, '220'),
	(1860, 268, 364, 4, 55, '220'),
	(1861, 269, 364, 4, 55, '220'),
	(1862, 316, 364, 4, 55, '220'),
	(1863, 361, 364, 4, 55, '220'),
	(1864, 39, 365, 92, 36, '3312'),
	(1865, 12, 366, 28, 56, '1568'),
	(1866, 43, 366, 28, 56, '1568'),
	(1867, 97, 366, 28, 56, '1568'),
	(1868, 150, 366, 28, 56, '1568'),
	(1869, 230, 366, 28, 56, '1568'),
	(1870, 260, 366, 28, 56, '1568'),
	(1871, 329, 366, 28, 56, '1568'),
	(1872, 390, 366, 28, 56, '1568'),
	(1873, 61, 367, 20, 69, '1380'),
	(1874, 91, 367, 20, 69, '1380'),
	(1875, 144, 367, 20, 69, '1380'),
	(1876, 208, 367, 20, 69, '1380'),
	(1877, 218, 367, 20, 69, '1380'),
	(1878, 356, 367, 20, 69, '1380'),
	(1879, 398, 367, 20, 69, '1380'),
	(1880, 81, 368, 22, 100, '2200'),
	(1881, 245, 368, 22, 100, '2200'),
	(1882, 265, 368, 22, 100, '2200'),
	(1883, 16, 369, 46, 6, '276'),
	(1884, 42, 369, 46, 6, '276'),
	(1885, 99, 369, 46, 6, '276'),
	(1886, 107, 369, 46, 6, '276'),
	(1887, 188, 369, 46, 6, '276'),
	(1888, 225, 369, 46, 6, '276'),
	(1889, 306, 369, 46, 6, '276'),
	(1890, 333, 369, 46, 6, '276'),
	(1891, 355, 369, 46, 6, '276'),
	(1892, 83, 370, 18, 85, '1530'),
	(1893, 181, 370, 18, 85, '1530'),
	(1894, 193, 370, 18, 85, '1530'),
	(1895, 260, 370, 18, 85, '1530'),
	(1896, 286, 370, 18, 85, '1530'),
	(1897, 294, 370, 18, 85, '1530'),
	(1898, 366, 370, 18, 85, '1530'),
	(1899, 369, 370, 18, 85, '1530'),
	(1900, 26, 371, 76, 95, '7220'),
	(1901, 75, 371, 76, 95, '7220'),
	(1902, 78, 371, 76, 95, '7220'),
	(1903, 100, 371, 76, 95, '7220'),
	(1904, 109, 371, 76, 95, '7220'),
	(1905, 137, 371, 76, 95, '7220'),
	(1906, 177, 371, 76, 95, '7220'),
	(1907, 292, 371, 76, 95, '7220'),
	(1908, 58, 372, 65, 3, '195'),
	(1909, 100, 372, 65, 3, '195'),
	(1910, 125, 372, 65, 3, '195'),
	(1911, 254, 372, 65, 3, '195'),
	(1912, 297, 372, 65, 3, '195'),
	(1913, 359, 372, 65, 3, '195'),
	(1914, 375, 372, 65, 3, '195'),
	(1915, 43, 373, 29, 58, '1682'),
	(1916, 63, 373, 29, 58, '1682'),
	(1917, 67, 373, 29, 58, '1682'),
	(1918, 119, 373, 29, 58, '1682'),
	(1919, 147, 373, 29, 58, '1682'),
	(1920, 278, 373, 29, 58, '1682'),
	(1921, 293, 373, 29, 58, '1682'),
	(1922, 304, 373, 29, 58, '1682'),
	(1923, 348, 373, 29, 58, '1682'),
	(1924, 35, 374, 82, 43, '3526'),
	(1925, 49, 374, 82, 43, '3526'),
	(1926, 52, 374, 82, 43, '3526'),
	(1927, 118, 374, 82, 43, '3526'),
	(1928, 144, 374, 82, 43, '3526'),
	(1929, 147, 374, 82, 43, '3526'),
	(1930, 163, 374, 82, 43, '3526'),
	(1931, 379, 374, 82, 43, '3526'),
	(1932, 37, 375, 6, 38, '228'),
	(1933, 88, 375, 6, 38, '228'),
	(1934, 98, 375, 6, 38, '228'),
	(1935, 195, 375, 6, 38, '228'),
	(1936, 231, 375, 6, 38, '228'),
	(1937, 255, 375, 6, 38, '228'),
	(1938, 325, 375, 6, 38, '228'),
	(1939, 391, 375, 6, 38, '228'),
	(1940, 4, 376, 60, 56, '3360'),
	(1941, 14, 376, 60, 56, '3360'),
	(1942, 43, 376, 60, 56, '3360'),
	(1943, 75, 376, 60, 56, '3360'),
	(1944, 201, 376, 60, 56, '3360'),
	(1945, 221, 376, 60, 56, '3360'),
	(1946, 291, 376, 60, 56, '3360'),
	(1947, 307, 376, 60, 56, '3360'),
	(1948, 181, 377, 38, 78, '2964'),
	(1949, 227, 377, 38, 78, '2964'),
	(1950, 274, 377, 38, 78, '2964'),
	(1951, 174, 378, 39, 93, '3627'),
	(1952, 98, 379, 69, 47, '3243'),
	(1953, 182, 379, 69, 47, '3243'),
	(1954, 274, 379, 69, 47, '3243'),
	(1955, 280, 379, 69, 47, '3243'),
	(1956, 206, 380, 45, 46, '2070'),
	(1957, 217, 380, 45, 46, '2070'),
	(1958, 233, 380, 45, 46, '2070'),
	(1959, 400, 380, 45, 46, '2070'),
	(1960, 18, 381, 1, 43, '43'),
	(1961, 51, 381, 1, 43, '43'),
	(1962, 231, 381, 1, 43, '43'),
	(1963, 374, 381, 1, 43, '43'),
	(1964, 79, 382, 2, 24, '48'),
	(1965, 102, 382, 2, 24, '48'),
	(1966, 106, 382, 2, 24, '48'),
	(1967, 115, 382, 2, 24, '48'),
	(1968, 240, 382, 2, 24, '48'),
	(1969, 349, 382, 2, 24, '48'),
	(1970, 390, 382, 2, 24, '48'),
	(1971, 106, 383, 42, 6, '252'),
	(1972, 222, 383, 42, 6, '252'),
	(1973, 52, 384, 76, 44, '3344'),
	(1974, 55, 384, 76, 44, '3344'),
	(1975, 90, 384, 76, 44, '3344'),
	(1976, 159, 384, 76, 44, '3344'),
	(1977, 278, 384, 76, 44, '3344'),
	(1978, 298, 384, 76, 44, '3344'),
	(1979, 311, 384, 76, 44, '3344'),
	(1980, 16, 385, 91, 60, '5460'),
	(1981, 179, 385, 91, 60, '5460'),
	(1982, 217, 385, 91, 60, '5460'),
	(1983, 331, 385, 91, 60, '5460'),
	(1984, 5, 386, 61, 14, '854'),
	(1985, 14, 386, 61, 14, '854'),
	(1986, 34, 386, 61, 14, '854'),
	(1987, 68, 386, 61, 14, '854'),
	(1988, 78, 386, 61, 14, '854'),
	(1989, 125, 386, 61, 14, '854'),
	(1990, 205, 386, 61, 14, '854'),
	(1991, 211, 386, 61, 14, '854'),
	(1992, 300, 386, 61, 14, '854'),
	(1993, 365, 386, 61, 14, '854'),
	(1994, 52, 387, 53, 84, '4452'),
	(1995, 55, 387, 53, 84, '4452'),
	(1996, 103, 387, 53, 84, '4452'),
	(1997, 211, 387, 53, 84, '4452'),
	(1998, 346, 387, 53, 84, '4452'),
	(1999, 1, 388, 48, 31, '1488'),
	(2000, 35, 388, 48, 31, '1488'),
	(2001, 37, 388, 48, 31, '1488'),
	(2002, 45, 388, 48, 31, '1488'),
	(2003, 104, 388, 48, 31, '1488'),
	(2004, 108, 388, 48, 31, '1488'),
	(2005, 204, 388, 48, 31, '1488'),
	(2006, 241, 388, 48, 31, '1488'),
	(2007, 331, 388, 48, 31, '1488'),
	(2008, 253, 389, 33, 40, '1320'),
	(2009, 304, 389, 33, 40, '1320'),
	(2010, 172, 390, 4, 2, '8'),
	(2011, 10, 391, 90, 72, '6480'),
	(2012, 68, 391, 90, 72, '6480'),
	(2013, 145, 391, 90, 72, '6480'),
	(2014, 157, 391, 90, 72, '6480'),
	(2015, 193, 391, 90, 72, '6480'),
	(2016, 201, 391, 90, 72, '6480'),
	(2017, 260, 391, 90, 72, '6480'),
	(2018, 317, 391, 90, 72, '6480'),
	(2019, 331, 391, 90, 72, '6480'),
	(2020, 375, 391, 90, 72, '6480'),
	(2021, 47, 392, 47, 59, '2773'),
	(2022, 200, 392, 47, 59, '2773'),
	(2023, 94, 393, 95, 54, '5130'),
	(2024, 176, 393, 95, 54, '5130'),
	(2025, 177, 393, 95, 54, '5130'),
	(2026, 283, 393, 95, 54, '5130'),
	(2027, 323, 393, 95, 54, '5130'),
	(2028, 369, 393, 95, 54, '5130'),
	(2029, 62, 394, 48, 7, '336'),
	(2030, 76, 394, 48, 7, '336'),
	(2031, 106, 394, 48, 7, '336'),
	(2032, 268, 394, 48, 7, '336'),
	(2033, 278, 394, 48, 7, '336'),
	(2034, 286, 394, 48, 7, '336'),
	(2035, 387, 394, 48, 7, '336'),
	(2036, 398, 394, 48, 7, '336'),
	(2037, 33, 395, 26, 17, '442'),
	(2038, 83, 395, 26, 17, '442'),
	(2039, 89, 395, 26, 17, '442'),
	(2040, 143, 395, 26, 17, '442'),
	(2041, 280, 395, 26, 17, '442'),
	(2042, 254, 396, 89, 96, '8544'),
	(2043, 257, 396, 89, 96, '8544'),
	(2044, 13, 397, 7, 67, '469'),
	(2045, 225, 397, 7, 67, '469'),
	(2046, 187, 398, 22, 54, '1188'),
	(2047, 320, 398, 22, 54, '1188'),
	(2048, 39, 399, 22, 65, '1430'),
	(2049, 196, 399, 22, 65, '1430'),
	(2050, 331, 399, 22, 65, '1430'),
	(2051, 257, 400, 60, 76, '4560');

-- Dumping structure for table api_ventas.productos
CREATE TABLE IF NOT EXISTS `productos` (
  `id` bigint(20) unsigned NOT NULL AUTO_INCREMENT,
  `nombre` varchar(255) NOT NULL,
  `codigo` varchar(255) DEFAULT NULL,
  `precio` varchar(255) DEFAULT NULL,
  `disponible` varchar(255) DEFAULT NULL,
  PRIMARY KEY (`id`)
) ENGINE=InnoDB AUTO_INCREMENT=401 DEFAULT CHARSET=utf8mb4 COLLATE=utf8mb4_unicode_ci;

-- Dumping data for table api_ventas.productos: ~400 rows (approximately)
DELETE FROM `productos`;
INSERT INTO `productos` (`id`, `nombre`, `codigo`, `precio`, `disponible`) VALUES
	(1, 'saepe', '7074883625417', '33', '37'),
	(2, 'officia', '1382968781573', '6', '36'),
	(3, 'rem', '1379516900296', '54', '94'),
	(4, 'vero', '9925008067965', '82', '12'),
	(5, 'et', '4465518135051', '83', '85'),
	(6, 'tenetur', '0632074918334', '33', '20'),
	(7, 'ut', '2272551897868', '6', '51'),
	(8, 'omnis', '8773556181272', '91', '20'),
	(9, 'eum', '6944257836576', '86', '1'),
	(10, 'autem', '0470585275535', '69', '8'),
	(11, 'aut', '8593060267800', '44', '95'),
	(12, 'blanditiis', '0823435362785', '8', '60'),
	(13, 'omnis', '3813567236945', '93', '32'),
	(14, 'fuga', '3799077098313', '69', '74'),
	(15, 'qui', '8934886726063', '25', '14'),
	(16, 'tempore', '1841058243648', '55', '30'),
	(17, 'nostrum', '4212562967967', '35', '59'),
	(18, 'quo', '5606222410150', '4', '74'),
	(19, 'eaque', '7511841515286', '19', '13'),
	(20, 'impedit', '1648738622386', '87', '96'),
	(21, 'eos', '8730187081418', '23', '13'),
	(22, 'cupiditate', '5266224023132', '73', '18'),
	(23, 'cumque', '0599086082210', '99', '87'),
	(24, 'eius', '9983666527047', '24', '25'),
	(25, 'quidem', '7578041262006', '88', '42'),
	(26, 'qui', '5478240161372', '40', '15'),
	(27, 'totam', '9033743441053', '59', '30'),
	(28, 'beatae', '0569801699511', '31', '42'),
	(29, 'vitae', '9012411607694', '5', '76'),
	(30, 'qui', '1294570534204', '82', '87'),
	(31, 'accusantium', '2218053256963', '37', '45'),
	(32, 'ut', '0161423502424', '79', '35'),
	(33, 'ea', '0007585014156', '52', '74'),
	(34, 'sed', '3178003226615', '96', '22'),
	(35, 'accusantium', '6860856158119', '65', '15'),
	(36, 'rem', '3598564672025', '7', '80'),
	(37, 'est', '9468452388885', '59', '62'),
	(38, 'sint', '3988738725280', '65', '51'),
	(39, 'iste', '3754201496908', '53', '59'),
	(40, 'asperiores', '9302491477646', '85', '2'),
	(41, 'nesciunt', '1927137837820', '64', '71'),
	(42, 'nemo', '8904262539235', '7', '78'),
	(43, 'accusamus', '7046393313085', '45', '15'),
	(44, 'non', '4613126527359', '67', '74'),
	(45, 'cupiditate', '0529210071308', '82', '14'),
	(46, 'nesciunt', '5120625595776', '15', '64'),
	(47, 'laborum', '4917160363844', '23', '59'),
	(48, 'officia', '9636976735038', '12', '57'),
	(49, 'quisquam', '4131282439809', '67', '1'),
	(50, 'saepe', '6602143014841', '53', '29'),
	(51, 'et', '5927536138319', '72', '24'),
	(52, 'hic', '7521947640393', '14', '59'),
	(53, 'quae', '0015632214923', '61', '10'),
	(54, 'nihil', '2424945865841', '32', '91'),
	(55, 'aperiam', '6395099718788', '94', '44'),
	(56, 'minus', '8555793880626', '61', '17'),
	(57, 'minima', '0211575516340', '93', '40'),
	(58, 'sed', '5642313591285', '89', '4'),
	(59, 'consectetur', '4052268152805', '13', '71'),
	(60, 'nam', '6015375574005', '20', '71'),
	(61, 'labore', '8102123085154', '98', '78'),
	(62, 'molestias', '8166506041311', '87', '90'),
	(63, 'sit', '0561225942402', '49', '42'),
	(64, 'officiis', '2801718346712', '83', '98'),
	(65, 'ipsam', '1814478735048', '8', '3'),
	(66, 'sit', '9326385041744', '83', '75'),
	(67, 'veritatis', '2710989657796', '25', '98'),
	(68, 'doloribus', '1920837484554', '41', '57'),
	(69, 'velit', '4125606098339', '8', '14'),
	(70, 'facere', '6237918959227', '63', '77'),
	(71, 'et', '5979571981252', '25', '42'),
	(72, 'adipisci', '5583481704483', '100', '30'),
	(73, 'sunt', '9782724030563', '81', '57'),
	(74, 'sit', '3953277168294', '59', '93'),
	(75, 'a', '9818748659906', '18', '59'),
	(76, 'aut', '4202055046262', '82', '37'),
	(77, 'vel', '5878379490631', '89', '37'),
	(78, 'culpa', '5807867404805', '23', '60'),
	(79, 'voluptate', '2710102214110', '74', '40'),
	(80, 'explicabo', '7469695581721', '40', '39'),
	(81, 'exercitationem', '0227803873406', '53', '21'),
	(82, 'suscipit', '8484678485673', '54', '69'),
	(83, 'omnis', '4624589277613', '16', '33'),
	(84, 'veritatis', '2917661198817', '84', '50'),
	(85, 'magni', '4538693516981', '77', '73'),
	(86, 'doloribus', '0595673209343', '71', '40'),
	(87, 'libero', '6365776192514', '22', '14'),
	(88, 'est', '3335165252146', '70', '52'),
	(89, 'fugit', '4013172678201', '2', '28'),
	(90, 'quisquam', '0042549956141', '29', '72'),
	(91, 'rerum', '1513155486227', '29', '85'),
	(92, 'mollitia', '2545467289875', '16', '42'),
	(93, 'ut', '0650025896319', '5', '8'),
	(94, 'dignissimos', '6798052407086', '27', '82'),
	(95, 'voluptas', '3928153022953', '16', '92'),
	(96, 'delectus', '8297913977617', '28', '91'),
	(97, 'excepturi', '8916946202151', '59', '88'),
	(98, 'et', '8066410843240', '53', '97'),
	(99, 'esse', '8132620669649', '32', '63'),
	(100, 'qui', '4567893960218', '23', '40'),
	(101, 'reiciendis', '7221113960002', '41', '42'),
	(102, 'eum', '0291581329530', '86', '59'),
	(103, 'amet', '2556363311324', '79', '48'),
	(104, 'vero', '8766218334710', '16', '72'),
	(105, 'est', '0674089408011', '58', '33'),
	(106, 'consequatur', '7713863735684', '23', '80'),
	(107, 'adipisci', '9511547780238', '9', '11'),
	(108, 'sunt', '3211707102677', '94', '88'),
	(109, 'non', '9900104970470', '32', '96'),
	(110, 'rerum', '8546568838539', '74', '32'),
	(111, 'debitis', '8846921968898', '34', '75'),
	(112, 'id', '0426346863985', '73', '58'),
	(113, 'illum', '4928074184593', '99', '50'),
	(114, 'dignissimos', '8684781747143', '48', '98'),
	(115, 'cupiditate', '2025979078254', '50', '19'),
	(116, 'voluptatibus', '2832271242333', '33', '25'),
	(117, 'temporibus', '3408974827819', '58', '80'),
	(118, 'placeat', '8632728608705', '46', '85'),
	(119, 'neque', '3956341318755', '87', '79'),
	(120, 'voluptas', '9382528302493', '55', '45'),
	(121, 'est', '1709484282047', '53', '54'),
	(122, 'est', '5712314151259', '50', '7'),
	(123, 'optio', '4099793595202', '80', '62'),
	(124, 'facilis', '8669102135793', '95', '31'),
	(125, 'est', '3422025903093', '40', '26'),
	(126, 'enim', '7447887165393', '43', '38'),
	(127, 'unde', '5674319149818', '26', '62'),
	(128, 'voluptatem', '9800901735657', '77', '79'),
	(129, 'eum', '4829681533340', '4', '46'),
	(130, 'sint', '6965611657262', '15', '68'),
	(131, 'sit', '9057046669419', '65', '8'),
	(132, 'explicabo', '1610952242657', '88', '63'),
	(133, 'iure', '1280894843436', '69', '27'),
	(134, 'tempore', '9461620067636', '15', '88'),
	(135, 'est', '0508737213217', '83', '26'),
	(136, 'ut', '5242529033991', '21', '15'),
	(137, 'eveniet', '6674135490551', '12', '96'),
	(138, 'soluta', '3030329111399', '16', '86'),
	(139, 'est', '7643297300779', '81', '8'),
	(140, 'qui', '4559092995559', '96', '6'),
	(141, 'nulla', '3714481172763', '4', '22'),
	(142, 'aliquid', '6751392978173', '63', '78'),
	(143, 'debitis', '5333036138108', '81', '69'),
	(144, 'et', '1806786061346', '72', '35'),
	(145, 'laboriosam', '9528857622462', '76', '86'),
	(146, 'et', '3566445001516', '22', '8'),
	(147, 'est', '5339191194454', '8', '73'),
	(148, 'accusamus', '4312582691573', '62', '96'),
	(149, 'nihil', '5405394634025', '6', '13'),
	(150, 'rem', '9649731192021', '15', '37'),
	(151, 'velit', '5273474511951', '68', '45'),
	(152, 'consequatur', '8417578220303', '52', '12'),
	(153, 'mollitia', '7074215494995', '19', '98'),
	(154, 'consequatur', '1444665628626', '33', '68'),
	(155, 'eos', '4587485899948', '18', '76'),
	(156, 'voluptas', '6000722182156', '42', '84'),
	(157, 'velit', '5091921193815', '41', '6'),
	(158, 'voluptates', '7880426439843', '13', '42'),
	(159, 'quia', '0761081008513', '67', '83'),
	(160, 'quibusdam', '6169364960215', '77', '26'),
	(161, 'recusandae', '8314783780090', '80', '85'),
	(162, 'repellendus', '7484891610907', '42', '65'),
	(163, 'rem', '0621008154566', '79', '2'),
	(164, 'ipsa', '5885248349853', '57', '27'),
	(165, 'et', '3596231097300', '95', '79'),
	(166, 'dolor', '3974857755093', '33', '56'),
	(167, 'quaerat', '9109858816687', '60', '49'),
	(168, 'ducimus', '5539167711634', '92', '96'),
	(169, 'itaque', '7087714347242', '58', '20'),
	(170, 'et', '5163127637476', '82', '97'),
	(171, 'porro', '7300312825869', '2', '32'),
	(172, 'nam', '9524423637052', '31', '14'),
	(173, 'qui', '1438048179362', '100', '53'),
	(174, 'et', '2228617462587', '63', '38'),
	(175, 'culpa', '3713955378021', '49', '62'),
	(176, 'debitis', '5201499291145', '57', '83'),
	(177, 'sequi', '1470673437035', '56', '4'),
	(178, 'deserunt', '3703226577116', '16', '34'),
	(179, 'soluta', '7762749831774', '74', '30'),
	(180, 'explicabo', '0463049392374', '100', '75'),
	(181, 'quia', '1691685923600', '10', '2'),
	(182, 'dolor', '6934024874573', '50', '91'),
	(183, 'reprehenderit', '1786730058090', '29', '97'),
	(184, 'totam', '5596593870717', '52', '68'),
	(185, 'sunt', '3837363085316', '4', '76'),
	(186, 'nihil', '7274536514697', '78', '49'),
	(187, 'et', '3266807489753', '16', '86'),
	(188, 'distinctio', '3104291816344', '30', '60'),
	(189, 'quasi', '2853477417516', '29', '62'),
	(190, 'debitis', '7816386846773', '23', '13'),
	(191, 'quisquam', '8169859407148', '6', '32'),
	(192, 'aliquam', '4244633216520', '30', '42'),
	(193, 'voluptatem', '4507143204464', '47', '48'),
	(194, 'consectetur', '0463296416106', '74', '73'),
	(195, 'aut', '5312293706121', '8', '59'),
	(196, 'soluta', '6577198454983', '29', '42'),
	(197, 'voluptates', '9711997836398', '25', '14'),
	(198, 'in', '6600016762486', '39', '90'),
	(199, 'quis', '4252342867186', '58', '13'),
	(200, 'sit', '5026027806130', '60', '75'),
	(201, 'voluptatibus', '1054724182466', '8', '33'),
	(202, 'fugit', '3476920598816', '89', '73'),
	(203, 'quia', '1349220958531', '88', '32'),
	(204, 'nihil', '5362252060825', '70', '64'),
	(205, 'delectus', '5164430792951', '42', '50'),
	(206, 'aut', '2263339522621', '25', '40'),
	(207, 'asperiores', '5148802622664', '54', '7'),
	(208, 'voluptate', '7861564810848', '77', '98'),
	(209, 'facilis', '9636783786933', '28', '60'),
	(210, 'id', '2221441881623', '15', '59'),
	(211, 'vitae', '9689608333805', '51', '23'),
	(212, 'maxime', '5080603329864', '48', '69'),
	(213, 'molestias', '4511820068089', '66', '59'),
	(214, 'doloribus', '0086694538289', '40', '56'),
	(215, 'porro', '5959520500918', '76', '22'),
	(216, 'vitae', '2746163204050', '44', '74'),
	(217, 'qui', '9436855469265', '12', '36'),
	(218, 'quam', '3655958698723', '76', '75'),
	(219, 'magnam', '4856031112597', '79', '93'),
	(220, 'rerum', '1221144044487', '72', '90'),
	(221, 'dicta', '8583316890395', '53', '22'),
	(222, 'at', '2190229771114', '22', '51'),
	(223, 'unde', '7958245299761', '92', '47'),
	(224, 'error', '7001861089572', '13', '73'),
	(225, 'est', '9701503533460', '76', '50'),
	(226, 'asperiores', '9501954592258', '46', '5'),
	(227, 'tempore', '2808560272978', '77', '81'),
	(228, 'incidunt', '6286672349652', '35', '35'),
	(229, 'sint', '0018985107027', '32', '17'),
	(230, 'odio', '7557285063952', '58', '84'),
	(231, 'delectus', '2386948883706', '59', '62'),
	(232, 'ad', '1915621504457', '95', '35'),
	(233, 'odit', '4371278207474', '58', '9'),
	(234, 'sunt', '4949123648873', '2', '99'),
	(235, 'officia', '4263036560320', '66', '13'),
	(236, 'placeat', '2645444398375', '43', '6'),
	(237, 'facere', '3375691833501', '90', '11'),
	(238, 'ipsum', '6739231530256', '41', '94'),
	(239, 'et', '1916903966307', '31', '79'),
	(240, 'quia', '2237717474963', '9', '62'),
	(241, 'natus', '7349688194049', '19', '25'),
	(242, 'illo', '2622001200685', '88', '47'),
	(243, 'velit', '6327452450363', '21', '70'),
	(244, 'ea', '8032180119274', '51', '33'),
	(245, 'sed', '1828673090789', '51', '26'),
	(246, 'illo', '7990811555178', '60', '29'),
	(247, 'sed', '9223283057672', '27', '30'),
	(248, 'ut', '1616885114290', '8', '99'),
	(249, 'dignissimos', '0197346068341', '99', '94'),
	(250, 'dolores', '1661168269426', '42', '84'),
	(251, 'maxime', '2707076744996', '83', '39'),
	(252, 'molestiae', '5019173397317', '72', '9'),
	(253, 'quis', '9358954243976', '91', '9'),
	(254, 'velit', '7595086458126', '9', '52'),
	(255, 'qui', '8001073750900', '94', '98'),
	(256, 'voluptas', '9799734149420', '30', '4'),
	(257, 'animi', '8301030883048', '42', '79'),
	(258, 'voluptas', '6168898204260', '9', '88'),
	(259, 'sapiente', '4738617630452', '94', '86'),
	(260, 'expedita', '6827801828619', '26', '60'),
	(261, 'nesciunt', '2172211101741', '52', '15'),
	(262, 'dolorum', '0375616587482', '72', '61'),
	(263, 'voluptatem', '1446934997372', '86', '37'),
	(264, 'cum', '7318129951435', '99', '62'),
	(265, 'soluta', '6121477856175', '84', '11'),
	(266, 'omnis', '1490202243166', '10', '84'),
	(267, 'voluptatem', '9983030247502', '74', '39'),
	(268, 'quae', '1429717547131', '70', '67'),
	(269, 'odio', '6115368265610', '29', '11'),
	(270, 'deleniti', '9023682204727', '2', '82'),
	(271, 'dignissimos', '1273966480882', '54', '54'),
	(272, 'neque', '7887464838980', '39', '32'),
	(273, 'dolor', '7904738392297', '42', '64'),
	(274, 'totam', '3068317580117', '90', '81'),
	(275, 'non', '4567888348250', '89', '17'),
	(276, 'dolorum', '0859080245807', '95', '82'),
	(277, 'et', '9227692371619', '65', '21'),
	(278, 'similique', '9471746876326', '14', '67'),
	(279, 'et', '7029657667643', '90', '85'),
	(280, 'porro', '5859237897427', '76', '54'),
	(281, 'aut', '7014164553718', '88', '70'),
	(282, 'ex', '3877768469984', '34', '32'),
	(283, 'cumque', '3911619455839', '22', '69'),
	(284, 'reiciendis', '9364856072828', '93', '4'),
	(285, 'aut', '8614347846621', '90', '13'),
	(286, 'amet', '1354499591228', '54', '56'),
	(287, 'doloribus', '1075609963062', '52', '84'),
	(288, 'occaecati', '3264617224229', '12', '13'),
	(289, 'exercitationem', '2030798909825', '76', '32'),
	(290, 'incidunt', '5959485047145', '16', '56'),
	(291, 'maxime', '9767321380921', '83', '42'),
	(292, 'est', '5871601868772', '12', '21'),
	(293, 'et', '4408273580490', '55', '83'),
	(294, 'nostrum', '7209576838021', '42', '66'),
	(295, 'nisi', '0130515225930', '18', '43'),
	(296, 'in', '3396032654159', '62', '20'),
	(297, 'cupiditate', '6466795201321', '50', '70'),
	(298, 'sed', '1049286749172', '96', '38'),
	(299, 'unde', '5087327587532', '80', '19'),
	(300, 'distinctio', '0055377405521', '34', '87'),
	(301, 'autem', '1623863792128', '84', '90'),
	(302, 'asperiores', '6416867438551', '50', '66'),
	(303, 'rerum', '8737998668265', '52', '66'),
	(304, 'necessitatibus', '7578651544516', '21', '62'),
	(305, 'voluptatibus', '0882782183450', '93', '97'),
	(306, 'consequatur', '4451571126426', '21', '66'),
	(307, 'unde', '6958836296774', '74', '86'),
	(308, 'fugit', '0832997939380', '30', '52'),
	(309, 'quis', '3959656886353', '9', '79'),
	(310, 'aspernatur', '3560149569556', '77', '8'),
	(311, 'maxime', '5117677904540', '72', '29'),
	(312, 'molestiae', '0924077982000', '97', '17'),
	(313, 'sit', '0378520842067', '77', '94'),
	(314, 'autem', '5044407518510', '50', '47'),
	(315, 'numquam', '9933758144706', '96', '18'),
	(316, 'et', '8209604909173', '14', '56'),
	(317, 'et', '3969981681158', '99', '91'),
	(318, 'hic', '0092930127155', '3', '23'),
	(319, 'non', '0588302271118', '10', '96'),
	(320, 'deserunt', '4654756683268', '12', '17'),
	(321, 'distinctio', '0106846520648', '38', '52'),
	(322, 'tenetur', '4709941942412', '17', '43'),
	(323, 'sint', '7729315462602', '99', '64'),
	(324, 'voluptas', '0787669794647', '55', '14'),
	(325, 'rerum', '2905625980769', '72', '30'),
	(326, 'nam', '6017444415820', '97', '39'),
	(327, 'nesciunt', '3105354975497', '42', '82'),
	(328, 'nisi', '9045872578906', '22', '66'),
	(329, 'ad', '1367079881763', '92', '2'),
	(330, 'provident', '5069190549954', '56', '27'),
	(331, 'sunt', '3948542890451', '63', '24'),
	(332, 'corporis', '4255076299230', '49', '31'),
	(333, 'reiciendis', '3476233560098', '70', '1'),
	(334, 'sit', '1223959435948', '89', '12'),
	(335, 'repellat', '0861938355026', '12', '69'),
	(336, 'aut', '7781349973813', '2', '67'),
	(337, 'debitis', '4511589391350', '27', '43'),
	(338, 'eligendi', '4711153640369', '84', '3'),
	(339, 'odio', '2133942328227', '82', '51'),
	(340, 'omnis', '3340181903064', '67', '26'),
	(341, 'cupiditate', '4937799598387', '57', '21'),
	(342, 'et', '6839562443468', '50', '14'),
	(343, 'eius', '6264908744747', '61', '93'),
	(344, 'voluptatum', '7443534836852', '84', '41'),
	(345, 'rerum', '3813261545268', '64', '90'),
	(346, 'officia', '6082819862479', '6', '37'),
	(347, 'ut', '5287893181602', '7', '80'),
	(348, 'culpa', '2732397813359', '43', '57'),
	(349, 'ab', '9180629815054', '66', '91'),
	(350, 'autem', '2160763224131', '47', '98'),
	(351, 'sapiente', '0915664650358', '13', '33'),
	(352, 'fuga', '4832717297529', '25', '91'),
	(353, 'consequuntur', '2368104313166', '45', '92'),
	(354, 'eum', '1515516240998', '82', '39'),
	(355, 'qui', '2367192599698', '76', '57'),
	(356, 'ut', '7428277194346', '62', '87'),
	(357, 'esse', '5046815502860', '67', '59'),
	(358, 'corrupti', '6655505676669', '96', '43'),
	(359, 'et', '1021577034846', '85', '73'),
	(360, 'aut', '3227691370909', '11', '89'),
	(361, 'et', '2221981855733', '14', '38'),
	(362, 'ducimus', '9474819634540', '31', '10'),
	(363, 'iusto', '0039123053174', '2', '47'),
	(364, 'accusamus', '5078349330305', '38', '87'),
	(365, 'corrupti', '0818417649480', '100', '38'),
	(366, 'rerum', '1281216673106', '48', '36'),
	(367, 'velit', '7686597875691', '50', '7'),
	(368, 'soluta', '2143796686190', '91', '74'),
	(369, 'quam', '1680741138720', '10', '8'),
	(370, 'quidem', '3638229539390', '88', '100'),
	(371, 'eaque', '8370740162736', '64', '31'),
	(372, 'harum', '9492763937159', '79', '71'),
	(373, 'saepe', '0026741438704', '85', '98'),
	(374, 'aut', '7075489855802', '62', '96'),
	(375, 'magnam', '1861282248745', '38', '83'),
	(376, 'nemo', '2110761181486', '24', '26'),
	(377, 'architecto', '4655938576316', '83', '64'),
	(378, 'velit', '4260228257624', '44', '64'),
	(379, 'quae', '8591919734190', '96', '73'),
	(380, 'et', '1215352045701', '6', '50'),
	(381, 'eos', '3217588041883', '36', '82'),
	(382, 'amet', '3001776533959', '51', '10'),
	(383, 'in', '6660187224664', '79', '19'),
	(384, 'consequuntur', '4738256309344', '17', '68'),
	(385, 'esse', '5037600636105', '45', '47'),
	(386, 'provident', '9115463192016', '79', '78'),
	(387, 'tempora', '8855320968439', '34', '16'),
	(388, 'et', '2174391953448', '61', '49'),
	(389, 'dolore', '3347924282349', '14', '87'),
	(390, 'non', '1017468957462', '66', '72'),
	(391, 'deleniti', '3380030391352', '6', '46'),
	(392, 'nihil', '0711581779567', '92', '58'),
	(393, 'fugiat', '1688971925356', '13', '57'),
	(394, 'enim', '3487966620591', '65', '74'),
	(395, 'dignissimos', '6754569144692', '95', '98'),
	(396, 'eligendi', '1410036647510', '45', '64'),
	(397, 'quia', '0729232405260', '30', '11'),
	(398, 'ullam', '1892623683611', '26', '76'),
	(399, 'dolor', '8622908194524', '39', '1'),
	(400, 'eius', '8865040286560', '22', '39');

-- Dumping structure for table api_ventas.proveedores
CREATE TABLE IF NOT EXISTS `proveedores` (
  `id` bigint(20) unsigned NOT NULL AUTO_INCREMENT,
  `nombre` varchar(255) NOT NULL,
  `telefono` varchar(255) DEFAULT NULL,
  `direccion` varchar(255) DEFAULT NULL,
  PRIMARY KEY (`id`)
) ENGINE=InnoDB AUTO_INCREMENT=101 DEFAULT CHARSET=utf8mb4 COLLATE=utf8mb4_unicode_ci;

-- Dumping data for table api_ventas.proveedores: ~100 rows (approximately)
DELETE FROM `proveedores`;
INSERT INTO `proveedores` (`id`, `nombre`, `telefono`, `direccion`) VALUES
	(1, 'voluptatem', 'ut', 'pariatur'),
	(2, 'deserunt', 'hic', 'tempore'),
	(3, 'voluptatum', 'nemo', 'est'),
	(4, 'enim', 'quos', 'delectus'),
	(5, 'ducimus', 'aut', 'nulla'),
	(6, 'officiis', 'dignissimos', 'alias'),
	(7, 'voluptatem', 'deleniti', 'et'),
	(8, 'praesentium', 'nulla', 'ipsam'),
	(9, 'commodi', 'provident', 'sunt'),
	(10, 'eaque', 'consectetur', 'voluptatem'),
	(11, 'quia', 'ducimus', 'modi'),
	(12, 'sint', 'modi', 'sed'),
	(13, 'nobis', 'unde', 'sed'),
	(14, 'amet', 'repellendus', 'consequatur'),
	(15, 'ea', 'unde', 'quia'),
	(16, 'ut', 'non', 'enim'),
	(17, 'reiciendis', 'quae', 'eaque'),
	(18, 'nulla', 'delectus', 'quo'),
	(19, 'consequatur', 'voluptatem', 'sunt'),
	(20, 'et', 'dolorum', 'dolor'),
	(21, 'voluptates', 'eos', 'odio'),
	(22, 'dolores', 'quis', 'magni'),
	(23, 'vel', 'qui', 'molestiae'),
	(24, 'et', 'voluptatem', 'nostrum'),
	(25, 'fuga', 'molestiae', 'et'),
	(26, 'earum', 'sint', 'est'),
	(27, 'aspernatur', 'neque', 'debitis'),
	(28, 'atque', 'quia', 'sit'),
	(29, 'qui', 'nihil', 'molestias'),
	(30, 'quasi', 'sit', 'nobis'),
	(31, 'exercitationem', 'ratione', 'error'),
	(32, 'et', 'explicabo', 'et'),
	(33, 'quaerat', 'nesciunt', 'aut'),
	(34, 'nobis', 'quis', 'amet'),
	(35, 'expedita', 'ex', 'libero'),
	(36, 'velit', 'dicta', 'in'),
	(37, 'aut', 'aut', 'quia'),
	(38, 'sapiente', 'nesciunt', 'dolores'),
	(39, 'aut', 'et', 'dolor'),
	(40, 'perferendis', 'iusto', 'error'),
	(41, 'consequatur', 'debitis', 'error'),
	(42, 'rerum', 'sed', 'culpa'),
	(43, 'ab', 'sed', 'sunt'),
	(44, 'minus', 'aut', 'voluptates'),
	(45, 'ut', 'fugiat', 'voluptate'),
	(46, 'enim', 'rem', 'natus'),
	(47, 'omnis', 'corrupti', 'ea'),
	(48, 'adipisci', 'quos', 'fugiat'),
	(49, 'itaque', 'dolore', 'ea'),
	(50, 'quam', 'est', 'sequi'),
	(51, 'eligendi', 'distinctio', 'eius'),
	(52, 'atque', 'deserunt', 'id'),
	(53, 'quo', 'iste', 'dolorem'),
	(54, 'est', 'recusandae', 'molestiae'),
	(55, 'quibusdam', 'qui', 'reprehenderit'),
	(56, 'at', 'adipisci', 'repellendus'),
	(57, 'dolorem', 'et', 'quod'),
	(58, 'cupiditate', 'et', 'dolor'),
	(59, 'id', 'totam', 'sunt'),
	(60, 'repellat', 'assumenda', 'eveniet'),
	(61, 'voluptas', 'harum', 'quis'),
	(62, 'ipsum', 'ipsum', 'illum'),
	(63, 'quisquam', 'repellat', 'reiciendis'),
	(64, 'est', 'occaecati', 'cum'),
	(65, 'et', 'debitis', 'quidem'),
	(66, 'unde', 'enim', 'non'),
	(67, 'quis', 'libero', 'non'),
	(68, 'exercitationem', 'distinctio', 'blanditiis'),
	(69, 'aut', 'vitae', 'dolor'),
	(70, 'occaecati', 'nam', 'ad'),
	(71, 'omnis', 'ipsum', 'aut'),
	(72, 'in', 'voluptas', 'dolor'),
	(73, 'ipsam', 'ullam', 'exercitationem'),
	(74, 'aut', 'et', 'omnis'),
	(75, 'voluptas', 'maiores', 'excepturi'),
	(76, 'qui', 'distinctio', 'ab'),
	(77, 'ipsa', 'aut', 'suscipit'),
	(78, 'qui', 'qui', 'nesciunt'),
	(79, 'similique', 'et', 'hic'),
	(80, 'pariatur', 'voluptatem', 'ut'),
	(81, 'ipsam', 'est', 'iusto'),
	(82, 'laudantium', 'et', 'provident'),
	(83, 'id', 'aut', 'accusamus'),
	(84, 'et', 'ut', 'aperiam'),
	(85, 'voluptas', 'voluptatem', 'recusandae'),
	(86, 'quas', 'quia', 'ea'),
	(87, 'cum', 'voluptate', 'optio'),
	(88, 'recusandae', 'placeat', 'accusamus'),
	(89, 'et', 'sapiente', 'ullam'),
	(90, 'minima', 'dolor', 'dolores'),
	(91, 'id', 'autem', 'quo'),
	(92, 'voluptatibus', 'harum', 'sunt'),
	(93, 'enim', 'natus', 'esse'),
	(94, 'aut', 'alias', 'optio'),
	(95, 'saepe', 'consequatur', 'atque'),
	(96, 'accusantium', 'ad', 'mollitia'),
	(97, 'provident', 'enim', 'ratione'),
	(98, 'inventore', 'id', 'corrupti'),
	(99, 'sapiente', 'illo', 'itaque'),
	(100, 'autem', 'quasi', 'totam');

-- Dumping structure for table api_ventas.ventas
CREATE TABLE IF NOT EXISTS `ventas` (
  `id` bigint(20) unsigned NOT NULL AUTO_INCREMENT,
  `fecha` varchar(255) NOT NULL,
  `cliente_id` bigint(20) unsigned DEFAULT NULL,
  `monto` double DEFAULT NULL,
  PRIMARY KEY (`id`),
  KEY `ventas_cliente_id_foreign` (`cliente_id`),
  CONSTRAINT `ventas_cliente_id_foreign` FOREIGN KEY (`cliente_id`) REFERENCES `clientes` (`id`)
) ENGINE=InnoDB AUTO_INCREMENT=401 DEFAULT CHARSET=utf8mb4 COLLATE=utf8mb4_unicode_ci;

-- Dumping data for table api_ventas.ventas: ~400 rows (approximately)
DELETE FROM `ventas`;
INSERT INTO `ventas` (`id`, `fecha`, `cliente_id`, `monto`) VALUES
	(1, '2024-05-28 10:36:21', 36, 56),
	(2, '2023-07-24 13:45:03', 48, 37),
	(3, '2023-12-30 05:38:12', 24, 78),
	(4, '2024-02-07 06:09:42', 77, 56),
	(5, '2023-06-30 03:41:07', 88, 8),
	(6, '2024-03-30 10:23:55', 87, 78),
	(7, '2024-04-28 23:09:30', 12, 100),
	(8, '2023-10-06 22:52:28', 19, 23),
	(9, '2023-08-07 06:12:24', 95, 67),
	(10, '2024-02-07 16:32:08', 89, 30),
	(11, '2023-09-29 06:28:35', 58, 21),
	(12, '2023-11-30 16:38:36', 81, 77),
	(13, '2024-04-02 07:48:56', 5, 11),
	(14, '2023-09-15 12:34:41', 75, 91),
	(15, '2024-03-10 13:15:44', 1, 30),
	(16, '2023-09-10 04:58:09', 65, 100),
	(17, '2024-02-10 03:52:36', 77, 89),
	(18, '2024-06-01 00:40:51', 31, 38),
	(19, '2024-04-05 19:16:32', 9, 75),
	(20, '2024-04-12 03:34:00', 52, 82),
	(21, '2023-11-08 04:29:19', 74, 1),
	(22, '2024-05-19 08:23:17', 55, 12),
	(23, '2023-09-24 00:52:58', 83, 37),
	(24, '2023-07-05 16:29:33', 11, 55),
	(25, '2023-10-22 12:15:22', 71, 25),
	(26, '2024-02-10 23:58:12', 27, 35),
	(27, '2024-04-16 05:30:08', 95, 86),
	(28, '2023-09-21 06:51:09', 20, 26),
	(29, '2024-02-10 00:43:49', 95, 31),
	(30, '2023-08-30 21:59:53', 27, 44),
	(31, '2024-06-16 12:01:29', 88, 62),
	(32, '2023-09-28 02:55:44', 3, 86),
	(33, '2024-06-03 03:24:17', 40, 17),
	(34, '2024-03-16 19:53:32', 59, 54),
	(35, '2024-05-18 20:08:03', 37, 79),
	(36, '2023-07-07 08:29:16', 74, 70),
	(37, '2024-03-06 19:53:59', 80, 15),
	(38, '2024-03-19 07:22:04', 71, 88),
	(39, '2023-07-21 01:25:28', 70, 55),
	(40, '2024-02-29 16:09:18', 77, 50),
	(41, '2024-02-15 10:59:14', 25, 62),
	(42, '2023-12-21 20:03:11', 33, 15),
	(43, '2024-05-31 03:25:44', 95, 89),
	(44, '2023-11-22 19:25:22', 8, 53),
	(45, '2023-08-27 20:10:00', 84, 48),
	(46, '2024-02-01 10:12:14', 12, 64),
	(47, '2023-09-11 03:39:58', 84, 60),
	(48, '2024-06-01 07:02:18', 46, 59),
	(49, '2024-06-04 05:56:16', 32, 69),
	(50, '2024-03-12 14:50:11', 30, 39),
	(51, '2024-01-12 03:17:13', 60, 50),
	(52, '2023-12-04 11:57:57', 54, 83),
	(53, '2023-09-26 06:42:23', 9, 93),
	(54, '2024-03-28 15:00:59', 66, 81),
	(55, '2023-11-06 23:39:48', 58, 65),
	(56, '2023-12-06 09:13:26', 94, 63),
	(57, '2023-08-25 01:02:33', 32, 82),
	(58, '2024-04-13 22:11:35', 9, 30),
	(59, '2023-06-26 19:48:33', 53, 42),
	(60, '2023-10-27 16:05:36', 85, 6),
	(61, '2024-04-22 03:00:34', 74, 49),
	(62, '2024-01-18 19:12:58', 46, 25),
	(63, '2024-06-11 22:41:30', 69, 82),
	(64, '2024-03-12 19:24:44', 25, 89),
	(65, '2023-07-18 05:31:58', 10, 55),
	(66, '2024-04-25 01:15:56', 48, 28),
	(67, '2024-04-20 17:50:40', 82, 55),
	(68, '2024-01-30 16:05:38', 51, 70),
	(69, '2023-11-10 16:28:20', 10, 32),
	(70, '2024-04-16 23:00:00', 61, 9),
	(71, '2024-03-31 23:39:52', 24, 79),
	(72, '2023-12-13 16:42:51', 28, 33),
	(73, '2023-08-27 14:42:29', 75, 86),
	(74, '2023-07-02 19:14:52', 38, 15),
	(75, '2023-11-20 22:27:31', 44, 96),
	(76, '2023-11-29 22:30:20', 12, 94),
	(77, '2023-12-02 08:13:58', 67, 100),
	(78, '2024-06-17 11:33:55', 17, 71),
	(79, '2023-06-19 23:05:53', 69, 39),
	(80, '2023-12-24 04:44:14', 7, 27),
	(81, '2023-07-29 02:48:17', 59, 30),
	(82, '2024-05-14 07:26:13', 71, 45),
	(83, '2023-07-03 07:02:57', 17, 1),
	(84, '2023-06-28 13:27:38', 51, 31),
	(85, '2023-07-21 10:01:01', 71, 75),
	(86, '2024-03-19 04:31:01', 77, 42),
	(87, '2024-02-25 17:56:24', 72, 59),
	(88, '2024-01-18 05:33:00', 43, 82),
	(89, '2024-01-01 08:44:41', 69, 77),
	(90, '2023-06-18 23:27:34', 48, 20),
	(91, '2024-04-15 19:22:25', 81, 6),
	(92, '2023-09-18 02:19:58', 40, 16),
	(93, '2023-09-03 13:00:30', 34, 31),
	(94, '2023-11-05 15:13:17', 28, 15),
	(95, '2024-04-10 10:08:35', 75, 94),
	(96, '2024-04-17 12:40:53', 39, 40),
	(97, '2024-02-21 05:38:32', 13, 75),
	(98, '2023-08-14 05:05:37', 48, 12),
	(99, '2024-06-09 16:32:50', 73, 38),
	(100, '2023-10-16 15:57:05', 64, 71),
	(101, '2023-08-09 08:41:53', 76, 12),
	(102, '2024-01-25 06:35:27', 37, 85),
	(103, '2024-02-28 12:57:01', 43, 48),
	(104, '2023-12-22 08:23:42', 12, 93),
	(105, '2024-04-25 16:50:09', 31, 53),
	(106, '2023-08-24 02:16:57', 15, 68),
	(107, '2023-06-27 13:19:25', 29, 26),
	(108, '2023-07-29 15:55:46', 72, 70),
	(109, '2024-03-05 08:38:58', 17, 37),
	(110, '2023-10-17 15:37:07', 41, 45),
	(111, '2023-09-02 09:45:11', 51, 42),
	(112, '2023-12-17 20:29:18', 99, 82),
	(113, '2023-10-09 09:40:13', 51, 7),
	(114, '2023-08-11 00:39:29', 79, 100),
	(115, '2023-09-01 04:06:59', 75, 27),
	(116, '2024-04-09 01:14:53', 30, 93),
	(117, '2024-01-30 00:28:53', 25, 12),
	(118, '2023-08-15 00:44:01', 42, 32),
	(119, '2024-01-14 08:59:49', 11, 6),
	(120, '2023-10-24 03:51:56', 22, 84),
	(121, '2024-02-18 08:51:13', 92, 38),
	(122, '2024-01-14 18:09:01', 53, 16),
	(123, '2023-08-05 14:24:15', 82, 82),
	(124, '2024-01-18 18:51:54', 59, 20),
	(125, '2023-12-14 17:00:37', 61, 100),
	(126, '2024-01-25 18:38:27', 19, 7),
	(127, '2023-09-10 07:47:24', 49, 24),
	(128, '2023-11-04 07:53:27', 99, 71),
	(129, '2023-09-08 22:51:07', 67, 38),
	(130, '2023-10-22 05:28:14', 15, 30),
	(131, '2024-05-28 17:30:03', 54, 74),
	(132, '2023-12-20 23:11:53', 72, 9),
	(133, '2024-03-06 19:39:13', 37, 2),
	(134, '2023-11-04 12:46:03', 48, 65),
	(135, '2024-04-03 11:43:25', 58, 92),
	(136, '2024-06-15 06:00:56', 24, 58),
	(137, '2024-04-08 06:37:05', 43, 56),
	(138, '2023-09-03 19:57:27', 5, 55),
	(139, '2023-11-14 11:25:24', 21, 93),
	(140, '2024-05-16 06:00:17', 98, 84),
	(141, '2024-01-10 18:14:02', 77, 94),
	(142, '2023-10-08 00:08:52', 81, 2),
	(143, '2024-05-06 13:23:27', 14, 18),
	(144, '2024-01-20 13:59:45', 17, 100),
	(145, '2024-03-04 02:47:19', 87, 46),
	(146, '2024-06-06 19:59:02', 83, 84),
	(147, '2023-11-09 16:04:10', 42, 6),
	(148, '2023-11-02 19:54:16', 1, 13),
	(149, '2023-08-29 10:02:25', 47, 21),
	(150, '2024-05-10 10:30:25', 13, 60),
	(151, '2024-05-10 12:57:03', 86, 70),
	(152, '2024-04-18 08:40:10', 63, 30),
	(153, '2023-12-04 08:09:51', 13, 93),
	(154, '2023-09-08 11:58:31', 8, 41),
	(155, '2023-11-06 03:39:45', 82, 61),
	(156, '2024-04-08 00:27:12', 11, 12),
	(157, '2024-04-30 19:42:07', 26, 83),
	(158, '2023-06-21 15:00:04', 27, 51),
	(159, '2023-11-20 06:26:58', 51, 81),
	(160, '2023-07-18 23:51:49', 62, 37),
	(161, '2023-08-14 06:54:29', 7, 68),
	(162, '2023-09-18 16:59:25', 76, 55),
	(163, '2023-07-07 12:51:15', 91, 100),
	(164, '2024-05-10 06:37:23', 54, 59),
	(165, '2023-10-01 19:00:45', 22, 81),
	(166, '2023-07-08 13:04:26', 58, 93),
	(167, '2024-01-18 17:48:35', 58, 68),
	(168, '2024-04-15 14:51:46', 49, 30),
	(169, '2024-04-04 02:04:08', 66, 31),
	(170, '2023-10-15 14:59:22', 71, 53),
	(171, '2023-11-15 01:23:25', 20, 81),
	(172, '2023-08-12 02:19:34', 93, 6),
	(173, '2023-08-17 10:20:23', 12, 39),
	(174, '2024-02-28 03:15:20', 3, 22),
	(175, '2024-04-17 22:41:16', 27, 49),
	(176, '2024-02-04 10:22:06', 70, 96),
	(177, '2023-08-03 05:58:01', 79, 86),
	(178, '2023-09-24 09:15:08', 85, 34),
	(179, '2024-01-02 19:24:18', 63, 3),
	(180, '2023-12-17 17:02:28', 77, 36),
	(181, '2023-09-28 06:21:50', 71, 51),
	(182, '2023-12-02 20:15:28', 1, 43),
	(183, '2024-03-19 11:00:47', 12, 26),
	(184, '2024-01-31 00:23:15', 24, 100),
	(185, '2024-02-26 01:48:00', 100, 79),
	(186, '2023-08-04 23:21:31', 46, 27),
	(187, '2024-06-15 09:13:08', 68, 61),
	(188, '2023-07-26 14:32:55', 14, 78),
	(189, '2023-11-15 05:41:43', 49, 34),
	(190, '2024-01-17 15:10:12', 72, 13),
	(191, '2024-05-02 03:35:47', 62, 3),
	(192, '2023-12-26 05:04:29', 43, 16),
	(193, '2024-06-03 01:25:00', 25, 9),
	(194, '2023-12-13 12:45:47', 93, 30),
	(195, '2024-03-10 21:59:58', 84, 55),
	(196, '2023-06-29 10:40:20', 97, 97),
	(197, '2024-01-23 12:40:54', 92, 18),
	(198, '2024-05-24 19:33:52', 16, 29),
	(199, '2023-07-24 04:51:56', 65, 73),
	(200, '2023-07-08 15:57:09', 72, 3),
	(201, '2024-04-03 02:46:28', 58, 76),
	(202, '2023-10-17 18:31:45', 98, 36),
	(203, '2023-09-07 13:12:47', 31, 20),
	(204, '2023-11-28 20:30:07', 90, 52),
	(205, '2023-07-07 04:43:56', 50, 11),
	(206, '2023-09-11 09:26:40', 47, 82),
	(207, '2024-02-09 23:52:58', 48, 67),
	(208, '2024-03-08 19:19:07', 95, 35),
	(209, '2023-07-21 01:02:20', 71, 60),
	(210, '2023-07-03 00:18:13', 2, 84),
	(211, '2024-06-09 15:11:02', 77, 9),
	(212, '2024-05-03 16:43:53', 84, 91),
	(213, '2023-09-28 02:04:37', 62, 46),
	(214, '2023-10-23 05:18:36', 46, 32),
	(215, '2024-02-15 08:58:32', 8, 49),
	(216, '2024-05-09 05:32:12', 26, 63),
	(217, '2024-04-03 05:32:57', 81, 27),
	(218, '2024-01-29 02:03:35', 12, 69),
	(219, '2023-09-30 10:32:05', 22, 82),
	(220, '2023-08-02 21:44:57', 20, 20),
	(221, '2023-12-26 18:30:20', 28, 39),
	(222, '2023-08-05 14:01:16', 92, 96),
	(223, '2023-08-08 20:47:42', 10, 65),
	(224, '2024-06-08 20:58:52', 64, 63),
	(225, '2024-02-09 10:46:30', 64, 24),
	(226, '2023-06-25 12:28:47', 93, 91),
	(227, '2024-03-19 18:36:50', 4, 78),
	(228, '2023-11-21 11:50:26', 26, 2),
	(229, '2023-07-04 10:53:55', 93, 83),
	(230, '2024-06-12 19:05:45', 99, 39),
	(231, '2024-02-11 22:23:42', 72, 52),
	(232, '2023-08-04 07:43:26', 99, 85),
	(233, '2024-06-03 01:00:05', 99, 94),
	(234, '2023-08-26 04:04:49', 42, 69),
	(235, '2024-03-29 08:53:57', 28, 70),
	(236, '2024-02-13 22:35:52', 77, 64),
	(237, '2023-09-08 04:06:19', 49, 53),
	(238, '2023-10-05 08:46:32', 51, 43),
	(239, '2024-02-11 13:23:11', 74, 6),
	(240, '2024-02-24 03:46:34', 39, 25),
	(241, '2023-11-01 06:34:33', 88, 23),
	(242, '2023-07-23 04:03:58', 70, 17),
	(243, '2024-04-08 12:44:42', 44, 8),
	(244, '2023-08-28 11:39:00', 72, 84),
	(245, '2024-03-01 18:12:36', 61, 85),
	(246, '2024-02-17 23:44:28', 8, 23),
	(247, '2023-09-27 02:16:01', 63, 41),
	(248, '2023-12-13 17:35:59', 12, 77),
	(249, '2023-07-31 05:37:14', 22, 4),
	(250, '2024-02-19 12:58:13', 60, 90),
	(251, '2023-11-19 13:29:50', 52, 40),
	(252, '2023-09-29 23:08:25', 80, 24),
	(253, '2024-05-20 19:25:55', 98, 80),
	(254, '2023-09-13 20:59:48', 26, 54),
	(255, '2023-10-27 06:36:11', 9, 67),
	(256, '2024-05-03 06:36:18', 57, 26),
	(257, '2023-11-28 05:01:33', 44, 48),
	(258, '2023-06-29 03:23:04', 69, 32),
	(259, '2023-12-27 17:12:13', 96, 71),
	(260, '2024-01-06 12:42:01', 2, 86),
	(261, '2024-03-19 06:31:34', 82, 11),
	(262, '2024-05-23 21:31:55', 29, 16),
	(263, '2024-03-16 05:56:39', 64, 50),
	(264, '2024-01-07 08:38:37', 40, 3),
	(265, '2023-08-19 23:00:46', 15, 37),
	(266, '2023-09-15 14:58:00', 85, 95),
	(267, '2023-07-25 18:59:53', 43, 65),
	(268, '2024-02-25 02:27:40', 92, 93),
	(269, '2024-06-16 16:27:48', 73, 55),
	(270, '2023-12-08 06:50:14', 71, 8),
	(271, '2023-11-28 15:51:03', 8, 43),
	(272, '2024-06-10 22:37:43', 92, 46),
	(273, '2024-04-17 10:40:05', 46, 15),
	(274, '2024-02-09 07:51:20', 96, 63),
	(275, '2023-12-02 09:30:06', 100, 88),
	(276, '2024-01-16 23:35:53', 6, 62),
	(277, '2024-04-11 19:22:59', 75, 43),
	(278, '2024-03-29 06:25:07', 27, 33),
	(279, '2024-02-17 22:50:58', 30, 5),
	(280, '2023-10-15 01:37:55', 24, 100),
	(281, '2024-02-18 10:10:23', 88, 100),
	(282, '2024-06-06 09:26:45', 5, 82),
	(283, '2023-08-08 22:52:54', 47, 50),
	(284, '2023-06-27 22:24:50', 14, 33),
	(285, '2024-02-24 09:39:16', 13, 71),
	(286, '2023-12-12 01:23:23', 14, 97),
	(287, '2023-09-18 22:07:45', 41, 68),
	(288, '2023-10-26 23:01:00', 17, 3),
	(289, '2023-11-29 04:31:21', 27, 23),
	(290, '2023-08-24 04:36:27', 23, 93),
	(291, '2023-12-28 10:08:16', 80, 77),
	(292, '2024-03-16 22:30:52', 4, 19),
	(293, '2024-04-15 02:09:53', 23, 11),
	(294, '2023-09-27 01:02:42', 1, 92),
	(295, '2024-05-07 23:14:37', 42, 22),
	(296, '2023-09-22 00:23:09', 20, 44),
	(297, '2024-06-13 08:40:36', 14, 32),
	(298, '2023-11-20 22:56:00', 45, 76),
	(299, '2023-10-02 22:20:30', 11, 73),
	(300, '2023-11-16 17:03:38', 45, 63),
	(301, '2023-11-11 08:22:47', 64, 1),
	(302, '2023-07-29 13:40:57', 82, 15),
	(303, '2023-10-16 15:18:56', 95, 84),
	(304, '2024-04-22 04:06:17', 95, 84),
	(305, '2024-06-18 12:05:11', 33, 28),
	(306, '2023-08-08 06:13:01', 64, 73),
	(307, '2024-03-28 02:39:32', 17, 45),
	(308, '2024-06-04 16:57:23', 11, 17),
	(309, '2024-03-07 03:49:27', 11, 62),
	(310, '2024-02-17 22:57:26', 26, 51),
	(311, '2023-10-03 10:34:12', 76, 42),
	(312, '2023-08-16 14:00:28', 98, 33),
	(313, '2024-04-15 00:45:00', 7, 8),
	(314, '2024-03-21 20:05:40', 76, 56),
	(315, '2023-06-21 08:16:51', 84, 81),
	(316, '2024-02-15 00:12:55', 1, 86),
	(317, '2023-10-26 15:19:40', 33, 25),
	(318, '2023-11-17 13:13:58', 97, 90),
	(319, '2024-02-15 16:20:59', 25, 82),
	(320, '2023-10-02 20:08:14', 9, 32),
	(321, '2023-10-30 03:22:36', 34, 71),
	(322, '2023-09-28 12:15:34', 77, 10),
	(323, '2023-12-28 11:18:21', 9, 60),
	(324, '2023-12-13 03:45:22', 37, 23),
	(325, '2023-06-19 03:32:15', 14, 21),
	(326, '2023-12-26 00:41:07', 85, 54),
	(327, '2024-01-22 13:34:39', 83, 88),
	(328, '2024-01-07 23:41:59', 41, 17),
	(329, '2024-06-12 13:22:07', 38, 43),
	(330, '2024-04-07 06:49:14', 11, 34),
	(331, '2023-06-30 03:41:47', 58, 5),
	(332, '2023-07-24 05:29:46', 71, 99),
	(333, '2023-11-15 04:45:42', 53, 68),
	(334, '2023-11-28 11:01:47', 25, 34),
	(335, '2024-06-08 07:03:53', 81, 75),
	(336, '2023-09-13 06:12:03', 96, 98),
	(337, '2023-09-21 10:37:45', 99, 71),
	(338, '2023-10-25 12:01:51', 95, 53),
	(339, '2023-12-31 09:44:08', 86, 52),
	(340, '2024-02-18 20:44:56', 6, 40),
	(341, '2024-01-12 12:06:47', 3, 42),
	(342, '2023-10-31 12:18:26', 34, 65),
	(343, '2024-01-01 08:35:00', 42, 92),
	(344, '2024-06-15 03:34:42', 53, 12),
	(345, '2023-11-16 19:00:40', 57, 66),
	(346, '2023-11-20 03:04:58', 62, 23),
	(347, '2024-03-19 10:24:53', 59, 99),
	(348, '2023-08-19 05:34:29', 46, 92),
	(349, '2024-03-16 05:50:10', 44, 15),
	(350, '2024-01-24 19:02:32', 21, 64),
	(351, '2023-06-20 01:29:53', 93, 5),
	(352, '2023-09-25 08:13:48', 14, 57),
	(353, '2023-10-03 19:09:58', 65, 40),
	(354, '2024-02-02 12:43:48', 44, 30),
	(355, '2023-12-20 15:42:03', 18, 36),
	(356, '2023-07-20 20:15:12', 20, 94),
	(357, '2023-09-27 13:28:09', 48, 9),
	(358, '2023-11-05 05:39:42', 7, 77),
	(359, '2024-04-09 09:03:30', 67, 15),
	(360, '2023-12-15 18:29:46', 85, 81),
	(361, '2023-11-19 02:52:24', 92, 34),
	(362, '2024-06-08 09:50:25', 72, 91),
	(363, '2024-04-11 12:51:32', 32, 87),
	(364, '2024-01-18 16:10:13', 34, 80),
	(365, '2023-11-15 07:59:46', 50, 13),
	(366, '2023-08-16 00:27:21', 66, 25),
	(367, '2024-01-20 04:28:43', 42, 4),
	(368, '2024-04-29 08:15:03', 24, 96),
	(369, '2024-01-13 23:49:43', 55, 34),
	(370, '2023-12-16 14:25:34', 6, 75),
	(371, '2023-12-16 12:39:40', 24, 31),
	(372, '2024-04-27 11:20:51', 61, 81),
	(373, '2024-02-20 14:17:52', 33, 4),
	(374, '2024-03-22 18:24:03', 32, 15),
	(375, '2024-06-03 05:13:09', 51, 49),
	(376, '2023-08-28 20:11:17', 24, 90),
	(377, '2024-01-09 16:45:05', 37, 8),
	(378, '2024-06-07 13:51:54', 67, 23),
	(379, '2023-10-12 03:51:57', 79, 55),
	(380, '2024-02-27 13:58:06', 95, 25),
	(381, '2024-01-25 04:01:11', 32, 8),
	(382, '2023-08-13 18:38:41', 58, 32),
	(383, '2024-05-14 18:41:57', 54, 56),
	(384, '2023-08-04 06:38:23', 11, 47),
	(385, '2024-04-27 01:00:31', 63, 43),
	(386, '2024-06-04 13:59:25', 57, 61),
	(387, '2023-10-13 15:14:50', 71, 92),
	(388, '2023-11-27 04:18:09', 85, 88),
	(389, '2023-07-04 11:42:40', 31, 9),
	(390, '2023-07-08 08:21:05', 56, 65),
	(391, '2023-09-23 18:33:27', 21, 45),
	(392, '2023-11-21 06:31:51', 54, 10),
	(393, '2023-09-30 16:05:28', 47, 30),
	(394, '2023-07-05 06:25:53', 26, 80),
	(395, '2023-11-24 00:38:22', 21, 59),
	(396, '2023-06-26 00:37:14', 17, 93),
	(397, '2024-01-15 20:39:11', 76, 67),
	(398, '2024-02-06 06:11:40', 51, 38),
	(399, '2023-08-17 11:20:18', 71, 62),
	(400, '2023-08-06 07:09:42', 86, 1);

-- Dumping structure for table api_ventas.venta_detalle
CREATE TABLE IF NOT EXISTS `venta_detalle` (
  `id` bigint(20) unsigned NOT NULL AUTO_INCREMENT,
  `venta_id` bigint(20) unsigned DEFAULT NULL,
  `producto_id` bigint(20) unsigned DEFAULT NULL,
  `cantidad` double DEFAULT NULL,
  `precio` double DEFAULT NULL,
  `subtotal` double DEFAULT NULL,
  PRIMARY KEY (`id`),
  KEY `venta_detalle_venta_id_foreign` (`venta_id`),
  KEY `venta_detalle_producto_id_foreign` (`producto_id`),
  CONSTRAINT `venta_detalle_producto_id_foreign` FOREIGN KEY (`producto_id`) REFERENCES `productos` (`id`),
  CONSTRAINT `venta_detalle_venta_id_foreign` FOREIGN KEY (`venta_id`) REFERENCES `ventas` (`id`)
) ENGINE=InnoDB AUTO_INCREMENT=2130 DEFAULT CHARSET=utf8mb4 COLLATE=utf8mb4_unicode_ci;

-- Dumping data for table api_ventas.venta_detalle: ~2,243 rows (approximately)
DELETE FROM `venta_detalle`;
INSERT INTO `venta_detalle` (`id`, `venta_id`, `producto_id`, `cantidad`, `precio`, `subtotal`) VALUES
	(1, 1, 149, 56, 73, '2040'),
	(2, 1, 280, 56, 73, '2040'),
	(3, 1, 373, 56, 73, '2040'),
	(4, 1, 377, 56, 73, '2040'),
	(5, 2, 25, 45, 92, '6688'),
	(6, 2, 26, 45, 92, '6688'),
	(7, 2, 60, 45, 92, '6688'),
	(8, 2, 81, 45, 92, '6688'),
	(9, 2, 155, 45, 92, '6688'),
	(10, 2, 162, 45, 92, '6688'),
	(11, 2, 352, 45, 92, '6688'),
	(12, 3, 80, 60, 4, '243'),
	(13, 3, 167, 60, 4, '243'),
	(14, 3, 171, 60, 4, '243'),
	(15, 3, 332, 60, 4, '243'),
	(16, 3, 344, 60, 4, '243'),
	(17, 3, 385, 60, 4, '243'),
	(18, 4, 36, 83, 34, '2627'),
	(19, 4, 40, 83, 34, '2627'),
	(20, 4, 84, 83, 34, '2627'),
	(21, 4, 164, 83, 34, '2627'),
	(22, 4, 212, 83, 34, '2627'),
	(23, 4, 313, 83, 34, '2627'),
	(24, 4, 314, 83, 34, '2627'),
	(25, 4, 392, 83, 34, '2627'),
	(26, 5, 90, 10, 36, '4814'),
	(27, 5, 119, 10, 36, '4814'),
	(28, 5, 181, 10, 36, '4814'),
	(29, 5, 182, 10, 36, '4814'),
	(30, 5, 228, 10, 36, '4814'),
	(31, 5, 248, 10, 36, '4814'),
	(32, 5, 310, 10, 36, '4814'),
	(33, 5, 365, 10, 36, '4814'),
	(34, 5, 382, 10, 36, '4814'),
	(35, 5, 393, 10, 36, '4814'),
	(36, 6, 22, 46, 91, '3599'),
	(37, 6, 30, 46, 91, '3599'),
	(38, 6, 226, 46, 91, '3599'),
	(39, 6, 250, 46, 91, '3599'),
	(40, 6, 298, 46, 91, '3599'),
	(41, 6, 333, 46, 91, '3599'),
	(42, 6, 394, 46, 91, '3599'),
	(43, 7, 14, 3, 16, '2178'),
	(44, 7, 35, 3, 16, '2178'),
	(45, 7, 156, 3, 16, '2178'),
	(46, 7, 200, 3, 16, '2178'),
	(47, 7, 278, 3, 16, '2178'),
	(48, 7, 374, 3, 16, '2178'),
	(49, 7, 382, 3, 16, '2178'),
	(50, 8, 85, 67, 67, '3744'),
	(51, 9, 181, 5, 89, '72'),
	(52, 9, 195, 5, 89, '72'),
	(53, 9, 244, 5, 89, '72'),
	(54, 9, 287, 5, 89, '72'),
	(55, 9, 349, 5, 89, '72'),
	(56, 10, 41, 34, 43, '4050'),
	(57, 10, 64, 34, 43, '4050'),
	(58, 10, 68, 34, 43, '4050'),
	(59, 10, 95, 34, 43, '4050'),
	(60, 10, 133, 34, 43, '4050'),
	(61, 10, 179, 34, 43, '4050'),
	(62, 10, 207, 34, 43, '4050'),
	(63, 10, 213, 34, 43, '4050'),
	(64, 10, 264, 34, 43, '4050'),
	(65, 10, 320, 34, 43, '4050'),
	(66, 11, 169, 62, 57, '297'),
	(67, 11, 268, 62, 57, '297'),
	(68, 11, 330, 62, 57, '297'),
	(69, 11, 353, 62, 57, '297'),
	(70, 11, 363, 62, 57, '297'),
	(71, 12, 23, 72, 53, '7140'),
	(72, 12, 88, 72, 53, '7140'),
	(73, 12, 114, 72, 53, '7140'),
	(74, 12, 128, 72, 53, '7140'),
	(75, 12, 183, 72, 53, '7140'),
	(76, 12, 240, 72, 53, '7140'),
	(77, 12, 307, 72, 53, '7140'),
	(78, 12, 332, 72, 53, '7140'),
	(79, 12, 341, 72, 53, '7140'),
	(80, 13, 6, 72, 95, '2184'),
	(81, 13, 30, 72, 95, '2184'),
	(82, 13, 61, 72, 95, '2184'),
	(83, 13, 107, 72, 95, '2184'),
	(84, 13, 142, 72, 95, '2184'),
	(85, 13, 190, 72, 95, '2184'),
	(86, 13, 207, 72, 95, '2184'),
	(87, 13, 244, 72, 95, '2184'),
	(88, 13, 317, 72, 95, '2184'),
	(89, 13, 351, 72, 95, '2184'),
	(90, 14, 97, 84, 10, '2730'),
	(91, 14, 227, 84, 10, '2730'),
	(92, 14, 263, 84, 10, '2730'),
	(93, 14, 318, 84, 10, '2730'),
	(94, 14, 396, 84, 10, '2730'),
	(95, 15, 80, 94, 1, '3621'),
	(96, 15, 115, 94, 1, '3621'),
	(97, 15, 215, 94, 1, '3621'),
	(98, 15, 253, 94, 1, '3621'),
	(99, 15, 304, 94, 1, '3621'),
	(100, 15, 353, 94, 1, '3621'),
	(101, 15, 394, 94, 1, '3621'),
	(102, 16, 41, 87, 24, '564'),
	(103, 16, 52, 87, 24, '564'),
	(104, 16, 144, 87, 24, '564'),
	(105, 16, 222, 87, 24, '564'),
	(106, 16, 385, 87, 24, '564'),
	(107, 17, 76, 23, 91, '636'),
	(108, 17, 126, 23, 91, '636'),
	(109, 17, 301, 23, 91, '636'),
	(110, 17, 318, 23, 91, '636'),
	(111, 18, 99, 43, 84, '4268'),
	(112, 18, 180, 43, 84, '4268'),
	(113, 18, 188, 43, 84, '4268'),
	(114, 18, 313, 43, 84, '4268'),
	(115, 18, 391, 43, 84, '4268'),
	(116, 19, 36, 42, 37, '2250'),
	(117, 19, 91, 42, 37, '2250'),
	(118, 19, 111, 42, 37, '2250'),
	(119, 19, 147, 42, 37, '2250'),
	(120, 19, 184, 42, 37, '2250'),
	(121, 19, 271, 42, 37, '2250'),
	(122, 19, 287, 42, 37, '2250'),
	(123, 19, 361, 42, 37, '2250'),
	(124, 19, 385, 42, 37, '2250'),
	(125, 20, 9, 64, 51, '5340'),
	(126, 20, 24, 64, 51, '5340'),
	(127, 20, 93, 64, 51, '5340'),
	(128, 20, 101, 64, 51, '5340'),
	(129, 20, 128, 64, 51, '5340'),
	(130, 20, 234, 64, 51, '5340'),
	(131, 20, 270, 64, 51, '5340'),
	(132, 20, 340, 64, 51, '5340'),
	(133, 21, 16, 42, 4, '923'),
	(134, 21, 148, 42, 4, '923'),
	(135, 21, 181, 42, 4, '923'),
	(136, 21, 259, 42, 4, '923'),
	(137, 21, 322, 42, 4, '923'),
	(138, 21, 329, 42, 4, '923'),
	(139, 22, 43, 1, 60, '156'),
	(140, 22, 253, 1, 60, '156'),
	(141, 23, 45, 76, 2, '756'),
	(142, 23, 139, 76, 2, '756'),
	(143, 23, 269, 76, 2, '756'),
	(144, 23, 285, 76, 2, '756'),
	(145, 23, 291, 76, 2, '756'),
	(146, 24, 18, 95, 75, '2581'),
	(147, 24, 370, 95, 75, '2581'),
	(148, 25, 22, 52, 3, '1890'),
	(149, 25, 123, 52, 3, '1890'),
	(150, 25, 124, 52, 3, '1890'),
	(151, 25, 297, 52, 3, '1890'),
	(152, 25, 343, 52, 3, '1890'),
	(153, 25, 361, 52, 3, '1890'),
	(154, 26, 10, 37, 97, '3666'),
	(155, 27, 91, 55, 31, '1767'),
	(156, 27, 99, 55, 31, '1767'),
	(157, 27, 200, 55, 31, '1767'),
	(158, 28, 20, 52, 80, '5220'),
	(159, 28, 89, 52, 80, '5220'),
	(160, 28, 101, 52, 80, '5220'),
	(161, 28, 220, 52, 80, '5220'),
	(162, 28, 225, 52, 80, '5220'),
	(163, 28, 240, 52, 80, '5220'),
	(164, 28, 354, 52, 80, '5220'),
	(165, 28, 369, 52, 80, '5220'),
	(166, 28, 378, 52, 80, '5220'),
	(167, 29, 97, 84, 76, '2673'),
	(168, 29, 189, 84, 76, '2673'),
	(169, 29, 195, 84, 76, '2673'),
	(170, 29, 236, 84, 76, '2673'),
	(171, 29, 251, 84, 76, '2673'),
	(172, 29, 313, 84, 76, '2673'),
	(173, 29, 382, 84, 76, '2673'),
	(174, 29, 390, 84, 76, '2673'),
	(175, 29, 396, 84, 76, '2673'),
	(176, 30, 42, 62, 44, '891'),
	(177, 30, 368, 62, 44, '891'),
	(178, 31, 155, 60, 35, '1738'),
	(179, 32, 143, 84, 49, '396'),
	(180, 32, 308, 84, 49, '396'),
	(181, 32, 341, 84, 49, '396'),
	(182, 33, 22, 59, 61, '21'),
	(183, 33, 92, 59, 61, '21'),
	(184, 33, 128, 59, 61, '21'),
	(185, 33, 135, 59, 61, '21'),
	(186, 33, 149, 59, 61, '21'),
	(187, 33, 152, 59, 61, '21'),
	(188, 33, 229, 59, 61, '21'),
	(189, 33, 234, 59, 61, '21'),
	(190, 33, 240, 59, 61, '21'),
	(191, 34, 110, 73, 24, '720'),
	(192, 35, 234, 40, 17, '1204'),
	(193, 36, 18, 71, 52, '680'),
	(194, 36, 20, 71, 52, '680'),
	(195, 36, 61, 71, 52, '680'),
	(196, 36, 71, 71, 52, '680'),
	(197, 36, 91, 71, 52, '680'),
	(198, 36, 285, 71, 52, '680'),
	(199, 36, 312, 71, 52, '680'),
	(200, 36, 368, 71, 52, '680'),
	(201, 37, 10, 85, 7, '3440'),
	(202, 37, 13, 85, 7, '3440'),
	(203, 37, 128, 85, 7, '3440'),
	(204, 37, 167, 85, 7, '3440'),
	(205, 37, 172, 85, 7, '3440'),
	(206, 37, 190, 85, 7, '3440'),
	(207, 37, 205, 85, 7, '3440'),
	(208, 37, 232, 85, 7, '3440'),
	(209, 37, 280, 85, 7, '3440'),
	(210, 37, 286, 85, 7, '3440'),
	(211, 38, 50, 99, 21, '5346'),
	(212, 38, 62, 99, 21, '5346'),
	(213, 38, 108, 99, 21, '5346'),
	(214, 38, 388, 99, 21, '5346'),
	(215, 39, 82, 47, 79, '3696'),
	(216, 39, 125, 47, 79, '3696'),
	(217, 39, 229, 47, 79, '3696'),
	(218, 39, 273, 47, 79, '3696'),
	(219, 39, 291, 47, 79, '3696'),
	(220, 39, 348, 47, 79, '3696'),
	(221, 40, 20, 39, 74, '969'),
	(222, 40, 50, 39, 74, '969'),
	(223, 40, 134, 39, 74, '969'),
	(224, 40, 164, 39, 74, '969'),
	(225, 40, 254, 39, 74, '969'),
	(226, 40, 271, 39, 74, '969'),
	(227, 40, 307, 39, 74, '969'),
	(228, 40, 321, 39, 74, '969'),
	(229, 41, 9, 56, 12, '912'),
	(230, 41, 44, 56, 12, '912'),
	(231, 41, 138, 56, 12, '912'),
	(232, 41, 156, 56, 12, '912'),
	(233, 41, 235, 56, 12, '912'),
	(234, 41, 346, 56, 12, '912'),
	(235, 41, 358, 56, 12, '912'),
	(236, 42, 54, 20, 91, '3696'),
	(237, 42, 223, 20, 91, '3696'),
	(238, 42, 226, 20, 91, '3696'),
	(239, 42, 235, 20, 91, '3696'),
	(240, 42, 275, 20, 91, '3696'),
	(241, 42, 357, 20, 91, '3696'),
	(242, 42, 369, 20, 91, '3696'),
	(243, 42, 372, 20, 91, '3696'),
	(244, 43, 9, 24, 14, '2775'),
	(245, 43, 47, 24, 14, '2775'),
	(246, 43, 124, 24, 14, '2775'),
	(247, 43, 158, 24, 14, '2775'),
	(248, 43, 258, 24, 14, '2775'),
	(249, 43, 260, 24, 14, '2775'),
	(250, 43, 393, 24, 14, '2775'),
	(251, 43, 394, 24, 14, '2775'),
	(252, 43, 398, 24, 14, '2775'),
	(253, 43, 399, 24, 14, '2775'),
	(254, 44, 26, 35, 56, '6460'),
	(255, 44, 88, 35, 56, '6460'),
	(256, 44, 138, 35, 56, '6460'),
	(257, 44, 183, 35, 56, '6460'),
	(258, 44, 205, 35, 56, '6460'),
	(259, 44, 206, 35, 56, '6460'),
	(260, 44, 207, 35, 56, '6460'),
	(261, 44, 323, 35, 56, '6460'),
	(262, 45, 16, 45, 34, '402'),
	(263, 46, 10, 25, 91, '7000'),
	(264, 46, 35, 25, 91, '7000'),
	(265, 46, 192, 25, 91, '7000'),
	(266, 47, 39, 56, 25, '2280'),
	(267, 47, 53, 56, 25, '2280'),
	(268, 47, 141, 56, 25, '2280'),
	(269, 47, 152, 56, 25, '2280'),
	(270, 48, 6, 19, 97, '2880'),
	(271, 48, 44, 19, 97, '2880'),
	(272, 48, 61, 19, 97, '2880'),
	(273, 48, 81, 19, 97, '2880'),
	(274, 48, 108, 19, 97, '2880'),
	(275, 48, 149, 19, 97, '2880'),
	(276, 48, 162, 19, 97, '2880'),
	(277, 48, 192, 19, 97, '2880'),
	(278, 48, 225, 19, 97, '2880'),
	(279, 48, 267, 19, 97, '2880'),
	(280, 49, 33, 41, 28, '2340'),
	(281, 49, 133, 41, 28, '2340'),
	(282, 49, 145, 41, 28, '2340'),
	(283, 49, 167, 41, 28, '2340'),
	(284, 49, 267, 41, 28, '2340'),
	(285, 49, 316, 41, 28, '2340'),
	(286, 49, 328, 41, 28, '2340'),
	(287, 49, 344, 41, 28, '2340'),
	(288, 50, 138, 69, 91, '1998'),
	(289, 51, 17, 93, 60, '8439'),
	(290, 51, 112, 93, 60, '8439'),
	(291, 51, 117, 93, 60, '8439'),
	(292, 51, 145, 93, 60, '8439'),
	(293, 51, 189, 93, 60, '8439'),
	(294, 51, 235, 93, 60, '8439'),
	(295, 51, 262, 93, 60, '8439'),
	(296, 51, 281, 93, 60, '8439'),
	(297, 51, 364, 93, 60, '8439'),
	(298, 51, 381, 93, 60, '8439'),
	(299, 52, 182, 4, 9, '2046'),
	(300, 52, 359, 4, 9, '2046'),
	(301, 53, 165, 26, 72, '4968'),
	(302, 53, 184, 26, 72, '4968'),
	(303, 53, 234, 26, 72, '4968'),
	(304, 53, 320, 26, 72, '4968'),
	(305, 53, 396, 26, 72, '4968'),
	(306, 54, 2, 37, 50, '3293'),
	(307, 54, 88, 37, 50, '3293'),
	(308, 54, 114, 37, 50, '3293'),
	(309, 54, 137, 37, 50, '3293'),
	(310, 54, 224, 37, 50, '3293'),
	(311, 54, 226, 37, 50, '3293'),
	(312, 54, 229, 37, 50, '3293'),
	(313, 54, 249, 37, 50, '3293'),
	(314, 54, 305, 37, 50, '3293'),
	(315, 55, 53, 45, 33, '6144'),
	(316, 55, 127, 45, 33, '6144'),
	(317, 55, 163, 45, 33, '6144'),
	(318, 55, 182, 45, 33, '6144'),
	(319, 55, 270, 45, 33, '6144'),
	(320, 55, 298, 45, 33, '6144'),
	(321, 55, 309, 45, 33, '6144'),
	(322, 56, 10, 89, 39, '5928'),
	(323, 56, 32, 89, 39, '5928'),
	(324, 56, 87, 89, 39, '5928'),
	(325, 56, 170, 89, 39, '5928'),
	(326, 56, 185, 89, 39, '5928'),
	(327, 56, 246, 89, 39, '5928'),
	(328, 56, 327, 89, 39, '5928'),
	(329, 57, 5, 70, 44, '9120'),
	(330, 57, 110, 70, 44, '9120'),
	(331, 57, 197, 70, 44, '9120'),
	(332, 58, 18, 82, 99, '143'),
	(333, 58, 55, 82, 99, '143'),
	(334, 58, 172, 82, 99, '143'),
	(335, 58, 207, 82, 99, '143'),
	(336, 59, 17, 45, 37, '2640'),
	(337, 59, 31, 45, 37, '2640'),
	(338, 60, 162, 76, 69, '192'),
	(339, 60, 233, 76, 69, '192'),
	(340, 60, 300, 76, 69, '192'),
	(341, 61, 57, 57, 77, '9506'),
	(342, 61, 190, 57, 77, '9506'),
	(343, 61, 238, 57, 77, '9506'),
	(344, 62, 45, 12, 85, '715'),
	(345, 62, 351, 12, 85, '715'),
	(346, 62, 375, 12, 85, '715'),
	(347, 63, 11, 28, 83, '3977'),
	(348, 63, 132, 28, 83, '3977'),
	(349, 63, 137, 28, 83, '3977'),
	(350, 63, 156, 28, 83, '3977'),
	(351, 63, 164, 28, 83, '3977'),
	(352, 63, 190, 28, 83, '3977'),
	(353, 63, 225, 28, 83, '3977'),
	(354, 63, 255, 28, 83, '3977'),
	(355, 63, 264, 28, 83, '3977'),
	(356, 64, 185, 20, 21, '1820'),
	(357, 64, 277, 20, 21, '1820'),
	(358, 65, 38, 68, 66, '3200'),
	(359, 65, 94, 68, 66, '3200'),
	(360, 65, 161, 68, 66, '3200'),
	(361, 65, 238, 68, 66, '3200'),
	(362, 65, 294, 68, 66, '3200'),
	(363, 65, 359, 68, 66, '3200'),
	(364, 65, 370, 68, 66, '3200'),
	(365, 66, 12, 49, 70, '415'),
	(366, 66, 93, 49, 70, '415'),
	(367, 66, 248, 49, 70, '415'),
	(368, 66, 252, 49, 70, '415'),
	(369, 66, 275, 49, 70, '415'),
	(370, 66, 290, 49, 70, '415'),
	(371, 66, 294, 49, 70, '415'),
	(372, 66, 309, 49, 70, '415'),
	(373, 66, 330, 49, 70, '415'),
	(374, 66, 348, 49, 70, '415'),
	(375, 67, 69, 94, 88, '260'),
	(376, 67, 304, 94, 88, '260'),
	(377, 67, 317, 94, 88, '260'),
	(378, 68, 45, 3, 85, '5152'),
	(379, 68, 103, 3, 85, '5152'),
	(380, 68, 106, 3, 85, '5152'),
	(381, 68, 366, 3, 85, '5152'),
	(382, 69, 205, 48, 18, '4503'),
	(383, 69, 369, 48, 18, '4503'),
	(384, 70, 115, 94, 24, '960'),
	(385, 70, 181, 94, 24, '960'),
	(386, 70, 234, 94, 24, '960'),
	(387, 70, 313, 94, 24, '960'),
	(388, 71, 49, 49, 45, '2320'),
	(389, 71, 82, 49, 45, '2320'),
	(390, 71, 174, 49, 45, '2320'),
	(391, 71, 207, 49, 45, '2320'),
	(392, 71, 239, 49, 45, '2320'),
	(393, 71, 315, 49, 45, '2320'),
	(394, 72, 10, 60, 22, '722'),
	(395, 72, 51, 60, 22, '722'),
	(396, 72, 52, 60, 22, '722'),
	(397, 72, 109, 60, 22, '722'),
	(398, 72, 162, 60, 22, '722'),
	(399, 72, 234, 60, 22, '722'),
	(400, 72, 268, 60, 22, '722'),
	(401, 72, 292, 60, 22, '722'),
	(402, 72, 316, 60, 22, '722'),
	(403, 72, 322, 60, 22, '722'),
	(404, 73, 108, 55, 59, '780'),
	(405, 73, 241, 55, 59, '780'),
	(406, 73, 370, 55, 59, '780'),
	(407, 74, 3, 51, 46, '1701'),
	(408, 74, 83, 51, 46, '1701'),
	(409, 74, 97, 51, 46, '1701'),
	(410, 74, 197, 51, 46, '1701'),
	(411, 74, 325, 51, 46, '1701'),
	(412, 74, 339, 51, 46, '1701'),
	(413, 74, 389, 51, 46, '1701'),
	(414, 75, 30, 44, 33, '1771'),
	(415, 75, 183, 44, 33, '1771'),
	(416, 76, 70, 92, 37, '3198'),
	(417, 76, 113, 92, 37, '3198'),
	(418, 76, 145, 92, 37, '3198'),
	(419, 76, 175, 92, 37, '3198'),
	(420, 76, 223, 92, 37, '3198'),
	(421, 76, 227, 92, 37, '3198'),
	(422, 76, 239, 92, 37, '3198'),
	(423, 76, 335, 92, 37, '3198'),
	(424, 77, 14, 50, 18, '3431'),
	(425, 77, 137, 50, 18, '3431'),
	(426, 77, 189, 50, 18, '3431'),
	(427, 77, 224, 50, 18, '3431'),
	(428, 77, 371, 50, 18, '3431'),
	(429, 78, 82, 18, 67, '3245'),
	(430, 78, 166, 18, 67, '3245'),
	(431, 78, 202, 18, 67, '3245'),
	(432, 78, 226, 18, 67, '3245'),
	(433, 78, 240, 18, 67, '3245'),
	(434, 78, 265, 18, 67, '3245'),
	(435, 78, 266, 18, 67, '3245'),
	(436, 79, 65, 85, 61, '308'),
	(437, 79, 361, 85, 61, '308'),
	(438, 80, 79, 35, 75, '2200'),
	(439, 80, 115, 35, 75, '2200'),
	(440, 80, 160, 35, 75, '2200'),
	(441, 80, 182, 35, 75, '2200'),
	(442, 81, 17, 97, 75, '989'),
	(443, 81, 75, 97, 75, '989'),
	(444, 81, 167, 97, 75, '989'),
	(445, 81, 191, 97, 75, '989'),
	(446, 81, 246, 97, 75, '989'),
	(447, 81, 292, 97, 75, '989'),
	(448, 81, 332, 97, 75, '989'),
	(449, 81, 395, 97, 75, '989'),
	(450, 82, 22, 41, 75, '7968'),
	(451, 82, 68, 41, 75, '7968'),
	(452, 82, 179, 41, 75, '7968'),
	(453, 83, 114, 5, 25, '6480'),
	(454, 83, 176, 5, 25, '6480'),
	(455, 83, 313, 5, 25, '6480'),
	(456, 83, 387, 5, 25, '6480'),
	(457, 84, 101, 80, 30, '210'),
	(458, 84, 225, 80, 30, '210'),
	(459, 84, 257, 80, 30, '210'),
	(460, 84, 273, 80, 30, '210'),
	(461, 84, 280, 80, 30, '210'),
	(462, 84, 282, 80, 30, '210'),
	(463, 84, 356, 80, 30, '210'),
	(464, 84, 396, 80, 30, '210'),
	(465, 85, 41, 82, 84, '295'),
	(466, 85, 147, 82, 84, '295'),
	(467, 85, 174, 82, 84, '295'),
	(468, 85, 237, 82, 84, '295'),
	(469, 85, 341, 82, 84, '295'),
	(470, 85, 352, 82, 84, '295'),
	(471, 85, 360, 82, 84, '295'),
	(472, 86, 29, 69, 6, '990'),
	(473, 86, 105, 69, 6, '990'),
	(474, 86, 301, 69, 6, '990'),
	(475, 87, 95, 22, 5, '319'),
	(476, 87, 101, 22, 5, '319'),
	(477, 87, 144, 22, 5, '319'),
	(478, 87, 160, 22, 5, '319'),
	(479, 87, 293, 22, 5, '319'),
	(480, 87, 303, 22, 5, '319'),
	(481, 87, 369, 22, 5, '319'),
	(482, 87, 377, 22, 5, '319'),
	(483, 88, 23, 93, 10, '5400'),
	(484, 88, 65, 93, 10, '5400'),
	(485, 88, 89, 93, 10, '5400'),
	(486, 88, 91, 93, 10, '5400'),
	(487, 88, 132, 93, 10, '5400'),
	(488, 88, 172, 93, 10, '5400'),
	(489, 88, 221, 93, 10, '5400'),
	(490, 88, 306, 93, 10, '5400'),
	(491, 88, 312, 93, 10, '5400'),
	(492, 88, 338, 93, 10, '5400'),
	(493, 89, 16, 35, 65, '480'),
	(494, 89, 48, 35, 65, '480'),
	(495, 89, 166, 35, 65, '480'),
	(496, 90, 46, 88, 15, '988'),
	(497, 90, 266, 88, 15, '988'),
	(498, 90, 332, 88, 15, '988'),
	(499, 91, 61, 99, 100, '1501'),
	(500, 91, 84, 99, 100, '1501'),
	(501, 91, 208, 99, 100, '1501'),
	(502, 91, 256, 99, 100, '1501'),
	(503, 91, 309, 99, 100, '1501'),
	(504, 91, 320, 99, 100, '1501'),
	(505, 91, 332, 99, 100, '1501'),
	(506, 91, 353, 99, 100, '1501'),
	(507, 91, 355, 99, 100, '1501'),
	(508, 91, 395, 99, 100, '1501'),
	(509, 92, 85, 94, 57, '1700'),
	(510, 92, 121, 94, 57, '1700'),
	(511, 92, 125, 94, 57, '1700'),
	(512, 92, 153, 94, 57, '1700'),
	(513, 92, 168, 94, 57, '1700'),
	(514, 92, 185, 94, 57, '1700'),
	(515, 92, 193, 94, 57, '1700'),
	(516, 92, 198, 94, 57, '1700'),
	(517, 92, 236, 94, 57, '1700'),
	(518, 92, 308, 94, 57, '1700'),
	(519, 93, 48, 97, 42, '2697'),
	(520, 93, 128, 97, 42, '2697'),
	(521, 93, 164, 97, 42, '2697'),
	(522, 93, 172, 97, 42, '2697'),
	(523, 93, 199, 97, 42, '2697'),
	(524, 93, 241, 97, 42, '2697'),
	(525, 93, 242, 97, 42, '2697'),
	(526, 94, 354, 25, 83, '4653'),
	(527, 94, 378, 25, 83, '4653'),
	(528, 94, 386, 25, 83, '4653'),
	(529, 95, 261, 64, 28, '2844'),
	(530, 95, 279, 64, 28, '2844'),
	(531, 95, 285, 64, 28, '2844'),
	(532, 96, 17, 37, 37, '1775'),
	(533, 96, 41, 37, 37, '1775'),
	(534, 96, 145, 37, 37, '1775'),
	(535, 96, 177, 37, 37, '1775'),
	(536, 96, 258, 37, 37, '1775'),
	(537, 96, 283, 37, 37, '1775'),
	(538, 97, 3, 88, 60, '119'),
	(539, 97, 51, 88, 60, '119'),
	(540, 97, 130, 88, 60, '119'),
	(541, 97, 142, 88, 60, '119'),
	(542, 97, 220, 88, 60, '119'),
	(543, 97, 237, 88, 60, '119'),
	(544, 97, 308, 88, 60, '119'),
	(545, 97, 321, 88, 60, '119'),
	(546, 97, 331, 88, 60, '119'),
	(547, 98, 8, 32, 54, '5695'),
	(548, 98, 37, 32, 54, '5695'),
	(549, 98, 110, 32, 54, '5695'),
	(550, 98, 116, 32, 54, '5695'),
	(551, 98, 127, 32, 54, '5695'),
	(552, 98, 148, 32, 54, '5695'),
	(553, 98, 305, 32, 54, '5695'),
	(554, 98, 309, 32, 54, '5695'),
	(555, 98, 322, 32, 54, '5695'),
	(556, 98, 385, 32, 54, '5695'),
	(557, 99, 48, 11, 64, '210'),
	(558, 99, 103, 11, 64, '210'),
	(559, 99, 154, 11, 64, '210'),
	(560, 99, 162, 11, 64, '210'),
	(561, 99, 240, 11, 64, '210'),
	(562, 99, 256, 11, 64, '210'),
	(563, 99, 302, 11, 64, '210'),
	(564, 99, 355, 11, 64, '210'),
	(565, 99, 375, 11, 64, '210'),
	(566, 99, 396, 11, 64, '210'),
	(567, 100, 5, 49, 84, '2976'),
	(568, 100, 237, 49, 84, '2976'),
	(569, 101, 115, 97, 32, '4002'),
	(570, 102, 85, 7, 67, '3432'),
	(571, 102, 168, 7, 67, '3432'),
	(572, 102, 175, 7, 67, '3432'),
	(573, 102, 232, 7, 67, '3432'),
	(574, 102, 234, 7, 67, '3432'),
	(575, 102, 246, 7, 67, '3432'),
	(576, 102, 256, 7, 67, '3432'),
	(577, 102, 296, 7, 67, '3432'),
	(578, 102, 316, 7, 67, '3432'),
	(579, 102, 357, 7, 67, '3432'),
	(580, 103, 159, 47, 20, '5504'),
	(581, 103, 174, 47, 20, '5504'),
	(582, 103, 208, 47, 20, '5504'),
	(583, 103, 244, 47, 20, '5504'),
	(584, 103, 312, 47, 20, '5504'),
	(585, 103, 346, 47, 20, '5504'),
	(586, 103, 383, 47, 20, '5504'),
	(587, 104, 284, 43, 67, '1092'),
	(588, 105, 101, 94, 94, '5740'),
	(589, 105, 293, 94, 94, '5740'),
	(590, 105, 364, 94, 94, '5740'),
	(591, 106, 31, 47, 22, '3880'),
	(592, 106, 38, 47, 22, '3880'),
	(593, 106, 61, 47, 22, '3880'),
	(594, 106, 67, 47, 22, '3880'),
	(595, 106, 137, 47, 22, '3880'),
	(596, 106, 163, 47, 22, '3880'),
	(597, 106, 311, 47, 22, '3880'),
	(598, 106, 319, 47, 22, '3880'),
	(599, 106, 363, 47, 22, '3880'),
	(600, 107, 36, 30, 46, '600'),
	(601, 107, 176, 30, 46, '600'),
	(602, 107, 326, 30, 46, '600'),
	(603, 107, 366, 30, 46, '600'),
	(604, 108, 113, 53, 42, '3649'),
	(605, 108, 183, 53, 42, '3649'),
	(606, 108, 261, 53, 42, '3649'),
	(607, 108, 328, 53, 42, '3649'),
	(608, 108, 339, 53, 42, '3649'),
	(609, 109, 65, 98, 25, '5551'),
	(610, 109, 128, 98, 25, '5551'),
	(611, 109, 167, 98, 25, '5551'),
	(612, 109, 176, 98, 25, '5551'),
	(613, 109, 224, 98, 25, '5551'),
	(614, 109, 326, 98, 25, '5551'),
	(615, 110, 87, 49, 46, '1748'),
	(616, 110, 88, 49, 46, '1748'),
	(617, 110, 112, 49, 46, '1748'),
	(618, 110, 146, 49, 46, '1748'),
	(619, 110, 220, 49, 46, '1748'),
	(620, 110, 295, 49, 46, '1748'),
	(621, 111, 37, 39, 21, '3910'),
	(622, 111, 108, 39, 21, '3910'),
	(623, 111, 176, 39, 21, '3910'),
	(624, 111, 209, 39, 21, '3910'),
	(625, 111, 224, 39, 21, '3910'),
	(626, 111, 243, 39, 21, '3910'),
	(627, 111, 271, 39, 21, '3910'),
	(628, 111, 289, 39, 21, '3910'),
	(629, 112, 301, 7, 8, '240'),
	(630, 113, 217, 86, 12, '3589'),
	(631, 113, 240, 86, 12, '3589'),
	(632, 113, 271, 86, 12, '3589'),
	(633, 113, 299, 86, 12, '3589'),
	(634, 113, 303, 86, 12, '3589'),
	(635, 113, 307, 86, 12, '3589'),
	(636, 113, 344, 86, 12, '3589'),
	(637, 113, 393, 86, 12, '3589'),
	(638, 114, 1, 89, 47, '3237'),
	(639, 114, 84, 89, 47, '3237'),
	(640, 114, 257, 89, 47, '3237'),
	(641, 115, 154, 25, 74, '462'),
	(642, 115, 194, 25, 74, '462'),
	(643, 115, 200, 25, 74, '462'),
	(644, 115, 345, 25, 74, '462'),
	(645, 116, 175, 71, 29, '2432'),
	(646, 116, 372, 71, 29, '2432'),
	(647, 117, 51, 48, 47, '7820'),
	(648, 117, 74, 48, 47, '7820'),
	(649, 117, 181, 48, 47, '7820'),
	(650, 117, 192, 48, 47, '7820'),
	(651, 117, 310, 48, 47, '7820'),
	(652, 117, 357, 48, 47, '7820'),
	(653, 117, 361, 48, 47, '7820'),
	(654, 117, 379, 48, 47, '7820'),
	(655, 118, 42, 61, 44, '3420'),
	(656, 118, 87, 61, 44, '3420'),
	(657, 118, 143, 61, 44, '3420'),
	(658, 118, 196, 61, 44, '3420'),
	(659, 118, 310, 61, 44, '3420'),
	(660, 118, 393, 61, 44, '3420'),
	(661, 119, 72, 73, 10, '34'),
	(662, 119, 170, 73, 10, '34'),
	(663, 119, 185, 73, 10, '34'),
	(664, 119, 225, 73, 10, '34'),
	(665, 119, 278, 73, 10, '34'),
	(666, 119, 329, 73, 10, '34'),
	(667, 119, 330, 73, 10, '34'),
	(668, 119, 376, 73, 10, '34'),
	(669, 120, 3, 35, 64, '7030'),
	(670, 120, 258, 35, 64, '7030'),
	(671, 121, 53, 55, 93, '1890'),
	(672, 121, 247, 55, 93, '1890'),
	(673, 121, 293, 55, 93, '1890'),
	(674, 121, 385, 55, 93, '1890'),
	(675, 122, 6, 24, 49, '2849'),
	(676, 122, 197, 24, 49, '2849'),
	(677, 122, 240, 24, 49, '2849'),
	(678, 122, 245, 24, 49, '2849'),
	(679, 122, 285, 24, 49, '2849'),
	(680, 122, 288, 24, 49, '2849'),
	(681, 122, 315, 24, 49, '2849'),
	(682, 122, 363, 24, 49, '2849'),
	(683, 123, 89, 72, 82, '200'),
	(684, 123, 247, 72, 82, '200'),
	(685, 124, 27, 16, 11, '3696'),
	(686, 124, 48, 16, 11, '3696'),
	(687, 124, 122, 16, 11, '3696'),
	(688, 124, 161, 16, 11, '3696'),
	(689, 124, 287, 16, 11, '3696'),
	(690, 125, 2, 1, 29, '3450'),
	(691, 125, 71, 1, 29, '3450'),
	(692, 125, 176, 1, 29, '3450'),
	(693, 125, 272, 1, 29, '3450'),
	(694, 125, 294, 1, 29, '3450'),
	(695, 126, 10, 68, 98, '6039'),
	(696, 126, 30, 68, 98, '6039'),
	(697, 126, 143, 68, 98, '6039'),
	(698, 126, 149, 68, 98, '6039'),
	(699, 126, 161, 68, 98, '6039'),
	(700, 126, 165, 68, 98, '6039'),
	(701, 126, 255, 68, 98, '6039'),
	(702, 126, 299, 68, 98, '6039'),
	(703, 126, 321, 68, 98, '6039'),
	(704, 126, 363, 68, 98, '6039'),
	(705, 127, 12, 30, 28, '816'),
	(706, 127, 27, 30, 28, '816'),
	(707, 127, 54, 30, 28, '816'),
	(708, 127, 57, 30, 28, '816'),
	(709, 127, 141, 30, 28, '816'),
	(710, 127, 195, 30, 28, '816'),
	(711, 127, 249, 30, 28, '816'),
	(712, 127, 267, 30, 28, '816'),
	(713, 127, 368, 30, 28, '816'),
	(714, 128, 6, 85, 5, '4508'),
	(715, 128, 32, 85, 5, '4508'),
	(716, 128, 77, 85, 5, '4508'),
	(717, 128, 176, 85, 5, '4508'),
	(718, 128, 218, 85, 5, '4508'),
	(719, 128, 231, 85, 5, '4508'),
	(720, 129, 259, 22, 89, '3634'),
	(721, 129, 293, 22, 89, '3634'),
	(722, 130, 79, 58, 80, '4389'),
	(723, 130, 86, 58, 80, '4389'),
	(724, 130, 87, 58, 80, '4389'),
	(725, 130, 273, 58, 80, '4389'),
	(726, 130, 315, 58, 80, '4389'),
	(727, 131, 46, 13, 2, '2970'),
	(728, 131, 76, 13, 2, '2970'),
	(729, 131, 124, 13, 2, '2970'),
	(730, 131, 292, 13, 2, '2970'),
	(731, 131, 313, 13, 2, '2970'),
	(732, 131, 348, 13, 2, '2970'),
	(733, 131, 396, 13, 2, '2970'),
	(734, 132, 31, 95, 44, '1320'),
	(735, 132, 134, 95, 44, '1320'),
	(736, 132, 231, 95, 44, '1320'),
	(737, 132, 258, 95, 44, '1320'),
	(738, 132, 395, 95, 44, '1320'),
	(739, 133, 102, 19, 70, '360'),
	(740, 133, 165, 19, 70, '360'),
	(741, 133, 300, 19, 70, '360'),
	(742, 134, 16, 60, 40, '736'),
	(743, 134, 33, 60, 40, '736'),
	(744, 134, 41, 60, 40, '736'),
	(745, 134, 109, 60, 40, '736'),
	(746, 134, 136, 60, 40, '736'),
	(747, 134, 211, 60, 40, '736'),
	(748, 134, 238, 60, 40, '736'),
	(749, 134, 255, 60, 40, '736'),
	(750, 134, 261, 60, 40, '736'),
	(751, 134, 337, 60, 40, '736'),
	(752, 135, 127, 85, 34, '1512'),
	(753, 135, 183, 85, 34, '1512'),
	(754, 135, 221, 85, 34, '1512'),
	(755, 135, 242, 85, 34, '1512'),
	(756, 135, 284, 85, 34, '1512'),
	(757, 135, 328, 85, 34, '1512'),
	(758, 135, 333, 85, 34, '1512'),
	(759, 135, 373, 85, 34, '1512'),
	(760, 136, 243, 98, 39, '2346'),
	(761, 137, 175, 85, 8, '1886'),
	(762, 137, 326, 85, 8, '1886'),
	(763, 137, 367, 85, 8, '1886'),
	(764, 138, 26, 89, 2, '4731'),
	(765, 138, 117, 89, 2, '4731'),
	(766, 138, 151, 89, 2, '4731'),
	(767, 138, 244, 89, 2, '4731'),
	(768, 138, 290, 89, 2, '4731'),
	(769, 138, 314, 89, 2, '4731'),
	(770, 138, 339, 89, 2, '4731'),
	(771, 138, 346, 89, 2, '4731'),
	(772, 139, 15, 88, 17, '1066'),
	(773, 139, 21, 88, 17, '1066'),
	(774, 139, 91, 88, 17, '1066'),
	(775, 139, 182, 88, 17, '1066'),
	(776, 139, 253, 88, 17, '1066'),
	(777, 139, 337, 88, 17, '1066'),
	(778, 140, 9, 82, 83, '1782'),
	(779, 140, 14, 82, 83, '1782'),
	(780, 140, 143, 82, 83, '1782'),
	(781, 140, 159, 82, 83, '1782'),
	(782, 140, 324, 82, 83, '1782'),
	(783, 140, 362, 82, 83, '1782'),
	(784, 140, 371, 82, 83, '1782'),
	(785, 140, 392, 82, 83, '1782'),
	(786, 140, 397, 82, 83, '1782'),
	(787, 141, 131, 47, 63, '324'),
	(788, 142, 33, 87, 81, '441'),
	(789, 142, 34, 87, 81, '441'),
	(790, 142, 89, 87, 81, '441'),
	(791, 143, 249, 79, 17, '3071'),
	(792, 144, 110, 39, 63, '783'),
	(793, 144, 148, 39, 63, '783'),
	(794, 144, 318, 39, 63, '783'),
	(795, 144, 358, 39, 63, '783'),
	(796, 145, 25, 77, 77, '3332'),
	(797, 145, 66, 77, 77, '3332'),
	(798, 145, 78, 77, 77, '3332'),
	(799, 145, 106, 77, 77, '3332'),
	(800, 145, 122, 77, 77, '3332'),
	(801, 145, 178, 77, 77, '3332'),
	(802, 145, 197, 77, 77, '3332'),
	(803, 146, 57, 47, 36, '1222'),
	(804, 146, 173, 47, 36, '1222'),
	(805, 146, 209, 47, 36, '1222'),
	(806, 146, 283, 47, 36, '1222'),
	(807, 147, 13, 61, 96, '50'),
	(808, 147, 108, 61, 96, '50'),
	(809, 147, 240, 61, 96, '50'),
	(810, 148, 76, 90, 54, '2250'),
	(811, 148, 79, 90, 54, '2250'),
	(812, 148, 222, 90, 54, '2250'),
	(813, 148, 240, 90, 54, '2250'),
	(814, 148, 375, 90, 54, '2250'),
	(815, 148, 397, 90, 54, '2250'),
	(816, 149, 21, 8, 80, '1162'),
	(817, 149, 27, 8, 80, '1162'),
	(818, 149, 28, 8, 80, '1162'),
	(819, 149, 87, 8, 80, '1162'),
	(820, 149, 205, 8, 80, '1162'),
	(821, 149, 275, 8, 80, '1162'),
	(822, 150, 19, 18, 32, '5696'),
	(823, 150, 209, 18, 32, '5696'),
	(824, 150, 232, 18, 32, '5696'),
	(825, 150, 241, 18, 32, '5696'),
	(826, 151, 29, 11, 56, '2376'),
	(827, 151, 55, 11, 56, '2376'),
	(828, 151, 180, 11, 56, '2376'),
	(829, 151, 255, 11, 56, '2376'),
	(830, 151, 259, 11, 56, '2376'),
	(831, 151, 332, 11, 56, '2376'),
	(832, 151, 370, 11, 56, '2376'),
	(833, 151, 371, 11, 56, '2376'),
	(834, 151, 387, 11, 56, '2376'),
	(835, 152, 54, 41, 36, '2697'),
	(836, 152, 61, 41, 36, '2697'),
	(837, 152, 86, 41, 36, '2697'),
	(838, 152, 131, 41, 36, '2697'),
	(839, 152, 158, 41, 36, '2697'),
	(840, 152, 197, 41, 36, '2697'),
	(841, 152, 251, 41, 36, '2697'),
	(842, 152, 308, 41, 36, '2697'),
	(843, 152, 382, 41, 36, '2697'),
	(844, 153, 127, 83, 98, '5141'),
	(845, 154, 41, 84, 19, '1325'),
	(846, 154, 138, 84, 19, '1325'),
	(847, 154, 139, 84, 19, '1325'),
	(848, 154, 142, 84, 19, '1325'),
	(849, 154, 163, 84, 19, '1325'),
	(850, 154, 181, 84, 19, '1325'),
	(851, 154, 187, 84, 19, '1325'),
	(852, 154, 196, 84, 19, '1325'),
	(853, 154, 203, 84, 19, '1325'),
	(854, 155, 49, 65, 15, '702'),
	(855, 155, 85, 65, 15, '702'),
	(856, 155, 244, 65, 15, '702'),
	(857, 155, 321, 65, 15, '702'),
	(858, 155, 386, 65, 15, '702'),
	(859, 156, 1, 7, 40, '164'),
	(860, 156, 41, 7, 40, '164'),
	(861, 156, 61, 7, 40, '164'),
	(862, 156, 211, 7, 40, '164'),
	(863, 156, 234, 7, 40, '164'),
	(864, 156, 238, 7, 40, '164'),
	(865, 156, 245, 7, 40, '164'),
	(866, 156, 268, 7, 40, '164'),
	(867, 157, 150, 72, 34, '6216'),
	(868, 157, 155, 72, 34, '6216'),
	(869, 157, 184, 72, 34, '6216'),
	(870, 157, 244, 72, 34, '6216'),
	(871, 158, 18, 32, 98, '325'),
	(872, 158, 58, 32, 98, '325'),
	(873, 158, 69, 32, 98, '325'),
	(874, 158, 142, 32, 98, '325'),
	(875, 158, 160, 32, 98, '325'),
	(876, 158, 244, 32, 98, '325'),
	(877, 158, 274, 32, 98, '325'),
	(878, 158, 337, 32, 98, '325'),
	(879, 158, 354, 32, 98, '325'),
	(880, 159, 17, 11, 56, '2912'),
	(881, 159, 92, 11, 56, '2912'),
	(882, 159, 126, 11, 56, '2912'),
	(883, 159, 199, 11, 56, '2912'),
	(884, 159, 255, 11, 56, '2912'),
	(885, 159, 324, 11, 56, '2912'),
	(886, 159, 372, 11, 56, '2912'),
	(887, 160, 30, 39, 53, '1568'),
	(888, 160, 55, 39, 53, '1568'),
	(889, 160, 132, 39, 53, '1568'),
	(890, 160, 157, 39, 53, '1568'),
	(891, 160, 163, 39, 53, '1568'),
	(892, 160, 200, 39, 53, '1568'),
	(893, 160, 286, 39, 53, '1568'),
	(894, 160, 389, 39, 53, '1568'),
	(895, 161, 20, 15, 84, '2380'),
	(896, 161, 29, 15, 84, '2380'),
	(897, 161, 43, 15, 84, '2380'),
	(898, 161, 55, 15, 84, '2380'),
	(899, 161, 87, 15, 84, '2380'),
	(900, 161, 279, 15, 84, '2380'),
	(901, 161, 391, 15, 84, '2380'),
	(902, 162, 33, 92, 15, '3321'),
	(903, 162, 84, 92, 15, '3321'),
	(904, 162, 247, 92, 15, '3321'),
	(905, 162, 342, 92, 15, '3321'),
	(906, 162, 394, 92, 15, '3321'),
	(907, 163, 40, 16, 12, '5162'),
	(908, 163, 70, 16, 12, '5162'),
	(909, 163, 101, 16, 12, '5162'),
	(910, 163, 226, 16, 12, '5162'),
	(911, 163, 289, 16, 12, '5162'),
	(912, 163, 326, 16, 12, '5162'),
	(913, 163, 352, 16, 12, '5162'),
	(914, 164, 105, 31, 60, '2176'),
	(915, 164, 135, 31, 60, '2176'),
	(916, 164, 220, 31, 60, '2176'),
	(917, 164, 234, 31, 60, '2176'),
	(918, 164, 260, 31, 60, '2176'),
	(919, 164, 283, 31, 60, '2176'),
	(920, 164, 288, 31, 60, '2176'),
	(921, 164, 361, 31, 60, '2176'),
	(922, 164, 370, 31, 60, '2176'),
	(923, 165, 8, 85, 32, '4420'),
	(924, 165, 214, 85, 32, '4420'),
	(925, 166, 34, 73, 72, '4920'),
	(926, 166, 45, 73, 72, '4920'),
	(927, 166, 52, 73, 72, '4920'),
	(928, 166, 124, 73, 72, '4920'),
	(929, 166, 280, 73, 72, '4920'),
	(930, 166, 282, 73, 72, '4920'),
	(931, 167, 13, 60, 82, '42'),
	(932, 167, 29, 60, 82, '42'),
	(933, 167, 333, 60, 82, '42'),
	(934, 168, 19, 21, 60, '12'),
	(935, 168, 54, 21, 60, '12'),
	(936, 168, 62, 21, 60, '12'),
	(937, 168, 70, 21, 60, '12'),
	(938, 168, 95, 21, 60, '12'),
	(939, 168, 124, 21, 60, '12'),
	(940, 168, 248, 21, 60, '12'),
	(941, 168, 311, 21, 60, '12'),
	(942, 168, 312, 21, 60, '12'),
	(943, 169, 43, 90, 55, '90'),
	(944, 169, 57, 90, 55, '90'),
	(945, 169, 112, 90, 55, '90'),
	(946, 169, 139, 90, 55, '90'),
	(947, 169, 221, 90, 55, '90'),
	(948, 169, 242, 90, 55, '90'),
	(949, 169, 301, 90, 55, '90'),
	(950, 169, 318, 90, 55, '90'),
	(951, 170, 36, 61, 56, '140'),
	(952, 170, 96, 61, 56, '140'),
	(953, 170, 103, 61, 56, '140'),
	(954, 170, 115, 61, 56, '140'),
	(955, 170, 172, 61, 56, '140'),
	(956, 170, 228, 61, 56, '140'),
	(957, 170, 269, 61, 56, '140'),
	(958, 170, 337, 61, 56, '140'),
	(959, 170, 349, 61, 56, '140'),
	(960, 170, 360, 61, 56, '140'),
	(961, 171, 174, 86, 21, '1066'),
	(962, 171, 249, 86, 21, '1066'),
	(963, 171, 323, 86, 21, '1066'),
	(964, 172, 30, 20, 42, '874'),
	(965, 172, 126, 20, 42, '874'),
	(966, 172, 221, 20, 42, '874'),
	(967, 172, 321, 20, 42, '874'),
	(968, 172, 324, 20, 42, '874'),
	(969, 173, 12, 98, 74, '1615'),
	(970, 173, 198, 98, 74, '1615'),
	(971, 173, 222, 98, 74, '1615'),
	(972, 174, 16, 62, 94, '2183'),
	(973, 174, 25, 62, 94, '2183'),
	(974, 174, 37, 62, 94, '2183'),
	(975, 174, 137, 62, 94, '2183'),
	(976, 174, 179, 62, 94, '2183'),
	(977, 174, 209, 62, 94, '2183'),
	(978, 174, 283, 62, 94, '2183'),
	(979, 174, 296, 62, 94, '2183'),
	(980, 174, 300, 62, 94, '2183'),
	(981, 174, 309, 62, 94, '2183'),
	(982, 175, 59, 43, 22, '2508'),
	(983, 175, 120, 43, 22, '2508'),
	(984, 175, 292, 43, 22, '2508'),
	(985, 175, 374, 43, 22, '2508'),
	(986, 176, 230, 30, 23, '4214'),
	(987, 176, 267, 30, 23, '4214'),
	(988, 176, 363, 30, 23, '4214'),
	(989, 176, 396, 30, 23, '4214'),
	(990, 177, 81, 78, 85, '4590'),
	(991, 177, 104, 78, 85, '4590'),
	(992, 177, 108, 78, 85, '4590'),
	(993, 177, 193, 78, 85, '4590'),
	(994, 177, 326, 78, 85, '4590'),
	(995, 177, 331, 78, 85, '4590'),
	(996, 177, 354, 78, 85, '4590'),
	(997, 177, 357, 78, 85, '4590'),
	(998, 178, 51, 67, 61, '576'),
	(999, 178, 54, 67, 61, '576'),
	(1000, 178, 189, 67, 61, '576'),
	(1001, 178, 218, 67, 61, '576'),
	(1002, 178, 228, 67, 61, '576'),
	(1003, 178, 238, 67, 61, '576'),
	(1004, 179, 46, 14, 85, '2691'),
	(1005, 179, 335, 14, 85, '2691'),
	(1006, 179, 337, 14, 85, '2691'),
	(1007, 179, 394, 14, 85, '2691'),
	(1008, 180, 87, 77, 49, '1739'),
	(1009, 180, 120, 77, 49, '1739'),
	(1010, 181, 78, 39, 78, '594'),
	(1011, 181, 95, 39, 78, '594'),
	(1012, 181, 128, 39, 78, '594'),
	(1013, 181, 273, 39, 78, '594'),
	(1014, 181, 322, 39, 78, '594'),
	(1015, 181, 381, 39, 78, '594'),
	(1016, 182, 67, 48, 69, '5694'),
	(1017, 182, 342, 48, 69, '5694'),
	(1018, 183, 48, 52, 77, '1431'),
	(1019, 183, 195, 52, 77, '1431'),
	(1020, 183, 323, 52, 77, '1431'),
	(1021, 183, 340, 52, 77, '1431'),
	(1022, 183, 396, 52, 77, '1431'),
	(1023, 184, 5, 47, 2, '2520'),
	(1024, 184, 146, 47, 2, '2520'),
	(1025, 184, 242, 47, 2, '2520'),
	(1026, 184, 335, 47, 2, '2520'),
	(1027, 185, 145, 55, 65, '512'),
	(1028, 185, 152, 55, 65, '512'),
	(1029, 185, 248, 55, 65, '512'),
	(1030, 185, 249, 55, 65, '512'),
	(1031, 185, 304, 55, 65, '512'),
	(1032, 185, 308, 55, 65, '512'),
	(1033, 185, 316, 55, 65, '512'),
	(1034, 185, 332, 55, 65, '512'),
	(1035, 185, 334, 55, 65, '512'),
	(1036, 185, 364, 55, 65, '512'),
	(1037, 186, 58, 33, 86, '3744'),
	(1038, 186, 59, 33, 86, '3744'),
	(1039, 186, 98, 33, 86, '3744'),
	(1040, 186, 352, 33, 86, '3744'),
	(1041, 187, 60, 47, 74, '704'),
	(1042, 187, 65, 47, 74, '704'),
	(1043, 187, 156, 47, 74, '704'),
	(1044, 187, 177, 47, 74, '704'),
	(1045, 187, 219, 47, 74, '704'),
	(1046, 187, 240, 47, 74, '704'),
	(1047, 187, 262, 47, 74, '704'),
	(1048, 187, 366, 47, 74, '704'),
	(1049, 187, 378, 47, 74, '704'),
	(1050, 188, 313, 18, 10, '3720'),
	(1051, 189, 60, 22, 5, '1755'),
	(1052, 189, 65, 22, 5, '1755'),
	(1053, 189, 90, 22, 5, '1755'),
	(1054, 189, 127, 22, 5, '1755'),
	(1055, 190, 147, 50, 57, '3080'),
	(1056, 190, 334, 50, 57, '3080'),
	(1057, 190, 363, 50, 57, '3080'),
	(1058, 191, 75, 60, 65, '2325'),
	(1059, 191, 117, 60, 65, '2325'),
	(1060, 191, 140, 60, 65, '2325'),
	(1061, 191, 222, 60, 65, '2325'),
	(1062, 192, 5, 95, 12, '1216'),
	(1063, 192, 31, 95, 12, '1216'),
	(1064, 192, 141, 95, 12, '1216'),
	(1065, 192, 184, 95, 12, '1216'),
	(1066, 192, 188, 95, 12, '1216'),
	(1067, 192, 191, 95, 12, '1216'),
	(1068, 192, 195, 95, 12, '1216'),
	(1069, 192, 280, 95, 12, '1216'),
	(1070, 192, 291, 95, 12, '1216'),
	(1071, 192, 340, 95, 12, '1216'),
	(1072, 193, 140, 86, 36, '1274'),
	(1073, 193, 166, 86, 36, '1274'),
	(1074, 193, 195, 86, 36, '1274'),
	(1075, 193, 211, 86, 36, '1274'),
	(1076, 194, 189, 62, 89, '3825'),
	(1077, 195, 59, 49, 8, '7553'),
	(1078, 195, 60, 49, 8, '7553'),
	(1079, 195, 85, 49, 8, '7553'),
	(1080, 195, 90, 49, 8, '7553'),
	(1081, 195, 171, 49, 8, '7553'),
	(1082, 195, 177, 49, 8, '7553'),
	(1083, 195, 213, 49, 8, '7553'),
	(1084, 195, 364, 49, 8, '7553'),
	(1085, 196, 54, 63, 62, '5200'),
	(1086, 196, 126, 63, 62, '5200'),
	(1087, 196, 128, 63, 62, '5200'),
	(1088, 196, 276, 63, 62, '5200'),
	(1089, 196, 330, 63, 62, '5200'),
	(1090, 196, 373, 63, 62, '5200'),
	(1091, 197, 181, 5, 64, '130'),
	(1092, 197, 215, 5, 64, '130'),
	(1093, 198, 112, 49, 73, '4104'),
	(1094, 198, 161, 49, 73, '4104'),
	(1095, 198, 350, 49, 73, '4104'),
	(1096, 199, 8, 28, 13, '792'),
	(1097, 199, 54, 28, 13, '792'),
	(1098, 199, 161, 28, 13, '792'),
	(1099, 199, 286, 28, 13, '792'),
	(1100, 200, 58, 12, 37, '1029'),
	(1101, 200, 131, 12, 37, '1029'),
	(1102, 200, 394, 12, 37, '1029'),
	(1103, 200, 396, 12, 37, '1029'),
	(1104, 201, 74, 16, 41, '1170'),
	(1105, 201, 152, 16, 41, '1170'),
	(1106, 201, 158, 16, 41, '1170'),
	(1107, 201, 217, 16, 41, '1170'),
	(1108, 201, 219, 16, 41, '1170'),
	(1109, 201, 318, 16, 41, '1170'),
	(1110, 201, 348, 16, 41, '1170'),
	(1111, 202, 80, 2, 100, '2508'),
	(1112, 202, 143, 2, 100, '2508'),
	(1113, 202, 209, 2, 100, '2508'),
	(1114, 202, 220, 2, 100, '2508'),
	(1115, 203, 116, 71, 73, '2800'),
	(1116, 203, 329, 71, 73, '2800'),
	(1117, 204, 6, 72, 9, '629'),
	(1118, 204, 65, 72, 9, '629'),
	(1119, 204, 68, 72, 9, '629'),
	(1120, 204, 97, 72, 9, '629'),
	(1121, 204, 115, 72, 9, '629'),
	(1122, 204, 137, 72, 9, '629'),
	(1123, 204, 223, 72, 9, '629'),
	(1124, 204, 333, 72, 9, '629'),
	(1125, 204, 374, 72, 9, '629'),
	(1126, 205, 7, 14, 81, '732'),
	(1127, 205, 63, 14, 81, '732'),
	(1128, 205, 119, 14, 81, '732'),
	(1129, 205, 156, 14, 81, '732'),
	(1130, 206, 346, 1, 8, '5300'),
	(1131, 207, 1, 20, 87, '2139'),
	(1132, 207, 34, 20, 87, '2139'),
	(1133, 207, 80, 20, 87, '2139'),
	(1134, 207, 81, 20, 87, '2139'),
	(1135, 207, 104, 20, 87, '2139'),
	(1136, 207, 119, 20, 87, '2139'),
	(1137, 207, 130, 20, 87, '2139'),
	(1138, 207, 260, 20, 87, '2139'),
	(1139, 207, 388, 20, 87, '2139'),
	(1140, 208, 273, 85, 25, '5481'),
	(1141, 208, 383, 85, 25, '5481'),
	(1142, 209, 26, 45, 28, '30'),
	(1143, 210, 46, 23, 43, '1679'),
	(1144, 210, 78, 23, 43, '1679'),
	(1145, 210, 96, 23, 43, '1679'),
	(1146, 210, 161, 23, 43, '1679'),
	(1147, 210, 228, 23, 43, '1679'),
	(1148, 210, 375, 23, 43, '1679'),
	(1149, 211, 46, 44, 53, '1924'),
	(1150, 211, 75, 44, 53, '1924'),
	(1151, 211, 129, 44, 53, '1924'),
	(1152, 211, 164, 44, 53, '1924'),
	(1153, 211, 204, 44, 53, '1924'),
	(1154, 211, 240, 44, 53, '1924'),
	(1155, 211, 253, 44, 53, '1924'),
	(1156, 211, 256, 44, 53, '1924'),
	(1157, 212, 25, 67, 53, '810'),
	(1158, 212, 75, 67, 53, '810'),
	(1159, 212, 81, 67, 53, '810'),
	(1160, 212, 98, 67, 53, '810'),
	(1161, 212, 278, 67, 53, '810'),
	(1162, 212, 326, 67, 53, '810'),
	(1163, 212, 366, 67, 53, '810'),
	(1164, 213, 24, 57, 96, '9025'),
	(1165, 214, 212, 47, 53, '540'),
	(1166, 215, 12, 60, 50, '1239'),
	(1167, 215, 88, 60, 50, '1239'),
	(1168, 215, 303, 60, 50, '1239'),
	(1169, 216, 282, 68, 56, '5040'),
	(1170, 216, 325, 68, 56, '5040'),
	(1171, 216, 399, 68, 56, '5040'),
	(1172, 217, 45, 12, 46, '1998'),
	(1173, 217, 73, 12, 46, '1998'),
	(1174, 217, 156, 12, 46, '1998'),
	(1175, 217, 240, 12, 46, '1998'),
	(1176, 218, 38, 5, 53, '4896'),
	(1177, 218, 53, 5, 53, '4896'),
	(1178, 218, 58, 5, 53, '4896'),
	(1179, 218, 87, 5, 53, '4896'),
	(1180, 218, 119, 5, 53, '4896'),
	(1181, 218, 255, 5, 53, '4896'),
	(1182, 218, 312, 5, 53, '4896'),
	(1183, 218, 355, 5, 53, '4896'),
	(1184, 218, 381, 5, 53, '4896'),
	(1185, 219, 27, 77, 51, '2016'),
	(1186, 219, 61, 77, 51, '2016'),
	(1187, 219, 137, 77, 51, '2016'),
	(1188, 219, 282, 77, 51, '2016'),
	(1189, 219, 388, 77, 51, '2016'),
	(1190, 220, 36, 77, 1, '5412'),
	(1191, 220, 152, 77, 1, '5412'),
	(1192, 220, 241, 77, 1, '5412'),
	(1193, 220, 246, 77, 1, '5412'),
	(1194, 220, 293, 77, 1, '5412'),
	(1195, 221, 30, 61, 47, '1890'),
	(1196, 222, 16, 44, 9, '1079'),
	(1197, 222, 72, 44, 9, '1079'),
	(1198, 222, 74, 44, 9, '1079'),
	(1199, 222, 123, 44, 9, '1079'),
	(1200, 222, 144, 44, 9, '1079'),
	(1201, 222, 214, 44, 9, '1079'),
	(1202, 222, 253, 44, 9, '1079'),
	(1203, 222, 307, 44, 9, '1079'),
	(1204, 223, 10, 4, 15, '360'),
	(1205, 223, 29, 4, 15, '360'),
	(1206, 223, 83, 4, 15, '360'),
	(1207, 223, 161, 4, 15, '360'),
	(1208, 223, 251, 4, 15, '360'),
	(1209, 223, 394, 4, 15, '360'),
	(1210, 224, 8, 19, 82, '553'),
	(1211, 224, 64, 19, 82, '553'),
	(1212, 224, 161, 19, 82, '553'),
	(1213, 224, 221, 19, 82, '553'),
	(1214, 224, 230, 19, 82, '553'),
	(1215, 224, 353, 19, 82, '553'),
	(1216, 225, 6, 29, 52, '6075'),
	(1217, 225, 95, 29, 52, '6075'),
	(1218, 225, 109, 29, 52, '6075'),
	(1219, 225, 215, 29, 52, '6075'),
	(1220, 225, 230, 29, 52, '6075'),
	(1221, 225, 361, 29, 52, '6075'),
	(1222, 226, 38, 73, 41, '869'),
	(1223, 226, 165, 73, 41, '869'),
	(1224, 226, 172, 73, 41, '869'),
	(1225, 226, 245, 73, 41, '869'),
	(1226, 226, 275, 73, 41, '869'),
	(1227, 226, 300, 73, 41, '869'),
	(1228, 226, 371, 73, 41, '869'),
	(1229, 227, 52, 74, 58, '1540'),
	(1230, 227, 57, 74, 58, '1540'),
	(1231, 227, 60, 74, 58, '1540'),
	(1232, 227, 125, 74, 58, '1540'),
	(1233, 227, 349, 74, 58, '1540'),
	(1234, 227, 350, 74, 58, '1540'),
	(1235, 227, 364, 74, 58, '1540'),
	(1236, 228, 62, 35, 83, '68'),
	(1237, 228, 218, 35, 83, '68'),
	(1238, 228, 307, 35, 83, '68'),
	(1239, 228, 335, 35, 83, '68'),
	(1240, 228, 348, 35, 83, '68'),
	(1241, 228, 369, 35, 83, '68'),
	(1242, 229, 87, 88, 26, '950'),
	(1243, 229, 104, 88, 26, '950'),
	(1244, 229, 133, 88, 26, '950'),
	(1245, 229, 308, 88, 26, '950'),
	(1246, 230, 65, 84, 57, '273'),
	(1247, 230, 70, 84, 57, '273'),
	(1248, 230, 112, 84, 57, '273'),
	(1249, 230, 206, 84, 57, '273'),
	(1250, 230, 221, 84, 57, '273'),
	(1251, 230, 258, 84, 57, '273'),
	(1252, 230, 265, 84, 57, '273'),
	(1253, 230, 350, 84, 57, '273'),
	(1254, 231, 283, 3, 39, '288'),
	(1255, 231, 305, 3, 39, '288'),
	(1256, 232, 31, 16, 47, '2134'),
	(1257, 232, 70, 16, 47, '2134'),
	(1258, 232, 157, 16, 47, '2134'),
	(1259, 232, 167, 16, 47, '2134'),
	(1260, 232, 228, 16, 47, '2134'),
	(1261, 232, 309, 16, 47, '2134'),
	(1262, 232, 334, 16, 47, '2134'),
	(1263, 232, 350, 16, 47, '2134'),
	(1264, 232, 386, 16, 47, '2134'),
	(1265, 233, 11, 65, 48, '56'),
	(1266, 233, 22, 65, 48, '56'),
	(1267, 233, 31, 65, 48, '56'),
	(1268, 233, 45, 65, 48, '56'),
	(1269, 233, 86, 65, 48, '56'),
	(1270, 233, 115, 65, 48, '56'),
	(1271, 233, 122, 65, 48, '56'),
	(1272, 233, 132, 65, 48, '56'),
	(1273, 233, 234, 65, 48, '56'),
	(1274, 233, 367, 65, 48, '56'),
	(1275, 234, 11, 1, 95, '714'),
	(1276, 234, 111, 1, 95, '714'),
	(1277, 234, 180, 1, 95, '714'),
	(1278, 234, 218, 1, 95, '714'),
	(1279, 234, 312, 1, 95, '714'),
	(1280, 234, 331, 1, 95, '714'),
	(1281, 234, 333, 1, 95, '714'),
	(1282, 234, 363, 1, 95, '714'),
	(1283, 234, 399, 1, 95, '714'),
	(1284, 235, 27, 68, 100, '3250'),
	(1285, 235, 156, 68, 100, '3250'),
	(1286, 235, 158, 68, 100, '3250'),
	(1287, 235, 164, 68, 100, '3250'),
	(1288, 235, 167, 68, 100, '3250'),
	(1289, 235, 171, 68, 100, '3250'),
	(1290, 235, 201, 68, 100, '3250'),
	(1291, 235, 223, 68, 100, '3250'),
	(1292, 235, 302, 68, 100, '3250'),
	(1293, 235, 305, 68, 100, '3250'),
	(1294, 236, 64, 69, 24, '3003'),
	(1295, 236, 80, 69, 24, '3003'),
	(1296, 236, 126, 69, 24, '3003'),
	(1297, 236, 234, 69, 24, '3003'),
	(1298, 236, 240, 69, 24, '3003'),
	(1299, 236, 295, 69, 24, '3003'),
	(1300, 236, 365, 69, 24, '3003'),
	(1301, 237, 19, 30, 85, '8730'),
	(1302, 237, 48, 30, 85, '8730'),
	(1303, 237, 117, 30, 85, '8730'),
	(1304, 237, 136, 30, 85, '8730'),
	(1305, 237, 231, 30, 85, '8730'),
	(1306, 237, 260, 30, 85, '8730'),
	(1307, 237, 299, 30, 85, '8730'),
	(1308, 238, 102, 56, 88, '759'),
	(1309, 238, 180, 56, 88, '759'),
	(1310, 238, 281, 56, 88, '759'),
	(1311, 239, 41, 19, 30, '1280'),
	(1312, 239, 139, 19, 30, '1280'),
	(1313, 239, 227, 19, 30, '1280'),
	(1314, 239, 257, 19, 30, '1280'),
	(1315, 239, 300, 19, 30, '1280'),
	(1316, 239, 305, 19, 30, '1280'),
	(1317, 239, 338, 19, 30, '1280'),
	(1318, 239, 382, 19, 30, '1280'),
	(1319, 239, 385, 19, 30, '1280'),
	(1320, 240, 4, 30, 17, '1650'),
	(1321, 240, 122, 30, 17, '1650'),
	(1322, 240, 240, 30, 17, '1650'),
	(1323, 240, 254, 30, 17, '1650'),
	(1324, 241, 33, 49, 39, '1980'),
	(1325, 241, 178, 49, 39, '1980'),
	(1326, 241, 274, 49, 39, '1980'),
	(1327, 241, 283, 49, 39, '1980'),
	(1328, 241, 307, 49, 39, '1980'),
	(1329, 241, 381, 49, 39, '1980'),
	(1330, 241, 388, 49, 39, '1980'),
	(1331, 242, 65, 94, 22, '1496'),
	(1332, 242, 128, 94, 22, '1496'),
	(1333, 242, 171, 94, 22, '1496'),
	(1334, 242, 267, 94, 22, '1496'),
	(1335, 242, 277, 94, 22, '1496'),
	(1336, 242, 377, 94, 22, '1496'),
	(1337, 243, 4, 94, 57, '3000'),
	(1338, 243, 32, 94, 57, '3000'),
	(1339, 243, 146, 94, 57, '3000'),
	(1340, 243, 232, 94, 57, '3000'),
	(1341, 244, 6, 11, 23, '1989'),
	(1342, 244, 61, 11, 23, '1989'),
	(1343, 244, 209, 11, 23, '1989'),
	(1344, 244, 229, 11, 23, '1989'),
	(1345, 244, 256, 11, 23, '1989'),
	(1346, 245, 108, 11, 86, '1008'),
	(1347, 245, 322, 11, 86, '1008'),
	(1348, 246, 4, 65, 90, '192'),
	(1349, 246, 48, 65, 90, '192'),
	(1350, 246, 60, 65, 90, '192'),
	(1351, 246, 156, 65, 90, '192'),
	(1352, 246, 211, 65, 90, '192'),
	(1353, 246, 329, 65, 90, '192'),
	(1354, 247, 111, 29, 35, '2016'),
	(1355, 247, 125, 29, 35, '2016'),
	(1356, 247, 188, 29, 35, '2016'),
	(1357, 247, 228, 29, 35, '2016'),
	(1358, 247, 269, 29, 35, '2016'),
	(1359, 247, 323, 29, 35, '2016'),
	(1360, 247, 353, 29, 35, '2016'),
	(1361, 247, 394, 29, 35, '2016'),
	(1362, 248, 119, 62, 19, '616'),
	(1363, 249, 71, 90, 9, '4050'),
	(1364, 249, 172, 90, 9, '4050'),
	(1365, 249, 326, 90, 9, '4050'),
	(1366, 249, 350, 90, 9, '4050'),
	(1367, 250, 101, 42, 17, '7584'),
	(1368, 250, 107, 42, 17, '7584'),
	(1369, 250, 123, 42, 17, '7584'),
	(1370, 250, 286, 42, 17, '7584'),
	(1371, 250, 298, 42, 17, '7584'),
	(1372, 250, 307, 42, 17, '7584'),
	(1373, 250, 376, 42, 17, '7584'),
	(1374, 251, 16, 19, 21, '2773'),
	(1375, 251, 22, 19, 21, '2773'),
	(1376, 251, 51, 19, 21, '2773'),
	(1377, 251, 62, 19, 21, '2773'),
	(1378, 251, 98, 19, 21, '2773'),
	(1379, 251, 166, 19, 21, '2773'),
	(1380, 251, 237, 19, 21, '2773'),
	(1381, 251, 321, 19, 21, '2773'),
	(1382, 252, 60, 77, 5, '736'),
	(1383, 252, 105, 77, 5, '736'),
	(1384, 252, 133, 77, 5, '736'),
	(1385, 252, 202, 77, 5, '736'),
	(1386, 252, 270, 77, 5, '736'),
	(1387, 252, 275, 77, 5, '736'),
	(1388, 252, 289, 77, 5, '736'),
	(1389, 252, 335, 77, 5, '736'),
	(1390, 252, 369, 77, 5, '736'),
	(1391, 253, 1, 55, 20, '300'),
	(1392, 253, 116, 55, 20, '300'),
	(1393, 253, 136, 55, 20, '300'),
	(1394, 253, 174, 55, 20, '300'),
	(1395, 253, 239, 55, 20, '300'),
	(1396, 253, 323, 55, 20, '300'),
	(1397, 253, 365, 55, 20, '300'),
	(1398, 253, 382, 55, 20, '300'),
	(1399, 254, 171, 73, 7, '3234'),
	(1400, 255, 27, 65, 19, '3007'),
	(1401, 255, 82, 65, 19, '3007'),
	(1402, 255, 205, 65, 19, '3007'),
	(1403, 255, 229, 65, 19, '3007'),
	(1404, 255, 250, 65, 19, '3007'),
	(1405, 255, 254, 65, 19, '3007'),
	(1406, 255, 377, 65, 19, '3007'),
	(1407, 256, 30, 12, 82, '1239'),
	(1408, 256, 82, 12, 82, '1239'),
	(1409, 256, 114, 12, 82, '1239'),
	(1410, 256, 207, 12, 82, '1239'),
	(1411, 256, 298, 12, 82, '1239'),
	(1412, 256, 337, 12, 82, '1239'),
	(1413, 256, 343, 12, 82, '1239'),
	(1414, 257, 61, 54, 26, '24'),
	(1415, 257, 64, 54, 26, '24'),
	(1416, 257, 81, 54, 26, '24'),
	(1417, 257, 140, 54, 26, '24'),
	(1418, 257, 153, 54, 26, '24'),
	(1419, 257, 157, 54, 26, '24'),
	(1420, 257, 176, 54, 26, '24'),
	(1421, 257, 205, 54, 26, '24'),
	(1422, 257, 279, 54, 26, '24'),
	(1423, 257, 373, 54, 26, '24'),
	(1424, 258, 53, 58, 21, '224'),
	(1425, 258, 248, 58, 21, '224'),
	(1426, 258, 346, 58, 21, '224'),
	(1427, 259, 62, 94, 70, '5046'),
	(1428, 259, 92, 94, 70, '5046'),
	(1429, 259, 127, 94, 70, '5046'),
	(1430, 259, 159, 94, 70, '5046'),
	(1431, 259, 204, 94, 70, '5046'),
	(1432, 259, 273, 94, 70, '5046'),
	(1433, 259, 358, 94, 70, '5046'),
	(1434, 260, 52, 67, 83, '4698'),
	(1435, 260, 59, 67, 83, '4698'),
	(1436, 260, 69, 67, 83, '4698'),
	(1437, 260, 71, 67, 83, '4698'),
	(1438, 260, 74, 67, 83, '4698'),
	(1439, 260, 78, 67, 83, '4698'),
	(1440, 260, 86, 67, 83, '4698'),
	(1441, 260, 167, 67, 83, '4698'),
	(1442, 260, 250, 67, 83, '4698'),
	(1443, 260, 305, 67, 83, '4698'),
	(1444, 261, 171, 59, 35, '7296'),
	(1445, 261, 213, 59, 35, '7296'),
	(1446, 261, 266, 59, 35, '7296'),
	(1447, 261, 380, 59, 35, '7296'),
	(1448, 262, 173, 78, 28, '594'),
	(1449, 262, 197, 78, 28, '594'),
	(1450, 262, 212, 78, 28, '594'),
	(1451, 262, 312, 78, 28, '594'),
	(1452, 262, 376, 78, 28, '594'),
	(1453, 263, 10, 38, 72, '3634'),
	(1454, 263, 295, 38, 72, '3634'),
	(1455, 263, 334, 38, 72, '3634'),
	(1456, 263, 355, 38, 72, '3634'),
	(1457, 263, 376, 38, 72, '3634'),
	(1458, 264, 147, 61, 92, '1190'),
	(1459, 264, 208, 61, 92, '1190'),
	(1460, 264, 210, 61, 92, '1190'),
	(1461, 264, 216, 61, 92, '1190'),
	(1462, 264, 256, 61, 92, '1190'),
	(1463, 264, 259, 61, 92, '1190'),
	(1464, 264, 298, 61, 92, '1190'),
	(1465, 264, 352, 61, 92, '1190'),
	(1466, 265, 11, 69, 19, '222'),
	(1467, 265, 170, 69, 19, '222'),
	(1468, 265, 199, 69, 19, '222'),
	(1469, 265, 241, 69, 19, '222'),
	(1470, 265, 264, 69, 19, '222'),
	(1471, 265, 269, 69, 19, '222'),
	(1472, 265, 286, 69, 19, '222'),
	(1473, 265, 302, 69, 19, '222'),
	(1474, 265, 372, 69, 19, '222'),
	(1475, 266, 168, 35, 28, '2900'),
	(1476, 266, 384, 35, 28, '2900'),
	(1477, 267, 205, 50, 13, '7110'),
	(1478, 268, 40, 66, 57, '3440'),
	(1479, 268, 83, 66, 57, '3440'),
	(1480, 268, 205, 66, 57, '3440'),
	(1481, 268, 297, 66, 57, '3440'),
	(1482, 268, 324, 66, 57, '3440'),
	(1483, 268, 359, 66, 57, '3440'),
	(1484, 268, 361, 66, 57, '3440'),
	(1485, 268, 372, 66, 57, '3440'),
	(1486, 268, 383, 66, 57, '3440'),
	(1487, 269, 64, 72, 29, '860'),
	(1488, 269, 119, 72, 29, '860'),
	(1489, 269, 161, 72, 29, '860'),
	(1490, 270, 194, 75, 45, '228'),
	(1491, 270, 211, 75, 45, '228'),
	(1492, 271, 43, 62, 66, '2961'),
	(1493, 271, 66, 62, 66, '2961'),
	(1494, 272, 71, 33, 38, '704'),
	(1495, 272, 101, 33, 38, '704'),
	(1496, 272, 209, 33, 38, '704'),
	(1497, 272, 228, 33, 38, '704'),
	(1498, 272, 382, 33, 38, '704'),
	(1499, 273, 4, 18, 77, '2430'),
	(1500, 273, 41, 18, 77, '2430'),
	(1501, 273, 57, 18, 77, '2430'),
	(1502, 273, 83, 18, 77, '2430'),
	(1503, 273, 274, 18, 77, '2430'),
	(1504, 273, 335, 18, 77, '2430'),
	(1505, 273, 363, 18, 77, '2430'),
	(1506, 274, 100, 21, 11, '1330'),
	(1507, 274, 110, 21, 11, '1330'),
	(1508, 274, 125, 21, 11, '1330'),
	(1509, 274, 288, 21, 11, '1330'),
	(1510, 274, 298, 21, 11, '1330'),
	(1511, 274, 376, 21, 11, '1330'),
	(1512, 275, 38, 78, 55, '5022'),
	(1513, 275, 47, 78, 55, '5022'),
	(1514, 275, 152, 78, 55, '5022'),
	(1515, 275, 161, 78, 55, '5022'),
	(1516, 275, 195, 78, 55, '5022'),
	(1517, 275, 199, 78, 55, '5022'),
	(1518, 275, 280, 78, 55, '5022'),
	(1519, 276, 19, 13, 54, '3395'),
	(1520, 276, 32, 13, 54, '3395'),
	(1521, 276, 95, 13, 54, '3395'),
	(1522, 276, 126, 13, 54, '3395'),
	(1523, 276, 140, 13, 54, '3395'),
	(1524, 276, 143, 13, 54, '3395'),
	(1525, 276, 162, 13, 54, '3395'),
	(1526, 276, 172, 13, 54, '3395'),
	(1527, 276, 310, 13, 54, '3395'),
	(1528, 277, 150, 15, 75, '1672'),
	(1529, 277, 264, 15, 75, '1672'),
	(1530, 277, 327, 15, 75, '1672'),
	(1531, 278, 13, 27, 80, '3750'),
	(1532, 278, 188, 27, 80, '3750'),
	(1533, 278, 203, 27, 80, '3750'),
	(1534, 278, 224, 27, 80, '3750'),
	(1535, 278, 272, 27, 80, '3750'),
	(1536, 279, 13, 39, 81, '1932'),
	(1537, 279, 23, 39, 81, '1932'),
	(1538, 279, 40, 39, 81, '1932'),
	(1539, 279, 270, 39, 81, '1932'),
	(1540, 279, 368, 39, 81, '1932'),
	(1541, 280, 91, 13, 38, '2960'),
	(1542, 280, 120, 13, 38, '2960'),
	(1543, 280, 195, 13, 38, '2960'),
	(1544, 280, 280, 13, 38, '2960'),
	(1545, 280, 378, 13, 38, '2960'),
	(1546, 281, 120, 38, 36, '6192'),
	(1547, 281, 367, 38, 36, '6192'),
	(1548, 282, 122, 23, 2, '3422'),
	(1549, 282, 176, 23, 2, '3422'),
	(1550, 282, 264, 23, 2, '3422'),
	(1551, 282, 292, 23, 2, '3422'),
	(1552, 282, 395, 23, 2, '3422'),
	(1553, 283, 157, 56, 33, '740'),
	(1554, 283, 230, 56, 33, '740'),
	(1555, 283, 294, 56, 33, '740'),
	(1556, 284, 92, 49, 9, '3080'),
	(1557, 284, 121, 49, 9, '3080'),
	(1558, 284, 186, 49, 9, '3080'),
	(1559, 284, 238, 49, 9, '3080'),
	(1560, 284, 256, 49, 9, '3080'),
	(1561, 284, 265, 49, 9, '3080'),
	(1562, 284, 296, 49, 9, '3080'),
	(1563, 284, 315, 49, 9, '3080'),
	(1564, 284, 340, 49, 9, '3080'),
	(1565, 284, 379, 49, 9, '3080'),
	(1566, 285, 52, 91, 24, '90'),
	(1567, 285, 88, 91, 24, '90'),
	(1568, 285, 158, 91, 24, '90'),
	(1569, 285, 269, 91, 24, '90'),
	(1570, 285, 279, 91, 24, '90'),
	(1571, 285, 291, 91, 24, '90'),
	(1572, 285, 359, 91, 24, '90'),
	(1573, 286, 10, 28, 27, '3762'),
	(1574, 286, 56, 28, 27, '3762'),
	(1575, 286, 85, 28, 27, '3762'),
	(1576, 287, 39, 57, 56, '195'),
	(1577, 287, 92, 57, 56, '195'),
	(1578, 287, 299, 57, 56, '195'),
	(1579, 288, 24, 29, 74, '243'),
	(1580, 288, 125, 29, 74, '243'),
	(1581, 288, 130, 29, 74, '243'),
	(1582, 288, 168, 29, 74, '243'),
	(1583, 288, 200, 29, 74, '243'),
	(1584, 288, 205, 29, 74, '243'),
	(1585, 288, 210, 29, 74, '243'),
	(1586, 288, 288, 29, 74, '243'),
	(1587, 289, 199, 56, 90, '5640'),
	(1588, 289, 290, 56, 90, '5640'),
	(1589, 290, 82, 100, 66, '3960'),
	(1590, 290, 115, 100, 66, '3960'),
	(1591, 290, 240, 100, 66, '3960'),
	(1592, 290, 268, 100, 66, '3960'),
	(1593, 290, 331, 100, 66, '3960'),
	(1594, 290, 338, 100, 66, '3960'),
	(1595, 290, 347, 100, 66, '3960'),
	(1596, 291, 108, 1, 2, '2107'),
	(1597, 291, 205, 1, 2, '2107'),
	(1598, 291, 247, 1, 2, '2107'),
	(1599, 292, 280, 50, 3, '3740'),
	(1600, 293, 62, 27, 10, '500'),
	(1601, 294, 27, 57, 30, '432'),
	(1602, 294, 68, 57, 30, '432'),
	(1603, 294, 112, 57, 30, '432'),
	(1604, 294, 146, 57, 30, '432'),
	(1605, 294, 181, 57, 30, '432'),
	(1606, 294, 241, 57, 30, '432'),
	(1607, 294, 274, 57, 30, '432'),
	(1608, 294, 308, 57, 30, '432'),
	(1609, 294, 312, 57, 30, '432'),
	(1610, 294, 344, 57, 30, '432'),
	(1611, 295, 152, 4, 36, '3869'),
	(1612, 295, 170, 4, 36, '3869'),
	(1613, 295, 236, 4, 36, '3869'),
	(1614, 295, 244, 4, 36, '3869'),
	(1615, 296, 10, 71, 90, '3240'),
	(1616, 296, 44, 71, 90, '3240'),
	(1617, 296, 53, 71, 90, '3240'),
	(1618, 296, 197, 71, 90, '3240'),
	(1619, 296, 209, 71, 90, '3240'),
	(1620, 296, 239, 71, 90, '3240'),
	(1621, 297, 235, 30, 54, '7905'),
	(1622, 298, 40, 94, 75, '1360'),
	(1623, 298, 107, 94, 75, '1360'),
	(1624, 298, 126, 94, 75, '1360'),
	(1625, 298, 139, 94, 75, '1360'),
	(1626, 298, 307, 94, 75, '1360'),
	(1627, 298, 320, 94, 75, '1360'),
	(1628, 298, 396, 94, 75, '1360'),
	(1629, 299, 24, 25, 94, '3003'),
	(1630, 299, 191, 25, 94, '3003'),
	(1631, 299, 344, 25, 94, '3003'),
	(1632, 300, 24, 36, 48, '1344'),
	(1633, 300, 56, 36, 48, '1344'),
	(1634, 300, 119, 36, 48, '1344'),
	(1635, 300, 146, 36, 48, '1344'),
	(1636, 300, 157, 36, 48, '1344'),
	(1637, 300, 176, 36, 48, '1344'),
	(1638, 300, 313, 36, 48, '1344'),
	(1639, 300, 347, 36, 48, '1344'),
	(1640, 301, 20, 24, 82, '748'),
	(1641, 301, 106, 24, 82, '748'),
	(1642, 301, 114, 24, 82, '748'),
	(1643, 301, 153, 24, 82, '748'),
	(1644, 301, 223, 24, 82, '748'),
	(1645, 301, 268, 24, 82, '748'),
	(1646, 301, 322, 24, 82, '748'),
	(1647, 301, 348, 24, 82, '748'),
	(1648, 301, 397, 24, 82, '748'),
	(1649, 302, 298, 47, 93, '5135'),
	(1650, 302, 368, 47, 93, '5135'),
	(1651, 303, 24, 88, 27, '8200'),
	(1652, 303, 94, 88, 27, '8200'),
	(1653, 303, 167, 88, 27, '8200'),
	(1654, 303, 175, 88, 27, '8200'),
	(1655, 303, 200, 88, 27, '8200'),
	(1656, 303, 281, 88, 27, '8200'),
	(1657, 303, 292, 88, 27, '8200'),
	(1658, 303, 318, 88, 27, '8200'),
	(1659, 303, 319, 88, 27, '8200'),
	(1660, 303, 373, 88, 27, '8200'),
	(1661, 304, 259, 18, 84, '2747'),
	(1662, 304, 341, 18, 84, '2747'),
	(1663, 305, 10, 91, 66, '2660'),
	(1664, 305, 172, 91, 66, '2660'),
	(1665, 305, 254, 91, 66, '2660'),
	(1666, 305, 263, 91, 66, '2660'),
	(1667, 305, 294, 91, 66, '2660'),
	(1668, 305, 393, 91, 66, '2660'),
	(1669, 306, 82, 27, 40, '6370'),
	(1670, 306, 287, 27, 40, '6370'),
	(1671, 307, 143, 53, 85, '70'),
	(1672, 307, 162, 53, 85, '70'),
	(1673, 307, 194, 53, 85, '70'),
	(1674, 308, 180, 27, 20, '2325'),
	(1675, 308, 227, 27, 20, '2325'),
	(1676, 308, 282, 27, 20, '2325'),
	(1677, 308, 314, 27, 20, '2325'),
	(1678, 308, 332, 27, 20, '2325'),
	(1679, 308, 337, 27, 20, '2325'),
	(1680, 309, 13, 61, 18, '888'),
	(1681, 309, 80, 61, 18, '888'),
	(1682, 309, 87, 61, 18, '888'),
	(1683, 309, 217, 61, 18, '888'),
	(1684, 309, 225, 61, 18, '888'),
	(1685, 309, 285, 61, 18, '888'),
	(1686, 309, 313, 61, 18, '888'),
	(1687, 309, 323, 61, 18, '888'),
	(1688, 309, 341, 61, 18, '888'),
	(1689, 309, 395, 61, 18, '888'),
	(1690, 310, 24, 6, 71, '2886'),
	(1691, 310, 65, 6, 71, '2886'),
	(1692, 310, 82, 6, 71, '2886'),
	(1693, 310, 127, 6, 71, '2886'),
	(1694, 310, 140, 6, 71, '2886'),
	(1695, 310, 145, 6, 71, '2886'),
	(1696, 311, 83, 60, 71, '1691'),
	(1697, 311, 259, 60, 71, '1691'),
	(1698, 311, 317, 60, 71, '1691'),
	(1699, 311, 381, 60, 71, '1691'),
	(1700, 312, 170, 79, 10, '1890'),
	(1701, 312, 274, 79, 10, '1890'),
	(1702, 312, 278, 79, 10, '1890'),
	(1703, 312, 285, 79, 10, '1890'),
	(1704, 312, 330, 79, 10, '1890'),
	(1705, 312, 376, 79, 10, '1890'),
	(1706, 312, 389, 79, 10, '1890'),
	(1707, 313, 186, 77, 75, '2976'),
	(1708, 313, 246, 77, 75, '2976'),
	(1709, 314, 4, 93, 59, '27'),
	(1710, 314, 30, 93, 59, '27'),
	(1711, 314, 162, 93, 59, '27'),
	(1712, 314, 274, 93, 59, '27'),
	(1713, 314, 348, 93, 59, '27'),
	(1714, 314, 388, 93, 59, '27'),
	(1715, 315, 68, 100, 90, '660'),
	(1716, 315, 80, 100, 90, '660'),
	(1717, 315, 157, 100, 90, '660'),
	(1718, 316, 297, 30, 12, '935'),
	(1719, 317, 29, 65, 46, '957'),
	(1720, 317, 55, 65, 46, '957'),
	(1721, 317, 172, 65, 46, '957'),
	(1722, 317, 194, 65, 46, '957'),
	(1723, 317, 299, 65, 46, '957'),
	(1724, 317, 300, 65, 46, '957'),
	(1725, 317, 357, 65, 46, '957'),
	(1726, 318, 54, 47, 81, '1680'),
	(1727, 318, 95, 47, 81, '1680'),
	(1728, 318, 99, 47, 81, '1680'),
	(1729, 318, 171, 47, 81, '1680'),
	(1730, 318, 210, 47, 81, '1680'),
	(1731, 318, 248, 47, 81, '1680'),
	(1732, 318, 283, 47, 81, '1680'),
	(1733, 318, 344, 47, 81, '1680'),
	(1734, 318, 376, 47, 81, '1680'),
	(1735, 319, 8, 20, 87, '5742'),
	(1736, 319, 187, 20, 87, '5742'),
	(1737, 319, 324, 20, 87, '5742'),
	(1738, 319, 364, 20, 87, '5742'),
	(1739, 319, 376, 20, 87, '5742'),
	(1740, 319, 390, 20, 87, '5742'),
	(1741, 320, 172, 4, 83, '90'),
	(1742, 320, 185, 4, 83, '90'),
	(1743, 320, 186, 4, 83, '90'),
	(1744, 320, 271, 4, 83, '90'),
	(1745, 320, 315, 4, 83, '90'),
	(1746, 320, 347, 4, 83, '90'),
	(1747, 320, 350, 4, 83, '90'),
	(1748, 320, 384, 4, 83, '90'),
	(1749, 321, 15, 94, 34, '4590'),
	(1750, 321, 126, 94, 34, '4590'),
	(1751, 321, 141, 94, 34, '4590'),
	(1752, 321, 159, 94, 34, '4590'),
	(1753, 321, 188, 94, 34, '4590'),
	(1754, 321, 199, 94, 34, '4590'),
	(1755, 321, 282, 94, 34, '4590'),
	(1756, 321, 317, 94, 34, '4590'),
	(1757, 321, 369, 94, 34, '4590'),
	(1758, 322, 22, 58, 27, '6391'),
	(1759, 322, 34, 58, 27, '6391'),
	(1760, 322, 59, 58, 27, '6391'),
	(1761, 322, 60, 58, 27, '6391'),
	(1762, 322, 83, 58, 27, '6391'),
	(1763, 322, 149, 58, 27, '6391'),
	(1764, 322, 303, 58, 27, '6391'),
	(1765, 322, 313, 58, 27, '6391'),
	(1766, 322, 316, 58, 27, '6391'),
	(1767, 323, 31, 42, 32, '2208'),
	(1768, 323, 118, 42, 32, '2208'),
	(1769, 323, 191, 42, 32, '2208'),
	(1770, 323, 236, 42, 32, '2208'),
	(1771, 323, 257, 42, 32, '2208'),
	(1772, 323, 279, 42, 32, '2208'),
	(1773, 324, 10, 5, 87, '966'),
	(1774, 325, 211, 35, 23, '2414'),
	(1775, 325, 347, 35, 23, '2414'),
	(1776, 326, 74, 74, 26, '5460'),
	(1777, 326, 117, 74, 26, '5460'),
	(1778, 326, 138, 74, 26, '5460'),
	(1779, 326, 143, 74, 26, '5460'),
	(1780, 326, 185, 74, 26, '5460'),
	(1781, 326, 223, 74, 26, '5460'),
	(1782, 326, 297, 74, 26, '5460'),
	(1783, 326, 332, 74, 26, '5460'),
	(1784, 326, 335, 74, 26, '5460'),
	(1785, 326, 375, 74, 26, '5460'),
	(1786, 327, 87, 55, 43, '3942'),
	(1787, 327, 131, 55, 43, '3942'),
	(1788, 327, 210, 55, 43, '3942'),
	(1789, 327, 397, 55, 43, '3942'),
	(1790, 328, 53, 68, 64, '5980'),
	(1791, 328, 117, 68, 64, '5980'),
	(1792, 328, 125, 68, 64, '5980'),
	(1793, 328, 165, 68, 64, '5980'),
	(1794, 328, 201, 68, 64, '5980'),
	(1795, 328, 239, 68, 64, '5980'),
	(1796, 328, 257, 68, 64, '5980'),
	(1797, 328, 277, 68, 64, '5980'),
	(1798, 328, 381, 68, 64, '5980'),
	(1799, 328, 384, 68, 64, '5980'),
	(1800, 329, 14, 92, 78, '1008'),
	(1801, 329, 27, 92, 78, '1008'),
	(1802, 329, 158, 92, 78, '1008'),
	(1803, 329, 204, 92, 78, '1008'),
	(1804, 330, 1, 33, 3, '4459'),
	(1805, 330, 52, 33, 3, '4459'),
	(1806, 330, 161, 33, 3, '4459'),
	(1807, 330, 202, 33, 3, '4459'),
	(1808, 330, 210, 33, 3, '4459'),
	(1809, 330, 214, 33, 3, '4459'),
	(1810, 330, 315, 33, 3, '4459'),
	(1811, 331, 136, 48, 1, '2520'),
	(1812, 331, 244, 48, 1, '2520'),
	(1813, 331, 328, 48, 1, '2520'),
	(1814, 332, 272, 59, 61, '7656'),
	(1815, 332, 363, 59, 61, '7656'),
	(1816, 333, 21, 46, 52, '50'),
	(1817, 333, 32, 46, 52, '50'),
	(1818, 333, 56, 46, 52, '50'),
	(1819, 333, 103, 46, 52, '50'),
	(1820, 333, 105, 46, 52, '50'),
	(1821, 333, 197, 46, 52, '50'),
	(1822, 333, 212, 46, 52, '50'),
	(1823, 333, 236, 46, 52, '50'),
	(1824, 333, 284, 46, 52, '50'),
	(1825, 333, 299, 46, 52, '50'),
	(1826, 334, 11, 88, 52, '5022'),
	(1827, 334, 30, 88, 52, '5022'),
	(1828, 334, 59, 88, 52, '5022'),
	(1829, 334, 90, 88, 52, '5022'),
	(1830, 334, 109, 88, 52, '5022'),
	(1831, 334, 138, 88, 52, '5022'),
	(1832, 334, 280, 88, 52, '5022'),
	(1833, 334, 284, 88, 52, '5022'),
	(1834, 335, 32, 2, 27, '3948'),
	(1835, 335, 74, 2, 27, '3948'),
	(1836, 335, 133, 2, 27, '3948'),
	(1837, 335, 166, 2, 27, '3948'),
	(1838, 335, 169, 2, 27, '3948'),
	(1839, 335, 228, 2, 27, '3948'),
	(1840, 335, 334, 2, 27, '3948'),
	(1841, 335, 336, 2, 27, '3948'),
	(1842, 335, 345, 2, 27, '3948'),
	(1843, 336, 201, 2, 58, '836'),
	(1844, 337, 268, 22, 35, '24'),
	(1845, 337, 309, 22, 35, '24'),
	(1846, 337, 368, 22, 35, '24'),
	(1847, 338, 25, 87, 39, '1700'),
	(1848, 338, 260, 87, 39, '1700'),
	(1849, 338, 281, 87, 39, '1700'),
	(1850, 338, 359, 87, 39, '1700'),
	(1851, 339, 164, 19, 78, '222'),
	(1852, 339, 223, 19, 78, '222'),
	(1853, 339, 270, 19, 78, '222'),
	(1854, 339, 339, 19, 78, '222'),
	(1855, 340, 72, 25, 11, '2492'),
	(1856, 340, 119, 25, 11, '2492'),
	(1857, 341, 104, 37, 62, '3654'),
	(1858, 341, 108, 37, 62, '3654'),
	(1859, 341, 217, 37, 62, '3654'),
	(1860, 341, 223, 37, 62, '3654'),
	(1861, 341, 358, 37, 62, '3654'),
	(1862, 341, 389, 37, 62, '3654'),
	(1863, 342, 39, 66, 22, '3250'),
	(1864, 342, 60, 66, 22, '3250'),
	(1865, 342, 199, 66, 22, '3250'),
	(1866, 342, 341, 66, 22, '3250'),
	(1867, 342, 353, 66, 22, '3250'),
	(1868, 343, 125, 63, 42, '1254'),
	(1869, 344, 117, 1, 16, '780'),
	(1870, 344, 154, 1, 16, '780'),
	(1871, 344, 224, 1, 16, '780'),
	(1872, 344, 241, 1, 16, '780'),
	(1873, 344, 296, 1, 16, '780'),
	(1874, 344, 373, 1, 16, '780'),
	(1875, 345, 37, 61, 78, '869'),
	(1876, 345, 74, 61, 78, '869'),
	(1877, 345, 79, 61, 78, '869'),
	(1878, 345, 92, 61, 78, '869'),
	(1879, 345, 102, 61, 78, '869'),
	(1880, 345, 214, 61, 78, '869'),
	(1881, 345, 259, 61, 78, '869'),
	(1882, 345, 305, 61, 78, '869'),
	(1883, 346, 24, 99, 94, '273'),
	(1884, 346, 31, 99, 94, '273'),
	(1885, 346, 73, 99, 94, '273'),
	(1886, 346, 75, 99, 94, '273'),
	(1887, 346, 107, 99, 94, '273'),
	(1888, 346, 128, 99, 94, '273'),
	(1889, 346, 150, 99, 94, '273'),
	(1890, 346, 334, 99, 94, '273'),
	(1891, 346, 355, 99, 94, '273'),
	(1892, 346, 370, 99, 94, '273'),
	(1893, 347, 64, 21, 70, '2730'),
	(1894, 347, 73, 21, 70, '2730'),
	(1895, 347, 80, 21, 70, '2730'),
	(1896, 347, 89, 21, 70, '2730'),
	(1897, 347, 112, 21, 70, '2730'),
	(1898, 347, 173, 21, 70, '2730'),
	(1899, 347, 192, 21, 70, '2730'),
	(1900, 347, 232, 21, 70, '2730'),
	(1901, 347, 235, 21, 70, '2730'),
	(1902, 347, 304, 21, 70, '2730'),
	(1903, 348, 44, 95, 88, '3290'),
	(1904, 348, 75, 95, 88, '3290'),
	(1905, 348, 141, 95, 88, '3290'),
	(1906, 348, 322, 95, 88, '3290'),
	(1907, 348, 355, 95, 88, '3290'),
	(1908, 348, 357, 95, 88, '3290'),
	(1909, 349, 114, 23, 43, '2793'),
	(1910, 349, 165, 23, 43, '2793'),
	(1911, 349, 210, 23, 43, '2793'),
	(1912, 349, 250, 23, 43, '2793'),
	(1913, 349, 350, 23, 43, '2793'),
	(1914, 349, 376, 23, 43, '2793'),
	(1915, 350, 84, 65, 17, '630'),
	(1916, 350, 101, 65, 17, '630'),
	(1917, 350, 144, 65, 17, '630'),
	(1918, 350, 172, 65, 17, '630'),
	(1919, 350, 194, 65, 17, '630'),
	(1920, 350, 387, 65, 17, '630'),
	(1921, 351, 177, 1, 32, '462'),
	(1922, 351, 178, 1, 32, '462'),
	(1923, 351, 281, 1, 32, '462'),
	(1924, 352, 75, 54, 68, '732'),
	(1925, 352, 82, 54, 68, '732'),
	(1926, 352, 314, 54, 68, '732'),
	(1927, 352, 382, 54, 68, '732'),
	(1928, 353, 59, 29, 63, '3440'),
	(1929, 353, 99, 29, 63, '3440'),
	(1930, 353, 216, 29, 63, '3440'),
	(1931, 353, 233, 29, 63, '3440'),
	(1932, 353, 249, 29, 63, '3440'),
	(1933, 353, 312, 29, 63, '3440'),
	(1934, 353, 324, 29, 63, '3440'),
	(1935, 354, 4, 48, 83, '6440'),
	(1936, 354, 138, 48, 83, '6440'),
	(1937, 354, 168, 48, 83, '6440'),
	(1938, 354, 209, 48, 83, '6440'),
	(1939, 354, 222, 48, 83, '6440'),
	(1940, 354, 247, 48, 83, '6440'),
	(1941, 354, 303, 48, 83, '6440'),
	(1942, 354, 385, 48, 83, '6440'),
	(1943, 355, 38, 2, 12, '4480'),
	(1944, 355, 47, 2, 12, '4480'),
	(1945, 355, 74, 2, 12, '4480'),
	(1946, 355, 166, 2, 12, '4480'),
	(1947, 355, 181, 2, 12, '4480'),
	(1948, 355, 202, 2, 12, '4480'),
	(1949, 355, 208, 2, 12, '4480'),
	(1950, 355, 253, 2, 12, '4480'),
	(1951, 355, 385, 2, 12, '4480'),
	(1952, 356, 21, 13, 50, '5548'),
	(1953, 356, 26, 13, 50, '5548'),
	(1954, 356, 51, 13, 50, '5548'),
	(1955, 356, 128, 13, 50, '5548'),
	(1956, 356, 161, 13, 50, '5548'),
	(1957, 356, 345, 13, 50, '5548'),
	(1958, 356, 365, 13, 50, '5548'),
	(1959, 356, 386, 13, 50, '5548'),
	(1960, 357, 58, 29, 18, '4550'),
	(1961, 357, 82, 29, 18, '4550'),
	(1962, 357, 133, 29, 18, '4550'),
	(1963, 357, 179, 29, 18, '4550'),
	(1964, 357, 209, 29, 18, '4550'),
	(1965, 357, 237, 29, 18, '4550'),
	(1966, 357, 277, 29, 18, '4550'),
	(1967, 357, 384, 29, 18, '4550'),
	(1968, 357, 389, 29, 18, '4550'),
	(1969, 358, 10, 88, 34, '1312'),
	(1970, 358, 11, 88, 34, '1312'),
	(1971, 358, 62, 88, 34, '1312'),
	(1972, 358, 105, 88, 34, '1312'),
	(1973, 358, 118, 88, 34, '1312'),
	(1974, 358, 240, 88, 34, '1312'),
	(1975, 358, 293, 88, 34, '1312'),
	(1976, 358, 330, 88, 34, '1312'),
	(1977, 359, 219, 3, 66, '1827'),
	(1978, 359, 282, 3, 66, '1827'),
	(1979, 359, 310, 3, 66, '1827'),
	(1980, 359, 332, 3, 66, '1827'),
	(1981, 359, 364, 3, 66, '1827'),
	(1982, 360, 163, 95, 12, '100'),
	(1983, 360, 293, 95, 12, '100'),
	(1984, 361, 95, 3, 29, '144'),
	(1985, 361, 203, 3, 29, '144'),
	(1986, 361, 255, 3, 29, '144'),
	(1987, 361, 275, 3, 29, '144'),
	(1988, 361, 301, 3, 29, '144'),
	(1989, 361, 314, 3, 29, '144'),
	(1990, 361, 316, 3, 29, '144'),
	(1991, 361, 334, 3, 29, '144'),
	(1992, 361, 395, 3, 29, '144'),
	(1993, 362, 37, 58, 61, '5727'),
	(1994, 362, 147, 58, 61, '5727'),
	(1995, 362, 298, 58, 61, '5727'),
	(1996, 363, 22, 89, 3, '7178'),
	(1997, 363, 154, 89, 3, '7178'),
	(1998, 363, 160, 89, 3, '7178'),
	(1999, 364, 94, 64, 98, '3268'),
	(2000, 364, 388, 64, 98, '3268'),
	(2001, 365, 118, 99, 9, '5694'),
	(2002, 365, 241, 99, 9, '5694'),
	(2003, 365, 258, 99, 9, '5694'),
	(2004, 365, 314, 99, 9, '5694'),
	(2005, 365, 328, 99, 9, '5694'),
	(2006, 365, 331, 99, 9, '5694'),
	(2007, 365, 386, 99, 9, '5694'),
	(2008, 366, 389, 84, 48, '340'),
	(2009, 367, 8, 15, 51, '242'),
	(2010, 367, 225, 15, 51, '242'),
	(2011, 367, 239, 15, 51, '242'),
	(2012, 367, 253, 15, 51, '242'),
	(2013, 367, 271, 15, 51, '242'),
	(2014, 367, 331, 15, 51, '242'),
	(2015, 367, 341, 15, 51, '242'),
	(2016, 368, 107, 30, 16, '1722'),
	(2017, 369, 55, 45, 49, '6636'),
	(2018, 369, 62, 45, 49, '6636'),
	(2019, 369, 269, 45, 49, '6636'),
	(2020, 369, 309, 45, 49, '6636'),
	(2021, 369, 361, 45, 49, '6636'),
	(2022, 370, 143, 30, 63, '2666'),
	(2023, 370, 158, 30, 63, '2666'),
	(2024, 370, 176, 30, 63, '2666'),
	(2025, 370, 231, 30, 63, '2666'),
	(2026, 370, 245, 30, 63, '2666'),
	(2027, 370, 249, 30, 63, '2666'),
	(2028, 370, 254, 30, 63, '2666'),
	(2029, 370, 310, 30, 63, '2666'),
	(2030, 370, 368, 30, 63, '2666'),
	(2031, 370, 379, 30, 63, '2666'),
	(2032, 371, 25, 55, 34, '4180'),
	(2033, 371, 53, 55, 34, '4180'),
	(2034, 371, 228, 55, 34, '4180'),
	(2035, 371, 256, 55, 34, '4180'),
	(2036, 371, 272, 55, 34, '4180'),
	(2037, 372, 87, 19, 96, '952'),
	(2038, 372, 89, 19, 96, '952'),
	(2039, 372, 145, 19, 96, '952'),
	(2040, 372, 258, 19, 96, '952'),
	(2041, 372, 285, 19, 96, '952'),
	(2042, 372, 312, 19, 96, '952'),
	(2043, 372, 332, 19, 96, '952'),
	(2044, 372, 361, 19, 96, '952'),
	(2045, 373, 15, 65, 99, '3149'),
	(2046, 373, 67, 65, 99, '3149'),
	(2047, 373, 74, 65, 99, '3149'),
	(2048, 373, 98, 65, 99, '3149'),
	(2049, 373, 128, 65, 99, '3149'),
	(2050, 373, 146, 65, 99, '3149'),
	(2051, 373, 197, 65, 99, '3149'),
	(2052, 373, 254, 65, 99, '3149'),
	(2053, 373, 377, 65, 99, '3149'),
	(2054, 373, 391, 65, 99, '3149'),
	(2055, 374, 144, 13, 54, '2852'),
	(2056, 375, 8, 88, 29, '7524'),
	(2057, 375, 139, 88, 29, '7524'),
	(2058, 375, 341, 88, 29, '7524'),
	(2059, 375, 393, 88, 29, '7524'),
	(2060, 376, 70, 70, 19, '50'),
	(2061, 377, 7, 4, 88, '1005'),
	(2062, 377, 36, 4, 88, '1005'),
	(2063, 377, 109, 4, 88, '1005'),
	(2064, 377, 166, 4, 88, '1005'),
	(2065, 377, 224, 4, 88, '1005'),
	(2066, 377, 304, 4, 88, '1005'),
	(2067, 377, 343, 4, 88, '1005'),
	(2068, 377, 400, 4, 88, '1005'),
	(2069, 378, 20, 43, 47, '98'),
	(2070, 378, 72, 43, 47, '98'),
	(2071, 378, 100, 43, 47, '98'),
	(2072, 378, 134, 43, 47, '98'),
	(2073, 378, 188, 43, 47, '98'),
	(2074, 378, 226, 43, 47, '98'),
	(2075, 378, 399, 43, 47, '98'),
	(2076, 379, 27, 67, 93, '994'),
	(2077, 379, 81, 67, 93, '994'),
	(2078, 379, 273, 67, 93, '994'),
	(2079, 379, 310, 67, 93, '994'),
	(2080, 379, 344, 67, 93, '994'),
	(2081, 380, 62, 2, 19, '279'),
	(2082, 380, 93, 2, 19, '279'),
	(2083, 380, 186, 2, 19, '279'),
	(2084, 380, 253, 2, 19, '279'),
	(2085, 380, 283, 2, 19, '279'),
	(2086, 380, 320, 2, 19, '279'),
	(2087, 380, 389, 2, 19, '279'),
	(2088, 380, 391, 2, 19, '279'),
	(2089, 381, 39, 41, 26, '6298'),
	(2090, 381, 41, 41, 26, '6298'),
	(2091, 381, 102, 41, 26, '6298'),
	(2092, 381, 166, 41, 26, '6298'),
	(2093, 381, 236, 41, 26, '6298'),
	(2094, 381, 260, 41, 26, '6298'),
	(2095, 381, 312, 41, 26, '6298'),
	(2096, 381, 317, 41, 26, '6298'),
	(2097, 381, 362, 41, 26, '6298'),
	(2098, 381, 379, 41, 26, '6298'),
	(2099, 382, 12, 35, 85, '3525'),
	(2100, 382, 273, 35, 85, '3525'),
	(2101, 382, 331, 35, 85, '3525'),
	(2102, 383, 99, 77, 84, '132'),
	(2103, 383, 217, 77, 84, '132'),
	(2104, 383, 219, 77, 84, '132'),
	(2105, 383, 226, 77, 84, '132'),
	(2106, 383, 229, 77, 84, '132'),
	(2107, 383, 242, 77, 84, '132'),
	(2108, 383, 261, 77, 84, '132'),
	(2109, 383, 297, 77, 84, '132'),
	(2110, 383, 324, 77, 84, '132'),
	(2111, 383, 382, 77, 84, '132'),
	(2112, 384, 16, 86, 82, '1900'),
	(2113, 384, 126, 86, 82, '1900'),
	(2114, 384, 131, 86, 82, '1900'),
	(2115, 384, 378, 86, 82, '1900'),
	(2116, 385, 102, 60, 23, '5952'),
	(2117, 385, 298, 60, 23, '5952'),
	(2118, 385, 342, 60, 23, '5952'),
	(2119, 385, 365, 60, 23, '5952'),
	(2120, 386, 54, 18, 89, '2528'),
	(2121, 386, 78, 18, 89, '2528'),
	(2122, 386, 157, 18, 89, '2528'),
	(2123, 386, 162, 18, 89, '2528'),
	(2124, 386, 218, 18, 89, '2528'),
	(2125, 386, 219, 18, 89, '2528'),
	(2126, 386, 286, 18, 89, '2528'),
	(2127, 387, 30, 43, 64, '1540'),
	(2128, 387, 45, 43, 64, '1540'),
	(2129, 387, 186, 43, 64, '1540'),
	(2130, 387, 245, 43, 64, '1540'),
	(2131, 387, 252, 43, 64, '1540'),
	(2132, 387, 280, 43, 64, '1540'),
	(2133, 388, 337, 91, 23, '2475'),
	(2134, 389, 124, 64, 28, '6660'),
	(2135, 389, 137, 64, 28, '6660'),
	(2136, 390, 97, 21, 46, '244'),
	(2137, 391, 6, 84, 8, '726'),
	(2138, 391, 230, 84, 8, '726'),
	(2139, 391, 276, 84, 8, '726'),
	(2140, 391, 330, 84, 8, '726'),
	(2141, 391, 378, 84, 8, '726'),
	(2142, 392, 4, 42, 88, '3240'),
	(2143, 392, 98, 42, 88, '3240'),
	(2144, 392, 320, 42, 88, '3240'),
	(2145, 392, 379, 42, 88, '3240'),
	(2146, 393, 148, 68, 13, '3298'),
	(2147, 393, 156, 68, 13, '3298'),
	(2148, 393, 191, 68, 13, '3298'),
	(2149, 393, 193, 68, 13, '3298'),
	(2150, 393, 274, 68, 13, '3298'),
	(2151, 393, 295, 68, 13, '3298'),
	(2152, 393, 318, 68, 13, '3298'),
	(2153, 393, 331, 68, 13, '3298'),
	(2154, 393, 361, 68, 13, '3298'),
	(2155, 394, 11, 63, 21, '2520'),
	(2156, 394, 26, 63, 21, '2520'),
	(2157, 394, 42, 63, 21, '2520'),
	(2158, 394, 80, 63, 21, '2520'),
	(2159, 394, 145, 63, 21, '2520'),
	(2160, 394, 184, 63, 21, '2520'),
	(2161, 394, 263, 63, 21, '2520'),
	(2162, 394, 272, 63, 21, '2520'),
	(2163, 394, 389, 63, 21, '2520'),
	(2164, 394, 390, 63, 21, '2520'),
	(2165, 395, 28, 59, 33, '3036'),
	(2166, 395, 55, 59, 33, '3036'),
	(2167, 395, 169, 59, 33, '3036'),
	(2168, 395, 202, 59, 33, '3036'),
	(2169, 395, 328, 59, 33, '3036'),
	(2170, 395, 334, 59, 33, '3036'),
	(2171, 395, 355, 59, 33, '3036'),
	(2172, 396, 247, 47, 11, '560'),
	(2173, 396, 293, 47, 11, '560'),
	(2174, 396, 387, 47, 11, '560'),
	(2175, 397, 26, 75, 30, '1350'),
	(2176, 397, 39, 75, 30, '1350'),
	(2177, 397, 126, 75, 30, '1350'),
	(2178, 397, 153, 75, 30, '1350'),
	(2179, 397, 169, 75, 30, '1350'),
	(2180, 397, 186, 75, 30, '1350'),
	(2181, 397, 236, 75, 30, '1350'),
	(2182, 397, 349, 75, 30, '1350'),
	(2183, 397, 352, 75, 30, '1350'),
	(2184, 398, 50, 17, 67, '2077'),
	(2185, 398, 79, 17, 67, '2077'),
	(2186, 398, 335, 17, 67, '2077'),
	(2187, 398, 352, 17, 67, '2077'),
	(2188, 399, 49, 1, 50, '880'),
	(2189, 399, 53, 1, 50, '880'),
	(2190, 399, 138, 1, 50, '880'),
	(2191, 399, 177, 1, 50, '880'),
	(2192, 399, 201, 1, 50, '880'),
	(2193, 399, 262, 1, 50, '880'),
	(2194, 399, 278, 1, 50, '880'),
	(2195, 400, 173, 78, 84, '1197'),
	(2196, 400, 181, 78, 84, '1197'),
	(2197, 400, 191, 78, 84, '1197'),
	(2198, 400, 274, 78, 84, '1197');

/*!40103 SET TIME_ZONE=IFNULL(@OLD_TIME_ZONE, 'system') */;
/*!40101 SET SQL_MODE=IFNULL(@OLD_SQL_MODE, '') */;
/*!40014 SET FOREIGN_KEY_CHECKS=IFNULL(@OLD_FOREIGN_KEY_CHECKS, 1) */;
/*!40101 SET CHARACTER_SET_CLIENT=@OLD_CHARACTER_SET_CLIENT */;
/*!40111 SET SQL_NOTES=IFNULL(@OLD_SQL_NOTES, 1) */;
